<article dtd-version="1.0" article-type="research-article">
   <front>
      <journal-meta>
         <journal-id xmlns:xlink="http://www.w3.org/1999/xlink" journal-id-type="jstor">envihealpers</journal-id>
         <journal-id xmlns:xlink="http://www.w3.org/1999/xlink" journal-id-type="jstor">j100482</journal-id>
         <journal-title-group xmlns:xlink="http://www.w3.org/1999/xlink">
            <journal-title>Environmental Health Perspectives</journal-title>
         </journal-title-group>
         <publisher>
            <publisher-name>National Institute of Environmental Health Sciences</publisher-name>
         </publisher>
         <issn xmlns:xlink="http://www.w3.org/1999/xlink" pub-type="ppub">00916765</issn>
      </journal-meta>
      <article-meta>
         <article-id xmlns:xlink="http://www.w3.org/1999/xlink" pub-id-type="jstor">20749157</article-id>
         <article-categories>
            <subj-group>
               <subject>Research</subject>
            </subj-group>
         </article-categories>
         <title-group>
            <article-title>HFE H63D Polymorphism as a Modifier of the Effect of Cumulative Lead Exposure on Pulse Pressure: The Normative Aging Study</article-title>
         </title-group>
         <contrib-group>
            <contrib>
               <string-name xmlns:xlink="http://www.w3.org/1999/xlink">
                  <given-names>Aimin</given-names>
                  <surname>Zhang</surname>
               </string-name>
            </contrib>
            <contrib>
               <string-name xmlns:xlink="http://www.w3.org/1999/xlink">
                  <given-names>Sung Kyun</given-names>
                  <surname>Park</surname>
               </string-name>
            </contrib>
            <contrib>
               <string-name xmlns:xlink="http://www.w3.org/1999/xlink">
                  <given-names>Robert O.</given-names>
                  <surname>Wright</surname>
               </string-name>
            </contrib>
            <contrib>
               <string-name xmlns:xlink="http://www.w3.org/1999/xlink">
                  <given-names>Marc G.</given-names>
                  <surname>Weisskopf</surname>
               </string-name>
            </contrib>
            <contrib>
               <string-name xmlns:xlink="http://www.w3.org/1999/xlink">
                  <given-names>Bhramar</given-names>
                  <surname>Mukherjee</surname>
               </string-name>
            </contrib>
            <contrib>
               <string-name xmlns:xlink="http://www.w3.org/1999/xlink">
                  <given-names>Huiling</given-names>
                  <surname>Nie</surname>
               </string-name>
            </contrib>
            <contrib>
               <string-name xmlns:xlink="http://www.w3.org/1999/xlink">
                  <given-names>David</given-names>
                  <surname>Sparrow</surname>
               </string-name>
            </contrib>
            <contrib>
               <string-name xmlns:xlink="http://www.w3.org/1999/xlink">
                  <given-names>Howard</given-names>
                  <surname>Hu</surname>
               </string-name>
            </contrib>
         </contrib-group>
         <pub-date xmlns:xlink="http://www.w3.org/1999/xlink">
            <day>1</day>
            <month>9</month>
            <year>2010</year>
         </pub-date>
         <volume>118</volume>
         <issue>9</issue>
         <issue-id xmlns:xlink="http://www.w3.org/1999/xlink">i20749127</issue-id>
         <fpage>1261</fpage>
         <lpage>1266</lpage>
         <self-uri xmlns:xlink="http://www.w3.org/1999/xlink"
                   xlink:href="http://www.jstor.org/stable/20749157"/>
         <abstract>
            <p>Background: Cumulative lead exposure is associated with a widened pulse pressure (PP; the difference between systolic and diastolic blood pressure), a marker of arterial stiffness and a predictor of cardiovascular disease. Polymorphisms in the hemochromatosis gene (HFE) have been shown to modify the impact of cumulative lead exposure on measures of adult cognition and cardiac function. Objectives: We examined whether the HFE mutations modify the impact of lead on PP in community-dwelling older men. Methods: We examined 619 participants with a total of 1,148 observations of PP from a substudy of bone lead levels (a measure of cumulative exposure, measured by in vivo K-shell X-ray fluorescence) and health in the Normative Aging Study between 1991 and 2001. Linear mixed-effects regression models with random intercepts were constructed. Results: Of the 619 subjects, 138 and 72 carried the HFE H63D and C282Y variants, respectively. After adjusting for age; education; alcohol intake; smoking; daily intakes of calcium, sodium, and potassium; total calories; family history of hypertension; diabetes; height; heart rate; high-density lipoprotein (HDL); total cholesterol:HDL ratio; and waist circumference, baseline bone lead levels were associated with steeper increases in PP in men with at least one H63D allele (p-interaction = 0.03 for tibia and 0.02 for patella) compared with men with only the wild types or C282Y variant. Conclusions: The HFE H63D polymorphism, but not the C282Y mutation, appears to enhance susceptibility to the deleterious impact of cumulative lead on PP, possibly via prooxidative or pro-inflammatory mechanisms.</p>
         </abstract>
         <custom-meta-group xmlns:xlink="http://www.w3.org/1999/xlink">
            <custom-meta>
               <meta-name>lang</meta-name>
               <meta-value>eng</meta-value>
            </custom-meta>
         </custom-meta-group>
      </article-meta>
   </front>
   <back>
      <ref-list>
         <title>References</title>
         <ref id="d4547e240a1310">
            <mixed-citation id="d4547e244" publication-type="other">
Adams PC, Pankow JS, Barton JC, Acton RT, Leiendecker-
Foster C, McLaren GD, et al. 2009. HFE C282Y homozygosity
is associated with lower total and low-density lipopro-
tein cholesterol. The hemochromatosis and iron overload
screening study. Circ Cardiovasc Genet 2:34-37.</mixed-citation>
         </ref>
         <ref id="d4547e263a1310">
            <mixed-citation id="d4547e267" publication-type="other">
Barry PS, Mossman DB, 1970. Lead concentrations in human
tissues. Br J Ind Med 27(4):339-351.</mixed-citation>
         </ref>
         <ref id="d4547e277a1310">
            <mixed-citation id="d4547e281" publication-type="other">
Benoff S, Jacob A, Hurley IR. 2000. Male infertility and envi-
ronmental exposure to lead and cadmium. Hum Reprod
Update 6(2}:107-121.</mixed-citation>
         </ref>
         <ref id="d4547e294a1310">
            <mixed-citation id="d4547e298" publication-type="other">
Berlin D, Chong G, Chertkow Hf Bergman H, Phillips NA,
Schipper HM. 2004. Evaluation of HFE {hemochromatosis)
mutations as genetic modifiers in sporadic AD and MCI.
Neurobiol Aging 25(41:465-474.</mixed-citation>
         </ref>
         <ref id="d4547e315a1310">
            <mixed-citation id="d4547e319" publication-type="other">
Bielinski SJ, Lynch AI, Miller MB, Weder A, Cooper R,
Oberman A, et al. 2005. Genome-wide linkage analysis for
loci affecting pulse pressure: the Family Blood Pressure
Program. Hypertension 46(6):1286-1293.</mixed-citation>
         </ref>
         <ref id="d4547e335a1310">
            <mixed-citation id="d4547e339" publication-type="other">
Blacher J, Staessen JA, Girerd X, Gasowski J, Thijs L, Liu L,
et al. 2000. Pulse pressure not mean pressure determines
cardiovascular risk in older hypertensive patients. Arch
Intern Med 160(8):1085-1099.</mixed-citation>
         </ref>
         <ref id="d4547e355a1310">
            <mixed-citation id="d4547e359" publication-type="other">
Braunersreuther V, Mach F, Steffens S. 2007. The specific
role of chemokines in atherosclerosis. Thromb Haemost
97(5}:714-721.</mixed-citation>
         </ref>
         <ref id="d4547e372a1310">
            <mixed-citation id="d4547e376" publication-type="other">
Burke W, Imperatore G, McDonnell SM, Baron RC, Khoury MJ.
2000. Contribution of different HFE genotypes to iron over-
load disease: a pooled analysis. Genet Med 2(51:271-277.</mixed-citation>
         </ref>
         <ref id="d4547e389a1310">
            <mixed-citation id="d4547e393" publication-type="other">
Cheung YF, Chan GC, Ha SY. 2002. Arterial stiffness and
endothelial function in patients with beta-thalassemia
major. Circulation 106(20):2561-2566.</mixed-citation>
         </ref>
         <ref id="d4547e406a1310">
            <mixed-citation id="d4547e410" publication-type="other">
Dart AM, Kingwell BA. 2001. Pulse pressure—a review of
mechanisms and clinical relevance. J Am Coll Cardiol
37(4):975-984.</mixed-citation>
         </ref>
         <ref id="d4547e424a1310">
            <mixed-citation id="d4547e428" publication-type="other">
Feder JN, Penny DM, Irrinki A, Lee VK, Lebron JA, Watson N,
et al. 1998. The hemochromatosis gene product complexes
with the transferrin receptor and lowers its affinity for
ligand binding. Proc Natl Acad Sci USA 95(4):1472-1477.</mixed-citation>
         </ref>
         <ref id="d4547e444a1310">
            <mixed-citation id="d4547e448" publication-type="other">
Gray SG, Crowe J, Lawless MW. 2009. Hemochromatosis:
as a conformational disorder. Int J Biochem Cell Biol
41(11):2094-2097.</mixed-citation>
         </ref>
         <ref id="d4547e461a1310">
            <mixed-citation id="d4547e465" publication-type="other">
Gunel-Ozcan A, Basar MM, Kisa U, Ankarali HC. 2009.
Hereditary haemochromatosis gene (HFE) H63D mutation
shows an association with abnormal sperm motility. Mol
Biol Rep 36(7):1709-1714.</mixed-citation>
         </ref>
         <ref id="d4547e481a1310">
            <mixed-citation id="d4547e485" publication-type="other">
Hu H. 1998. Bone lead as a new biologic marker of lead dose:
recent findings and implications for public health. Environ
Health Perspect 106(suppl 4):961-967.</mixed-citation>
         </ref>
         <ref id="d4547e498a1310">
            <mixed-citation id="d4547e502" publication-type="other">
Hu H, Aro A, Payton M, Korrick S, Sparrow D, Weiss ST, et al.
1996. The relationship of bone and blood lead to hyperten-
sion. The Normative Aging Study. JAMA 275(151:1171-1176.</mixed-citation>
         </ref>
         <ref id="d4547e515a1310">
            <mixed-citation id="d4547e519" publication-type="other">
Kamel F, Umbach DM, MunsatTL, Shefner JM, Hu H, Sandier DP.
2002. Lead exposure and amyotrophic lateral sclerosis.
Epidemiology 13(3):311-319.</mixed-citation>
         </ref>
         <ref id="d4547e533a1310">
            <mixed-citation id="d4547e539" publication-type="other">
Kim R, Aro A, Rotnitzky A, Amarasiriwardena C, Hu H. 1995.
K x-ray fluorescence measurements of bone lead
concentration: the analysis of low-level data. Phys Med
Biol 40(9):1475-1485.</mixed-citation>
         </ref>
         <ref id="d4547e555a1310">
            <mixed-citation id="d4547e559" publication-type="other">
Lacolley P, Challande P, Osborne-Pellegrin M, Regnault V.
2009. Genetics and pathophysiology of arterial stiffness.
Cardiovasc Res 81(4):637-648.</mixed-citation>
         </ref>
         <ref id="d4547e572a1310">
            <mixed-citation id="d4547e576" publication-type="other">
Lawless MW, White M, Mankan AK, O'Dwyer MJ, Norris S.
2007. Elevated MCP-1 serum levels are associated with
the H63D mutation and not the C282Y mutation in heredi-
tary hemochromatosis. Tissue Antigens 70(4):294-300.</mixed-citation>
         </ref>
         <ref id="d4547e592a1310">
            <mixed-citation id="d4547e596" publication-type="other">
Lee SY, Patton SM, Henderson RJ, Connor JR. 2007.
Consequences of expressing mutants of the hemochro-
matosis gene (HFE) into a human neuronal cell line lacking
endogenous HFE. FASEB J 21(2):564-576.</mixed-citation>
         </ref>
         <ref id="d4547e612a1310">
            <mixed-citation id="d4547e616" publication-type="other">
Menke A, Muntner P, Batuman V, Silbergeld EK, Guallar E.
2006. Blood lead below 0.48 micromol/L (10 microg/dL) and
mortality among US adults. Circulation 114(131:1388-1394.</mixed-citation>
         </ref>
         <ref id="d4547e629a1310">
            <mixed-citation id="d4547e633" publication-type="other">
Mitchell RM, Lee SY, Randazzo WT, Simmons Z, Connor JR.
2009. Influence of HFE variants and cellular iron on mono-
cyte chemoattractant protein-1. J Neuroinflammation 6:6;
doi:10.1186/1742-2094-6-6 [Online 19 February 2009].</mixed-citation>
         </ref>
         <ref id="d4547e650a1310">
            <mixed-citation id="d4547e654" publication-type="other">
Navas-Acien A, Guallar E, Silbergeld EK, Rothenberg SJ. 2007.
Lead exposure and cardiovascular disease—a systematic
review. Environ Health Perspect 115:472-482.</mixed-citation>
         </ref>
         <ref id="d4547e667a1310">
            <mixed-citation id="d4547e671" publication-type="other">
Navas-Acien A, Selvin E, Sharrett AR, Calderon-Aranda E,
Silbergeld E, Guallar E. 2004. Lead, cadmium, smoking, and
increased risk of peripheral arterial disease. Circulation
109(25}:3196-3201.</mixed-citation>
         </ref>
         <ref id="d4547e687a1310">
            <mixed-citation id="d4547e691" publication-type="other">
Onalaja AO, Claudio L. 2000. Genetic susceptibility to lead poi-
soning. Environ Health Perspect 108(suppl 1):23-28.</mixed-citation>
         </ref>
         <ref id="d4547e701a1310">
            <mixed-citation id="d4547e705" publication-type="other">
Pankow JS, Boerwinkle E, Adams PC, Guallar E, Leiendecker-
Foster C, Rogowski J, et al. 2008. HFE C282Y homozygotes
have reduced low-density lipoprotein cholesterol: the
Atherosclerosis Risk in Communities (ARIC) Study. Transl
Res 152(1):3-10.</mixed-citation>
         </ref>
         <ref id="d4547e724a1310">
            <mixed-citation id="d4547e728" publication-type="other">
Park SK, Hu H, Wright RO, Schwartz J, Cheng Y, Sparrow D,
et al. 2009. Iron metabolism genes, low-level lead expo-
sure, and QT interval. Environ Health Perspect 117:80-85.</mixed-citation>
         </ref>
         <ref id="d4547e741a1310">
            <mixed-citation id="d4547e745" publication-type="other">
Park SK, O'Neill MS, Wright RO, Hu H, Vokonas PS, Sparrow D,
et al. 2006. HFE genotype, particulate air pollution, and
heart rate variability: a gene-environment interaction.
Circulation 114(25):2798-2805.</mixed-citation>
         </ref>
         <ref id="d4547e762a1310">
            <mixed-citation id="d4547e766" publication-type="other">
Pedersen P, Milman N. 2009. Genetic screening for HFE hemo-
chromatosis in 6,020 Danish men: penetrance of C282Y,
H63D, and S65C variants. Ann Hematol 88(8):775-784.</mixed-citation>
         </ref>
         <ref id="d4547e779a1310">
            <mixed-citation id="d4547e785" publication-type="other">
Perlstein T, Weuve J, Schwartz J, Sparrow D, Wright R,
Litonjua A, et al. 2007. Cumulative community-level lead
exposure and pulse pressure: the Normative Aging Study.
Environ Health Perspect 115:1696-1700.</mixed-citation>
         </ref>
         <ref id="d4547e801a1310">
            <mixed-citation id="d4547e805" publication-type="other">
Rosner B. 1983. Percentage points for a generalized ESD many-
outlier procedure. Technometrics 25:165-172.</mixed-citation>
         </ref>
         <ref id="d4547e815a1310">
            <mixed-citation id="d4547e819" publication-type="other">
Schober SE, Mirel LB, Graubard Bl, Brody DJf Flegal KM. 2006.
Blood lead levels and death from all causes, cardiovas-
cular disease, and cancer: results from the NHANES III
mortality study. Environ Health Perspect 114:1538-1541.</mixed-citation>
         </ref>
         <ref id="d4547e835a1310">
            <mixed-citation id="d4547e839" publication-type="other">
Schroeder HA, Tipton IH. 1968. The human body burden of lead.
Arch Environ Health 17(6):965-978.</mixed-citation>
         </ref>
         <ref id="d4547e849a1310">
            <mixed-citation id="d4547e853" publication-type="other">
Singer JD, Willett JB. 2003. Applied Longitudinal Data Analysts.
New York:Oxford University Press.</mixed-citation>
         </ref>
         <ref id="d4547e864a1310">
            <mixed-citation id="d4547e868" publication-type="other">
Sullivan JL. 1981. Iron and the sex difference in heart disease
risk. Lancet 1(8233}:1293-1294.</mixed-citation>
         </ref>
         <ref id="d4547e878a1310">
            <mixed-citation id="d4547e882" publication-type="other">
Sutedja NA, Sinke RJ, Van Vught PW, Van der Linden MW,
Wokke JH, Van Duijn CM, et al. 2007. The association
between H63D mutations in HFE and amyotrophic lateral
sclerosis in a Dutch population. Arch Neurol 64(1):63-67.</mixed-citation>
         </ref>
         <ref id="d4547e898a1310">
            <mixed-citation id="d4547e902" publication-type="other">
Touyz RM. 2004. Reactive oxygen species, vascular oxidative
stress, and redox signaling in hypertension: what is the
clinical significance? Hypertension 44(3):248-252.</mixed-citation>
         </ref>
         <ref id="d4547e915a1310">
            <mixed-citation id="d4547e919" publication-type="other">
Vaziri ND, Sica DA. 2004. Lead-induced hypertension: role of
oxidative stress. Curr Hypertens Rep 6(4):314-320.</mixed-citation>
         </ref>
         <ref id="d4547e929a1310">
            <mixed-citation id="d4547e933" publication-type="other">
Wang FT, Hu H, Schwartz J, Weuve J, Spiro AS, Sparrow D,
et al. 2007. Modifying effects of the HFE polymorphisms
on the association between lead burden and cognitive
decline. Environ Health Perspect 115:1210-1215.</mixed-citation>
         </ref>
         <ref id="d4547e949a1310">
            <mixed-citation id="d4547e953" publication-type="other">
Weisskopf MG, Jain N, Nie H, Sparrow D, Vokonas P,
Schwartz J, et al. 2009. A prospective study of bone lead
concentration and death from all causes, cardiovascu-
lar diseases, and cancer in the Department of Veterans
Affairs Normative Aging Study. Circulation 120(12):1056-
1064.</mixed-citation>
         </ref>
         <ref id="d4547e977a1310">
            <mixed-citation id="d4547e981" publication-type="other">
Wright RO, Silverman EK, Schwartz J, Tsaih SW, Senter J,
Sparrow D, et al. 2004. Association between hemochro-
matosis genotype and lead exposure among elderly
men: the normative aging study. Environ Health Perspect
112:746-750.</mixed-citation>
         </ref>
         <ref id="d4547e1000a1310">
            <mixed-citation id="d4547e1004" publication-type="other">
Zawia NH, Lahiri DK, Cardozo-Pelaez F. 2009. Epigenetics,
oxidative stress, and Alzheimer disease. Free Radic Biol
Med 46(9}:1241-1249.</mixed-citation>
         </ref>
         <ref id="d4547e1017a1310">
            <mixed-citation id="d4547e1021" publication-type="other">
Zieman SJ, Melenovsky V, Kass DA. 2005. Mechanisms,
pathophysiology, and therapy of arterial stiffness.
Arterioscler Thromb Vase Biol 25(5):932-943.</mixed-citation>
         </ref>
      </ref-list>
   </back>
</article>
