<article dtd-version="1.0" article-type="research-article">
   <front>
      <journal-meta>
         <journal-id xmlns:xlink="http://www.w3.org/1999/xlink" journal-id-type="jstor">envihealpers</journal-id>
         <journal-id xmlns:xlink="http://www.w3.org/1999/xlink" journal-id-type="jstor">j100482</journal-id>
         <journal-title-group xmlns:xlink="http://www.w3.org/1999/xlink">
            <journal-title>Environmental Health Perspectives</journal-title>
         </journal-title-group>
         <publisher>
            <publisher-name>National Institute of Environmental Health Sciences</publisher-name>
         </publisher>
         <issn xmlns:xlink="http://www.w3.org/1999/xlink" pub-type="ppub">00916765</issn>
      </journal-meta>
      <article-meta>
         <article-id xmlns:xlink="http://www.w3.org/1999/xlink" pub-id-type="jstor">20749148</article-id>
         <article-categories>
            <subj-group>
               <subject>Research</subject>
            </subj-group>
         </article-categories>
         <title-group>
            <article-title>Risk-Based Prioritization among Air Pollution Control Strategies in the Yangtze River Delta, China</article-title>
         </title-group>
         <contrib-group>
            <contrib>
               <string-name xmlns:xlink="http://www.w3.org/1999/xlink">
                  <given-names>Ying</given-names>
                  <surname>Zhou</surname>
               </string-name>
            </contrib>
            <contrib>
               <string-name xmlns:xlink="http://www.w3.org/1999/xlink">
                  <given-names>Joshua S.</given-names>
                  <surname>Fu</surname>
               </string-name>
            </contrib>
            <contrib>
               <string-name xmlns:xlink="http://www.w3.org/1999/xlink">
                  <given-names>Guoshun</given-names>
                  <surname>Zhuang</surname>
               </string-name>
            </contrib>
            <contrib>
               <string-name xmlns:xlink="http://www.w3.org/1999/xlink">
                  <given-names>Jonathan I.</given-names>
                  <surname>Levy</surname>
               </string-name>
            </contrib>
         </contrib-group>
         <pub-date xmlns:xlink="http://www.w3.org/1999/xlink">
            <day>1</day>
            <month>9</month>
            <year>2010</year>
         </pub-date>
         <volume>118</volume>
         <issue>9</issue>
         <issue-id xmlns:xlink="http://www.w3.org/1999/xlink">i20749127</issue-id>
         <fpage>1204</fpage>
         <lpage>1210</lpage>
         <self-uri xmlns:xlink="http://www.w3.org/1999/xlink"
                   xlink:href="http://www.jstor.org/stable/20749148"/>
         <abstract>
            <p>Background: The Yangtze River Delta (YRD) in China is a densely populated region with recent dramatic increases in energy consumption and atmospheric emissions. Objectives: We studied how different emission sectors influence population exposures and the corresponding health risks, to inform air pollution control strategy design. Methods: We applied the Community Multiscale Air Quality (CMAQ) Modeling System to model the marginal contribution to baseline concentrations from different sectors. We focused on nitrogen oxide (NOx) control while considering other pollutants that affect fine particulate matter [aerodynamic diameter ≤ 2.5 μm (PM2.5)] and ozone concentrations. We developed concentration—response (C-R) functions for PM2.5 and ozone mortality for China to evaluate the anticipated health benefits. Results: In the YRD, health benefits per ton of emission reductions varied significantly across pollutants, with reductions of primary PM2.5 from the industry sector and mobile sources showing the greatest benefits of 0.1 fewer deaths per year per ton of emission reduction. Combining estimates of health benefits per ton with potential emission reductions, the greatest mortality reduction of 12,000 fewer deaths per year [95% confidence interval (CI), 1,200—24,000] was associated with controlling primary PM2.5 emissions from the industry sector and reducing sulfur dioxide (SO₂) from the power sector, respectively. Benefits were lower for reducing NOx emissions given lower consequent reductions in the formation of secondary PM2.5 (compared with SO₂) and increases in ozone concentrations that would result in the YRD. Conclusions: Although uncertainties related to C-R functions are significant, the estimated health benefits of emission reductions in the YRD are substantial, especially for sectors and pollutants with both higher health benefits per unit emission reductions and large potential for emission reductions.</p>
         </abstract>
         <custom-meta-group xmlns:xlink="http://www.w3.org/1999/xlink">
            <custom-meta>
               <meta-name>lang</meta-name>
               <meta-value>eng</meta-value>
            </custom-meta>
         </custom-meta-group>
      </article-meta>
   </front>
   <back>
      <ref-list>
         <title>References</title>
         <ref id="d4596e213a1310">
            <mixed-citation id="d4596e217" publication-type="other">
Aunan K, Pan XC. 2004. Exposure-response functions for health
effects of ambient air pollution applicable for China—a
meta-analysis. Sci Total Environ 329(1-3):3-16.</mixed-citation>
         </ref>
         <ref id="d4596e230a1310">
            <mixed-citation id="d4596e234" publication-type="other">
Bell ML, Dominici F, Samet JM. 2005. A meta-analysis of time-
series studies of ozone and mortality with comparison to
the national morbidity, mortality, and air pollution study.
Epidemiology 16(4):436-445.</mixed-citation>
         </ref>
         <ref id="d4596e250a1310">
            <mixed-citation id="d4596e254" publication-type="other">
Bell ML, Goldberg R, Hogrefe C, Kinney PL, Knowlton K, Lynn B,
et al. 2007. Climate change, ambient ozone, and health in
50 US cities. Clim Change 82(1-2):61-76.</mixed-citation>
         </ref>
         <ref id="d4596e267a1310">
            <mixed-citation id="d4596e271" publication-type="other">
Bell ML, Peng RD, Dominici F. 2006. The exposure-response
curve for ozone and risk of mortality and the adequacy
of current ozone regulations. Environ Health Perspect
114:532-536.</mixed-citation>
         </ref>
         <ref id="d4596e288a1310">
            <mixed-citation id="d4596e292" publication-type="other">
Bennett DH, McKone TE, Evans JS, Nazaroff WW, Margni MD,
Jolliet O, et al. 2002. Defining intake fraction. Environ Sci
Technol 36(9):206A-211A.</mixed-citation>
         </ref>
         <ref id="d4596e305a1310">
            <mixed-citation id="d4596e309" publication-type="other">
Chen CH, Wang BY, Fu QY, Green C, Streets DG, 2006. Reductions
in emissions of local air pollutants and co-benefits of
Chinese energy policy: a Shanghai case study. Energy
Policy 34(6):754-762.</mixed-citation>
         </ref>
         <ref id="d4596e325a1310">
            <mixed-citation id="d4596e329" publication-type="other">
China Data Center. 2003. China 2000 County Population Census.
Ann Arbor:University of Michigan.</mixed-citation>
         </ref>
         <ref id="d4596e339a1310">
            <mixed-citation id="d4596e343" publication-type="other">
Cohan DS, Boylan JW, Marmur A, Khan MN. 2007. An integrated
framework for multipollutant air quality management and
its application in Georgia. Environ Manag 40(4):545-554.</mixed-citation>
         </ref>
         <ref id="d4596e356a1310">
            <mixed-citation id="d4596e360" publication-type="other">
Dobson JE, Bright EA, Coleman PR, Durfee RC, Worley BA.
2000. LandScan: a global population database for estimat-
ing populations at risk. Photogramm Eng Remote Sens
66(7):849-857.</mixed-citation>
         </ref>
         <ref id="d4596e376a1310">
            <mixed-citation id="d4596e380" publication-type="other">
Floyd HS, Chen LC, Vallanat B, Dreher K. 2009. Fine ambient
air paniculate matter exposure induces molecular altera-
tions associated with vascular disease progression within
plaques of atherosclerotic susceptible mice. Inhal Toxicol
21(5):394-403.</mixed-citation>
         </ref>
         <ref id="d4596e400a1310">
            <mixed-citation id="d4596e404" publication-type="other">
Fu JS, Streets DG, Jang CJ, Hao JM, He KB, Wang LT, et al.
2009. Modeling regional/urban ozone and paniculate mat-
ter in Beijing, China. J Air Waste Manag Assoc 59(1):37-44.</mixed-citation>
         </ref>
         <ref id="d4596e417a1310">
            <mixed-citation id="d4596e421" publication-type="other">
Ho MS, Nielsen CP. 2007. Cleaning the Air: The Health and
Economic Damages of Air Pollutions in China. Cambridge,
MA:MIT Press.</mixed-citation>
         </ref>
         <ref id="d4596e434a1310">
            <mixed-citation id="d4596e438" publication-type="other">
Industrial Economics. 2006. Expanded Expert Judgment
Assessment of the Concentration-Response Relationship

              between PM
              
              Exposure and Mortality. Cambridge,
            
MA:Industrial Economics, Incorporated.</mixed-citation>
         </ref>
         <ref id="d4596e457a1310">
            <mixed-citation id="d4596e463" publication-type="other">
Ito K, De Leon SF, Lippmann M. 2005. Associations between
ozone and daily mortality: analysis and meta-analysis.
Epidemiology 16(4):446-457.</mixed-citation>
         </ref>
         <ref id="d4596e476a1310">
            <mixed-citation id="d4596e480" publication-type="other">
Jacob DJ. 1999. Introduction to Atmospheric Chemistry.
Princeton, NJ:Princeton University Press.</mixed-citation>
         </ref>
         <ref id="d4596e490a1310">
            <mixed-citation id="d4596e494" publication-type="other">
Jerrett M, Burnett RT, Pope CA III, Ito K, Thurston G, Krewski D,
et al. 2009. Long-term ozone exposure and mortality. N Engl
J Med 360(11):1085-1095.</mixed-citation>
         </ref>
         <ref id="d4596e508a1310">
            <mixed-citation id="d4596e512" publication-type="other">
Kan HD, Chen BH, Chen CH, Fu QY, Chen M. 2004. An evaluation
of public health impact of ambient air pollution under vari-
ous energy scenarios in Shanghai, China. Atmos Environ
38(1):95-102.</mixed-citation>
         </ref>
         <ref id="d4596e528a1310">
            <mixed-citation id="d4596e532" publication-type="other">
Laden F, Schwartz J, Speizer FE, Dockery DW. 2006. Reduction
in fine paniculate air pollution and mortality: extended
follow-up of the Harvard Six Cities study. Am J Respir Crit
Care Med 173(6):667-672.</mixed-citation>
         </ref>
         <ref id="d4596e548a1310">
            <mixed-citation id="d4596e552" publication-type="other">
Levy JI, Chemerynski SM, Sarnat JA. 2005. Ozone exposure
and mortality: an empiric Bayes metaregression analysis.
Epidemiology 16(4):458-468.</mixed-citation>
         </ref>
         <ref id="d4596e565a1310">
            <mixed-citation id="d4596e569" publication-type="other">
Levy JI, Greco SL. 2007. Estimating health effects of air pollu-
tion in China: an introduction to intake fraction and the epi-
demiology. In: Clearing the Air: The Health and Economic
Damages of Air Pollution in China (Ho MS, Nielsen CP,
eds). Cambridge, MA:MIT Press, 115-142.</mixed-citation>
         </ref>
         <ref id="d4596e588a1310">
            <mixed-citation id="d4596e592" publication-type="other">
Levy JI, Greco SL, Melly SJ, Mukhi N. 2009. Evaluating
efficiency-equality tradeoffs for mobile source control
strategies in an urban area. Risk Anal 29(1):34-47.</mixed-citation>
         </ref>
         <ref id="d4596e605a1310">
            <mixed-citation id="d4596e609" publication-type="other">
Li J, Guttikunda SK, Carmichael GR, Streets DG, Chang YS, Fung
V. 2004. Quantifying the human health benefits of curbing
air pollution in Shanghai. J Environ Manage 70(1):49-62.</mixed-citation>
         </ref>
         <ref id="d4596e623a1310">
            <mixed-citation id="d4596e627" publication-type="other">
Loh C, Stevenson A, Weldon M, Hedley AJ. 2008. A Price Too
High: The Health Impacts of Air Pollution in Southern
China. Hong Kong:Civic Exchange.</mixed-citation>
         </ref>
         <ref id="d4596e640a1310">
            <mixed-citation id="d4596e644" publication-type="other">
National Research Council. 2002. Estimating the Public
Health Benefits of Proposed Air Pollution Regulations.
Washington, DC:National Academies Press.</mixed-citation>
         </ref>
         <ref id="d4596e657a1310">
            <mixed-citation id="d4596e661" publication-type="other">
Oak Ridge National Laboratory. 2009. LandScan 2007. Available:
http://www.ornl.gov/sci/landscan/ [accessed 10 June 2009].</mixed-citation>
         </ref>
         <ref id="d4596e671a1310">
            <mixed-citation id="d4596e675" publication-type="other">
Pope CA III, Burnett RT, Thun MJ, Calle EE, Krewski D, Ito K,
et al. 2002. Lung cancer, cardiopulmonary mortality, and
long-term exposure to fine paniculate air pollution. JAMA
287(9):1132-1141.</mixed-citation>
         </ref>
         <ref id="d4596e691a1310">
            <mixed-citation id="d4596e695" publication-type="other">
Pope CA III, Dockery DW. 2006. Health effects of fine particu-
late air pollution: lines that connect. J Air Waste Manage
Assoc 56(6):709-742.</mixed-citation>
         </ref>
         <ref id="d4596e708a1310">
            <mixed-citation id="d4596e712" publication-type="other">
Schwartz J, Coull B, Laden F, Ryan L. 2008. The effect of dose
and timing of dose on the association between airborne
particles and survival. Environ Health Perspect 116:64-69.</mixed-citation>
         </ref>
         <ref id="d4596e726a1310">
            <mixed-citation id="d4596e730" publication-type="other">
Streets DG, Hedayat L, Carmichael GR, Arndt RL, Carter LD.
1999. PROFILE: Potential for advanced technology to
improve air quality and human health in Shanghai. Environ
Manag 23(3):279-295.</mixed-citation>
         </ref>
         <ref id="d4596e746a1310">
            <mixed-citation id="d4596e750" publication-type="other">
U.S. EPA. 2007. Guidance on the Use of Models and Other Analyses
for Demonstrating Attainment of Air Quality Goals for Ozone,
PM2.5, and Regional Haze. EPA 454/B-07-002. Research
Triangle Park, NC:U.S. Environmental Protection Agency.</mixed-citation>
         </ref>
         <ref id="d4596e766a1310">
            <mixed-citation id="d4596e770" publication-type="other">
Wang XD, Smith KR. 1999. Secondary benefits of greenhouse
gas control: health impacts in China. Environ Sci Technol
33(18):3056-3061.</mixed-citation>
         </ref>
         <ref id="d4596e783a1310">
            <mixed-citation id="d4596e787" publication-type="other">
Wang XM, Carmichael G, Chen DL, Tang YH, Wang TJ. 2005.
Impacts of different emission sources on air quality during
March 2001 in the Pearl River Delta (PRD) region. Atmos
Environ 39(29):5227-5241.</mixed-citation>
         </ref>
         <ref id="d4596e803a1310">
            <mixed-citation id="d4596e807" publication-type="other">
Wang XP, Mauzerall DL. 2006. Evaluating impacts of air pollution
in China on public health: implications for future air pollu-
tion and energy policies. Atmos Environ 40(9):1706-1721.</mixed-citation>
         </ref>
         <ref id="d4596e820a1310">
            <mixed-citation id="d4596e824" publication-type="other">
Wong CM, Vichit-Vadakan N, Kan H, Qian Z. 2008. Public
Health and Air Pollution in Asia (PAPA): a multicity study
of short-term effects of air pollution on mortality. Environ
Health Perspect 116:1195-1202.</mixed-citation>
         </ref>
         <ref id="d4596e841a1310">
            <mixed-citation id="d4596e845" publication-type="other">
World Bank. 1997. Clear Water, Blue Skies: China's Environment
in the New Century, Washington, DC:World Bank.</mixed-citation>
         </ref>
         <ref id="d4596e855a1310">
            <mixed-citation id="d4596e859" publication-type="other">
World Health Organization. 2000. Quantification of the
Health Effects of Exposure to Air Pollution. Bilthoven,
Netherlands:WHO, European Centre for Environment and
Health.</mixed-citation>
         </ref>
         <ref id="d4596e875a1310">
            <mixed-citation id="d4596e879" publication-type="other">
Zhang Q, Streets DG, Carmichael GR, He K, Huo H, Kannari A,
et al. 2009. Asian emissions in 2006 for the NASA INTEX-B
mission. Atmos Chem Phys Discuss 9(1):4081-4139.</mixed-citation>
         </ref>
         <ref id="d4596e892a1310">
            <mixed-citation id="d4596e896" publication-type="other">
Zhou Y, Levy JI, Evans JS, Hammitt JK. 2006. The influence
of geographic location on population exposure to emis-
sions from power plants throughout China. Environ Int
32(3):365-373.</mixed-citation>
         </ref>
         <ref id="d4596e912a1310">
            <mixed-citation id="d4596e916" publication-type="other">
Zhou Y, Levy JI, Hammitt JK, Evans JS. 2003. Estimating popula-
tion exposure to power plant emissions using CALPUFF: a
case study in Beijing, China. Atmos Environ 37(6):815-826.</mixed-citation>
         </ref>
      </ref-list>
   </back>
</article>
