<article dtd-version="1.0" article-type="research-article">
   <front>
      <journal-meta>
         <journal-id xmlns:xlink="http://www.w3.org/1999/xlink" journal-id-type="jstor">envihealpers</journal-id>
         <journal-id xmlns:xlink="http://www.w3.org/1999/xlink" journal-id-type="jstor">j100482</journal-id>
         <journal-title-group xmlns:xlink="http://www.w3.org/1999/xlink">
            <journal-title>Environmental Health Perspectives</journal-title>
         </journal-title-group>
         <publisher>
            <publisher-name>National Institute of Environmental Health Sciences</publisher-name>
         </publisher>
         <issn xmlns:xlink="http://www.w3.org/1999/xlink" pub-type="ppub">00916765</issn>
      </journal-meta>
      <article-meta>
         <article-id xmlns:xlink="http://www.w3.org/1999/xlink" pub-id-type="jstor">20749138</article-id>
         <article-categories>
            <subj-group>
               <subject>News</subject>
               <subj-group>
                  <subject>Forum</subject>
               </subj-group>
            </subj-group>
         </article-categories>
         <title-group>
            <article-title>The Beat</article-title>
         </title-group>
         <contrib-group>
            <contrib>
               <string-name xmlns:xlink="http://www.w3.org/1999/xlink">
                  <given-names>Erin E.</given-names>
                  <surname>Dooley</surname>
               </string-name>
            </contrib>
         </contrib-group>
         <pub-date xmlns:xlink="http://www.w3.org/1999/xlink">
            <day>1</day>
            <month>9</month>
            <year>2010</year>
         </pub-date>
         <volume>118</volume>
         <issue>9</issue>
         <issue-id xmlns:xlink="http://www.w3.org/1999/xlink">i20749127</issue-id>
         <fpage>A384</fpage>
         <lpage>A385</lpage>
         <self-uri xmlns:xlink="http://www.w3.org/1999/xlink"
                   xlink:href="http://www.jstor.org/stable/20749138"/>
         <custom-meta-group xmlns:xlink="http://www.w3.org/1999/xlink">
            <custom-meta>
               <meta-name>lang</meta-name>
               <meta-value>eng</meta-value>
            </custom-meta>
         </custom-meta-group>
      </article-meta>
   </front>
   <back>
      <ref-list>
         <title>REFERENCES</title>
         <ref id="d4540e135a1310">
            <label>1</label>
            <mixed-citation id="d4540e142" publication-type="other">
Dieng H, et al. PLoS ONE 5(7):e11790 (2010); doi.10.1371/
journal.pone.0011790.</mixed-citation>
         </ref>
         <ref id="d4540e152a1310">
            <label>2</label>
            <mixed-citation id="d4540e159" publication-type="other">
The White House. Fact Sheet: The Family Smoking
Prevention and Tobacco Control Act of 2009 (press release].
Washington, DC:White House Office of the Press Secretary
(22 June 2009). Available: http://tinyurl.com/n7ubc7 [accessed
15 August 2010].</mixed-citation>
         </ref>
         <ref id="d4540e178a1310">
            <label>3</label>
            <mixed-citation id="d4540e185" publication-type="other">
Menon S, et al. Environ Res Lett 5:014005 (2010);
doi:10.1088/1748-9326/5/1/014005.</mixed-citation>
         </ref>
         <ref id="d4540e195a1310">
            <label>4</label>
            <mixed-citation id="d4540e202" publication-type="other">
U.S. DOE. Secretary Chu Announces Steps to Implement
Cool Roofs at DOE and Across the Federal Government
[press release]. Washington, DC:U.S. Department of Energy
(19 July 2010). Available: http://tinyurl.com/2a77sqa [accessed
15 August 2010].</mixed-citation>
         </ref>
         <ref id="d4540e222a1310">
            <label>5</label>
            <mixed-citation id="d4540e229" publication-type="other">
U.S. EPA. Protecting the Ozone Layer Protects Eyesight:
A Report on Cataract Incidence in the United States Using
the Atmospheric and Health Effects Framework Model.
Washington, DCU.S. Environmental Protection Agency,
Office of Air and Radiation (30 July 2010).</mixed-citation>
         </ref>
         <ref id="d4540e248a1310">
            <label>6</label>
            <mixed-citation id="d4540e255" publication-type="other">
Welch JR, et al. Proc Natl Sci Acad Sei USA; doi:10.1073/
pnas.1001222107 [online 9 August 2010].</mixed-citation>
         </ref>
      </ref-list>
   </back>
</article>
