<article dtd-version="1.0" article-type="research-article">
   <front>
      <journal-meta>
         <journal-id xmlns:xlink="http://www.w3.org/1999/xlink" journal-id-type="jstor">envihealpers</journal-id>
         <journal-id xmlns:xlink="http://www.w3.org/1999/xlink" journal-id-type="jstor">j100482</journal-id>
         <journal-title-group xmlns:xlink="http://www.w3.org/1999/xlink">
            <journal-title>Environmental Health Perspectives</journal-title>
         </journal-title-group>
         <publisher>
            <publisher-name>National Institute of Environmental Health Sciences</publisher-name>
         </publisher>
         <issn xmlns:xlink="http://www.w3.org/1999/xlink" pub-type="ppub">00916765</issn>
      </journal-meta>
      <article-meta>
         <article-id xmlns:xlink="http://www.w3.org/1999/xlink" pub-id-type="jstor">20749162</article-id>
         <article-categories>
            <subj-group>
               <subject>Research</subject>
            </subj-group>
         </article-categories>
         <title-group>
            <article-title>p53 Plays an Important Role in Cell Fate Determination after Exposure to Microcystin-LR</article-title>
         </title-group>
         <contrib-group>
            <contrib>
               <string-name xmlns:xlink="http://www.w3.org/1999/xlink">
                  <given-names>Shota</given-names>
                  <surname>Takumi</surname>
               </string-name>
            </contrib>
            <contrib>
               <string-name xmlns:xlink="http://www.w3.org/1999/xlink">
                  <given-names>Masaharu</given-names>
                  <surname>Komatsu</surname>
               </string-name>
            </contrib>
            <contrib>
               <string-name xmlns:xlink="http://www.w3.org/1999/xlink">
                  <given-names>Tatsuhiko</given-names>
                  <surname>Furukawa</surname>
               </string-name>
            </contrib>
            <contrib>
               <string-name xmlns:xlink="http://www.w3.org/1999/xlink">
                  <given-names>Ryuji</given-names>
                  <surname>Ikeda</surname>
               </string-name>
            </contrib>
            <contrib>
               <string-name xmlns:xlink="http://www.w3.org/1999/xlink">
                  <given-names>Tomoyuki</given-names>
                  <surname>Sumizawa</surname>
               </string-name>
            </contrib>
            <contrib>
               <string-name xmlns:xlink="http://www.w3.org/1999/xlink">
                  <given-names>Hitomi</given-names>
                  <surname>Akenaga</surname>
               </string-name>
            </contrib>
            <contrib>
               <string-name xmlns:xlink="http://www.w3.org/1999/xlink">
                  <given-names>Yuta</given-names>
                  <surname>Maeda</surname>
               </string-name>
            </contrib>
            <contrib>
               <string-name xmlns:xlink="http://www.w3.org/1999/xlink">
                  <given-names>Kohji</given-names>
                  <surname>Aoyama</surname>
               </string-name>
            </contrib>
            <contrib>
               <string-name xmlns:xlink="http://www.w3.org/1999/xlink">
                  <given-names>Koji</given-names>
                  <surname>Arizono</surname>
               </string-name>
            </contrib>
            <contrib>
               <string-name xmlns:xlink="http://www.w3.org/1999/xlink">
                  <given-names>Seiichi</given-names>
                  <surname>Ando</surname>
               </string-name>
            </contrib>
            <contrib>
               <string-name xmlns:xlink="http://www.w3.org/1999/xlink">
                  <given-names>Toru</given-names>
                  <surname>Takeuchi</surname>
               </string-name>
            </contrib>
         </contrib-group>
         <pub-date xmlns:xlink="http://www.w3.org/1999/xlink">
            <day>1</day>
            <month>9</month>
            <year>2010</year>
         </pub-date>
         <volume>118</volume>
         <issue>9</issue>
         <issue-id xmlns:xlink="http://www.w3.org/1999/xlink">i20749127</issue-id>
         <fpage>1292</fpage>
         <lpage>1298</lpage>
         <self-uri xmlns:xlink="http://www.w3.org/1999/xlink"
                   xlink:href="http://www.jstor.org/stable/20749162"/>
         <abstract>
            <p>Background: Microcystin-LR, a cyclic heptapeptide, possesses the ability to inhibit the serine/threonine protein phosphatases PP1 and PP2A and, consequently, exhibits acute hepatocytotoxicity. Moreover, microcystin-LR induces cellular proliferation, resulting in tumor-promoting activity in hepatocytes. However, mechanisms that regulate the balance between cell death and proliferation after microcystin-LR treatment remain unclear. Objective: We examined the contribution of the transcription factor p53, as well as that of the hepatic uptake transporter for microcystin-LR, organic anion transporting polypeptide 1B3 (OATP1B3), to the cellular response to microcystin-LR exposure. Methods: We analyzed intracellular signaling responses to microcystin-LR by immunoblotting and real-time reverse-transcriptase polymerase chain reaction techniques using HEK293 human embryonic kidney cells stably transfected with SLCO1B3 (HEK293-OATP1B3). In addition, we analyzed the effect of attenuation of p53 function, via the p53 inhibitor pifithrin-α, and knockdown of p53 mRNA on the cytotoxicity of microcystin-LR using a 3-(4,5-dimethylthiazol-2-yl)-2,5-diphenyltetrazolium bromide (MTT) assay. Results: Microcystin-LR induced the phosphorylation and accumulation of p53 in HEK293-OATP1B3 cells, which resulted in up-regulation of the expression of p53 transcript targets, including p21 and seven in absentia homolog 1 (siah-1). In addition, microcystin-LR activated Akt signaling through the phosphorylation of Akt and glycogen synthase kinase 3β. Although Akt signaling was activated, the accumulation of p53 led cells to apoptosis after treatment with 50 nM microcystin-LR for 24 hr. Both pharmacological inhibition of transcription factor activity of p53 by pifithrin-α and knockdown of p53 with small hairpin RNA attenuated the susceptibility of HEK293-OATP1B3 cells to microcystin-LR. Conclusions: This study demonstrates the importance of p53 in the regulation of cell fate after exposure to microcystin-LR. Our results suggest that, under conditions of p53 inactivation (including p53 mutation), chronic exposure to low doses of microcystin-LR may lead to cell proliferation through activation of Akt signaling. Results of this study may contribute to the development of chemoprevention and chemotherapeutic approaches to microcystin-LR poisoning.</p>
         </abstract>
         <custom-meta-group xmlns:xlink="http://www.w3.org/1999/xlink">
            <custom-meta>
               <meta-name>lang</meta-name>
               <meta-value>eng</meta-value>
            </custom-meta>
         </custom-meta-group>
      </article-meta>
   </front>
   <back>
      <ref-list>
         <title>References</title>
         <ref id="d4561e313a1310">
            <mixed-citation id="d4561e317" publication-type="other">
Alt JR, Clevetand JL, Hannink M, Diehl JA. 2000. Phosphorylation-
dependent regulation of cyclin D1 nuclear export and
cyclin D1-dependent cellular transformation. Genes Dev
14:3102-3114.</mixed-citation>
         </ref>
         <ref id="d4561e333a1310">
            <mixed-citation id="d4561e337" publication-type="other">
Altomare DA, Testa JR. 2005. Perturbations of the AKT signaling
pathway in human cancer. Oncogene 24:7455-7464,</mixed-citation>
         </ref>
         <ref id="d4561e347a1310">
            <mixed-citation id="d4561e351" publication-type="other">
Bordonaro M, Lazarova DL, Sartorelli AC. 2007. The activation
of beta-catenin by Wnt signaling mediates the effects of
histonedeacetylase inhibitors. Exp Cell Res 313:1652-1666.</mixed-citation>
         </ref>
         <ref id="d4561e364a1310">
            <mixed-citation id="d4561e368" publication-type="other">
Bos CL, Diks SH, Hardwick JCH, Walburg KV, Peppelenbosch MP,
Richel DJ. 2006. Protein Phosphatase 2A is required for
mesalazine-dependent inhibition of Wnt/β-catenin pathway
activity. Carcinogenesis 27:2371-2382.</mixed-citation>
         </ref>
         <ref id="d4561e385a1310">
            <mixed-citation id="d4561e389" publication-type="other">
Burns TF, El-Deiry WS. 1999. The p53 pathway and apoptosis.
J Cell Physiol 181:231-239.</mixed-citation>
         </ref>
         <ref id="d4561e399a1310">
            <mixed-citation id="d4561e403" publication-type="other">
Carmichael WW, Falconer IR. 1993. Diseases related to fresh-
water blue-green algal toxins, and control masures. In:
Algal Toxins in Seafood and Drinking Water. (Falconer IR,
ed). London:Academic Press, 187-209.</mixed-citation>
         </ref>
         <ref id="d4561e419a1310">
            <mixed-citation id="d4561e423" publication-type="other">
Casamayor A, Morrice NA, Alessi DR. 1999. Phosphorylation of
Ser-241 is essential for the activity of 3-phosphoinositide-
dependent protein kinase-1: identification of five sites of
phosphorylation in vivo. Biochem J 342:287-292.</mixed-citation>
         </ref>
         <ref id="d4561e439a1310">
            <mixed-citation id="d4561e443" publication-type="other">
Chong MW, Gu KD, Lam PK, Yang M, Fong WF. 2000. Study
on the cytotoxicity of microcystin-LR on cultured cells.
Chemosphere 41:143-147.</mixed-citation>
         </ref>
         <ref id="d4561e456a1310">
            <mixed-citation id="d4561e460" publication-type="other">
Cui J, Zhou X, Liu Y, Tang Z. 2001. Mutation and overexpression
of the β-catenin gene may play an important role in primary
hepatocellular carcinoma among Chinese people. J Cancer
Res Clin Oncol 127:577-581.</mixed-citation>
         </ref>
         <ref id="d4561e476a1310">
            <mixed-citation id="d4561e480" publication-type="other">
Cui J, Zhou X, Liu Y, Tang Z, Romeih M. 2003. Wnt signaling in
hepatocellular carcinoma: analysis of mutation and expres-
sion of β-catenin, T-cell factor-4 and glycogen synthase
kinase 3-beta genes. J Gastroenterol Hepatol 18:280-287.</mixed-citation>
         </ref>
         <ref id="d4561e497a1310">
            <mixed-citation id="d4561e501" publication-type="other">
Diehl JA, Cheng M, Roussel MF, Sherr CJ. 1998. Glycogen
synthase kinase-3β regulates cyclin D1 proteolysis and
subcellular localization. Genes Dev 12:3499-3511.</mixed-citation>
         </ref>
         <ref id="d4561e514a1310">
            <mixed-citation id="d4561e518" publication-type="other">
Dietrich D, Hoeger S. 2005. Guidance values for microcystins
in water and cyanobacterial supplement products {blue-
green algal supplements): a reasonable or misguided
approach? Toxicol Appl Pharmacol 203:273-289.</mixed-citation>
         </ref>
         <ref id="d4561e534a1310">
            <mixed-citation id="d4561e538" publication-type="other">
Ding VW, Chen RH, McCormick F. 2000. Differential regulation of
glycogen synthase kinase 3β by insulin and Wnt signaling.
J Biol Chem 275:32475-32481.</mixed-citation>
         </ref>
         <ref id="d4561e551a1310">
            <mixed-citation id="d4561e555" publication-type="other">
Ding WX, Shen HM, Ong CN. 2002. Calpain activation after
mitochondrial permeability transition in microcystin-in-
duced cell death in rat hepatocytes. Biochem Biophys Res
Commun 291:321-331.</mixed-citation>
         </ref>
         <ref id="d4561e571a1310">
            <mixed-citation id="d4561e575" publication-type="other">
Eriksson JE, Grönberg L, Nygård S, Slotte JP, Meriluoto JA.
1990. Hepatocellular uptake of 3H-dihydromicrocystin-LR,
a cyclic peptide toxin. Biochim Biophys Actra 1025:60-66.</mixed-citation>
         </ref>
         <ref id="d4561e588a1310">
            <mixed-citation id="d4561e592" publication-type="other">
Falconer IR, Humpage AR. 2005. Health risk assessment of
cyanobacterial (blue-green algal) toxins in drinking water.
Int J Environ Res Public Health 2:43-50.</mixed-citation>
         </ref>
         <ref id="d4561e606a1310">
            <mixed-citation id="d4561e610" publication-type="other">
Fischer WJ, Altheimer S, Cattori V, Meier PJ, Dietrich DR,
Hagenbuch B. 2005. Organic anion transporting poly-
peptides expressed in liver and brain mediate uptake of
microcystin. Toxicol Appl Pharmacol 203:257-263.</mixed-citation>
         </ref>
         <ref id="d4561e626a1310">
            <mixed-citation id="d4561e630" publication-type="other">
Frame S, Cohen P. 2001. GSK3 takes centre stage more than
20 years after its discovery. Biochem J 359:1-16.</mixed-citation>
         </ref>
         <ref id="d4561e640a1310">
            <mixed-citation id="d4561e644" publication-type="other">
Fujiki H, Suganuma M. 1999. Unique features of the okadaic
acid activity class tumor promoters. J Cancer Res Clin
Oncol 125:150-155.</mixed-citation>
         </ref>
         <ref id="d4561e657a1310">
            <mixed-citation id="d4561e661" publication-type="other">
Gehringer MM. 2004. Microcystin-LR and okadaic acid-induced
cellular effects: a dualistic response. FEBS Lett 557:1-8.</mixed-citation>
         </ref>
         <ref id="d4561e671a1310">
            <mixed-citation id="d4561e675" publication-type="other">
Green DR, Kroemer G. 2009. Cytoplasmic functions of the
tumour suppressor p53. Nature 458:1127-1130.</mixed-citation>
         </ref>
         <ref id="d4561e685a1310">
            <mixed-citation id="d4561e689" publication-type="other">
Grimes CA, Jope RS. 2001. The multifaceted roles of glycogen
synthase kinase 3β in cellular signaling. Prog Neurobiol
65:391-426.</mixed-citation>
         </ref>
         <ref id="d4561e703a1310">
            <mixed-citation id="d4561e707" publication-type="other">
Guan L, Huang F, Li Z, Han B, Jiang Q, Ren Y, et al. 2008. P53
transcription-independent activity mediates selenite-in-
duced acute promyelocytic leukemia NB4 cell apoptosis.
BMB Rep 41:745-750.</mixed-citation>
         </ref>
         <ref id="d4561e723a1310">
            <mixed-citation id="d4561e727" publication-type="other">
Guy GR, Cao X, Chua SP, Tan YH. 1992. Okadaic acid mimics
multiple changes in early protein phosphorylation and
gene expression induced by tumor necrosis factor or
interleukin-1. J Biol Chem 267:1846-1852.</mixed-citation>
         </ref>
         <ref id="d4561e743a1310">
            <mixed-citation id="d4561e747" publication-type="other">
Hegarat LL, Orsiere T, Botta A, Fessard V. 2005. Okadaic acid:
chromosomal non-disjunction analysis in human lympho-
cytes and study of aneugenic pathway in CH0-K1 cells.
Mutat Res 578:53-63.</mixed-citation>
         </ref>
         <ref id="d4561e763a1310">
            <mixed-citation id="d4561e767" publication-type="other">
Ivaska J, Nissinen L, immonen N, Eriksson JE, Kahari VMf
Heino J. 2002. Integrin α2β1 promotes activation of protein
Phosphatase 2A and dephosphorylation of Akt and glyco-
gen synthase kinase 3β. Mol Cell Biol 22:1352-1359.</mixed-citation>
         </ref>
         <ref id="d4561e783a1310">
            <mixed-citation id="d4561e787" publication-type="other">
Jang KL, Shackelford J, Seo SY, Pagano JP. 2005. Up-regulation
of β-catenin by a viral oncogene correlates with inhibition
of the seven in absentia homolog 1 in B lymphoma cells.
Proc Natl Acad Sei USA 102:18431-18436.</mixed-citation>
         </ref>
         <ref id="d4561e803a1310">
            <mixed-citation id="d4561e807" publication-type="other">
Jung JK, Kwun HJ, Lee JO, Arora P, Jang KL 2007. Hepatitis B
virus X protein differentially affects the ubiquitin mediated
proteasomal degradation of β-catenin depending on the
status of cellular p53. J Gen Virol 88:2144-2154.</mixed-citation>
         </ref>
         <ref id="d4561e824a1310">
            <mixed-citation id="d4561e828" publication-type="other">
Junttila MR, Li SP, Westermarck J. 2008. Phosphatase-
mediated crosstalk between MAPK signaling pathways in
the regulation of cell survival. FASEB J 22:954-965.</mixed-citation>
         </ref>
         <ref id="d4561e841a1310">
            <mixed-citation id="d4561e845" publication-type="other">
Karunakaran S, Saeed U, Mishra M, Valli RK, Joshi SD, Meka DP,
et al. 2008. Selective activation of p38 mitogen-activated
protein kinase in dopaminergic neurons of substantia
nigra leads to nuclear translocation of p53 in 1-methyl-4-
phenyl-1,2,3,6-tetrahydropyridine-treated mice. J Neurosci
28:12500-12509.</mixed-citation>
         </ref>
         <ref id="d4561e868a1310">
            <mixed-citation id="d4561e872" publication-type="other">
Kim CJ, Cho YG, Park CH, Jeong SW, Nam SW, Kim SY, et al.
2004. Inactivating mutations of the Siah-1 gene in gastric
cancer. Oncogene 23:8591-8596.</mixed-citation>
         </ref>
         <ref id="d4561e885a1310">
            <mixed-citation id="d4561e889" publication-type="other">
Komatsu M, Furukawa T, Ikeda R, Takumi S, Nong Q, Aoyama K,
et al. 2007. involvement of mitogen-activated protein
kinase signaling pathways in microcystin-LR-induced
apoptosis after its selective uptake mediated by OATP1B1
and OATP1B3. Toxicol Sci 97:407-416.</mixed-citation>
         </ref>
         <ref id="d4561e908a1310">
            <mixed-citation id="d4561e912" publication-type="other">
Komatsu M, Sumizawa T, Mutoh M, Chen Z, Terada K,
Furukawa T, et al. 2000. Copper-transporting P-type adeno-
sine triphosphate (ATP7B) is associated with cisplatin
resistance. Cancer Res 60:1312-1316.</mixed-citation>
         </ref>
         <ref id="d4561e928a1310">
            <mixed-citation id="d4561e932" publication-type="other">
König J, Cui Y, Nies AT, Keppler D. 2000. A novel human organic
anion transporting Polypeptide localized to the basolateral
hepatocyte membrane. Am J Physiol Gastrointest Liver
Physiol 278:156-164.</mixed-citation>
         </ref>
         <ref id="d4561e949a1310">
            <mixed-citation id="d4561e953" publication-type="other">
Kurihara A, Nagoshi H, Yabuki M, Okuyama R, Obinata M,

              Ikawa S. 2007. Ser
              
              phosphorylation of p53 is not always
            
sufficient to induce apoptosis: multiple mechanisms of regu-
lation of p53-dependent apoptosis. Genes Cells 12:853-861.</mixed-citation>
         </ref>
         <ref id="d4561e972a1310">
            <mixed-citation id="d4561e976" publication-type="other">
Letschert K, Keppler D, Konig J. 2004. Mutations in the
SLCO1B3 gene affecting the substrate specificity of the
hepatocellular uptake transporter OATP1B3 (OATP8).
Pharmacogenomics 14:441-452.</mixed-citation>
         </ref>
         <ref id="d4561e992a1310">
            <mixed-citation id="d4561e996" publication-type="other">
Li H, Xie P, Li G, Hao L, Xiong Q. 2009. In vivo study on the
effects of microcystin extracts on the expression profiles
of proto-oncogenes (c-fos, c-jun and c-myc) in liver, kid-
ney and testis of male Wister rats injected i.v. with toxins.
Toxicon 53:169-175.</mixed-citation>
         </ref>
         <ref id="d4561e1015a1310">
            <mixed-citation id="d4561e1019" publication-type="other">
Li L, Ren CH, Tahir SA, Ren C, Thompson TC. 2003. Caveolm-1
maintains activated Akt in prostate cancer cells through
scaffolding domain binding site interactions with and inhi-
bition of serine/threonine protein Phosphatase PP1 and
PP2A. Mol Cell Biol 23:9389-9404.</mixed-citation>
         </ref>
         <ref id="d4561e1038a1310">
            <mixed-citation id="d4561e1042" publication-type="other">
Li X, Yost HJ, Virshup DM, Seeling JM. 2001. Protein Phos-
phatase 2A and its B56 regulatory subunit inhibit Wnt
signaling in Xenopus. EMBO J 20:4122-4131.</mixed-citation>
         </ref>
         <ref id="d4561e1055a1310">
            <mixed-citation id="d4561e1059" publication-type="other">
Lin CF, Chen CLr Chiang CW, Jan MS, Huang WC, Lin YS. 2007.
GSK-3β acts downstream of PP2A and the PI 3-kinase-
Akt pathways, and upstream of caspase-2 in ceramide-
induced mitochondrial apoptosis. J Cell Sci 120:2935-2943.</mixed-citation>
         </ref>
         <ref id="d4561e1076a1310">
            <mixed-citation id="d4561e1080" publication-type="other">
Liu B, Cheng Y, Zhang B, Bian HJ, Bao JK. 2009. Poiygonatum
cyrtonema lectin induces apoptosis and autophagy in
human melanoma A375 cells through a mitochondria-
mediated ROS-p38-p53 pathway. Cancer Lett 275:54-60.</mixed-citation>
         </ref>
         <ref id="d4561e1096a1310">
            <mixed-citation id="d4561e1100" publication-type="other">
Livak KJ, Schmittgen TD. 2001. Analysis of relative gene
expression data using real-time-quantitative PCR and the

              2-
              
              t method. Methods 25:402-408.
            </mixed-citation>
         </ref>
         <ref id="d4561e1116a1310">
            <mixed-citation id="d4561e1120" publication-type="other">
Lu J, Rho O, Wilker E, Beitran L, DiGiovanni J. 2007. Activation
of epidermal Akt by diverse mouse skin tumor promoters.
Mol Cancer Res 5:1342-1352.</mixed-citation>
         </ref>
         <ref id="d4561e1133a1310">
            <mixed-citation id="d4561e1137" publication-type="other">
Matsumura I, Tanaka H, Kanakura Y. 2003. E2F1 and c-Myc in
cell growth and death. Cell Cycle 2:333-338.</mixed-citation>
         </ref>
         <ref id="d4561e1147a1310">
            <mixed-citation id="d4561e1151" publication-type="other">
Messner DJ, Romeo C, Boynton A, Rossie S. 2006. Inhibition of
PP2A, but not PP5, mediates p53 activation by low levels
of okadaic acid in rat liver epithelial cells. J Cell Biochem
99:241-255.</mixed-citation>
         </ref>
         <ref id="d4561e1167a1310">
            <mixed-citation id="d4561e1171" publication-type="other">
Monks NR, Liu S, Xu Y, Yu H, Bendelow AS, Moscow JA.
2007. Potent cytotoxicity of the Phosphatase inhibitor
microcystin LR and microcystin analogues in OATP1B1-
and OATP1B3-expresstng HeLa cells. Mol Cancer Ther
6:587-598.</mixed-citation>
         </ref>
         <ref id="d4561e1191a1310">
            <mixed-citation id="d4561e1197" publication-type="other">
Nong Q, Komatsu M, Izumo K, Indo HP, Xu B, Aoyama K, et al. 2007.
Involvement of reactive oxygen species in microcystin-LR-
induced cytogenotoxicity. Free Radic Res 41:1326-1337.</mixed-citation>
         </ref>
         <ref id="d4561e1210a1310">
            <mixed-citation id="d4561e1214" publication-type="other">
Olmeda D, Castel S, Vilaro S, Cano A. 2003. β-Catemn regulation

              during the cell cycle: implications in G
              
              /M and apoptosis.
            
Mol Biol Cell 14:2844-2860.</mixed-citation>
         </ref>
         <ref id="d4561e1230a1310">
            <mixed-citation id="d4561e1234" publication-type="other">
Oren M. 2003. Decision making by p53: life, death and cancer.
Cell Death Differ 10:431-442.</mixed-citation>
         </ref>
         <ref id="d4561e1244a1310">
            <mixed-citation id="d4561e1248" publication-type="other">
Orford K, Orford CC, Byers SW. 1999. Exogenous expression
of β-catenin regulates contact inhibition, anchorage-
independent growth, anoikis, and radiation-induced cell
cycle arrest. J Cell Biol 146:855-867.</mixed-citation>
         </ref>
         <ref id="d4561e1264a1310">
            <mixed-citation id="d4561e1268" publication-type="other">
Park S, Gwak J, Cho M, Song T, Won J, Kim DE, et al. 2006.
Hexachlorophene inhibits Wnt/β-catenin pathway by
promoting Siah-mediated ß-catenin degradation. Mol
Pharmacol 70:960-966.</mixed-citation>
         </ref>
         <ref id="d4561e1284a1310">
            <mixed-citation id="d4561e1288" publication-type="other">
Runnegar M, Berndt N, Kaplowitz N. 1995. Microcystin uptake
and inhibition of protein phosphatases: effects of chemo-
protectants and self-inhibition in relation to known hepatic
transporters. Toxicol Appl Pharmacol 134:264-272.</mixed-citation>
         </ref>
         <ref id="d4561e1305a1310">
            <mixed-citation id="d4561e1311" publication-type="other">
Seki Y, Yamamoto H, Ngan CY, Yasui M, Tomita N, Kitani K, et al.
2006. Construction of a novel DNA decoy that inhibits the
oncogenic β-catenin/T-cell factor pathways. Mol Cancer
Ther 5:985-994.</mixed-citation>
         </ref>
         <ref id="d4561e1327a1310">
            <mixed-citation id="d4561e1331" publication-type="other">
Shimada K, Nakamura M, Ishida E, Kishi M, Konishi N. 2003.
Roles of p38- and c-jun NH2-terminal kinase-mediated
pathways in 2-methoxyestradiol-induced p53 induction
and apoptosis. Carcinogenesis 24:1067-1075.</mixed-citation>
         </ref>
         <ref id="d4561e1347a1310">
            <mixed-citation id="d4561e1351" publication-type="other">
Smith ND, Rubenstein JN, Eggener SE, Kozlowski JM. 2003. The
p53 tumor suppressor gene and nuclear protein: basic sci-
ence review and relevance in the management of bladder
cancer. JUrol 169:1219-1228.</mixed-citation>
         </ref>
         <ref id="d4561e1367a1310">
            <mixed-citation id="d4561e1371" publication-type="other">
Szymanska K, Chen JG, Cui Y, Gong YY, Turner PC, Villar S,
et al. 2009. TP53 R249S mutations, exposure to aflatoxin,
and occurrence of hepatocellular carcinoma in a cohort
of chronic hepatitis B virus carrier from Qidong, China.
Cancer Epidemiol Biomarker Prev 18:1638-1643.</mixed-citation>
         </ref>
         <ref id="d4561e1390a1310">
            <mixed-citation id="d4561e1394" publication-type="other">
Ueno Y, Nagata S, Tsutsumi T, Hasegawa A, Watanabe MF,
Park HD, et al. 1996. Detection of microcystins, a blue-
green algal hepatotoxin, in drinking water sampled in
Haimen and Fusui, endemic areas of primary liver cancer
in China, by highly sensitive immunoassay. Carcinogenesis
17:1317-1321.</mixed-citation>
         </ref>
         <ref id="d4561e1417a1310">
            <mixed-citation id="d4561e1421" publication-type="other">
Vervoorts Jf Lüscher-Firzlaff J, Lüscher B, 2006. The ins and
outs of MYC regulation by posttranslational mechanisms.
J Biol Chem 281:34725-34729.</mixed-citation>
         </ref>
         <ref id="d4561e1435a1310">
            <mixed-citation id="d4561e1439" publication-type="other">
Wang PJ, Chien MS, Wu FJ, Chou HN, Lee SJ. 2005. Inhibition
of embryonic development by microcystin-LR in zebrafish,
Danio rerio. Toxicon 45:303-308.</mixed-citation>
         </ref>
         <ref id="d4561e1452a1310">
            <mixed-citation id="d4561e1456" publication-type="other">
Wu GS. 2004. The functional interactions between the p53 and
MAPK signaling pathways. Cancer Biol Ther 3:156-161.</mixed-citation>
         </ref>
         <ref id="d4561e1466a1310">
            <mixed-citation id="d4561e1470" publication-type="other">
Yan Y, Shay JWf Wright WE, Mumby MC. 1997. Inhibition of protein
Phosphatase activity induces p53-dependent apoptosis in the
absence of p53transactivation. J Biol Chem 272:15220-15226.</mixed-citation>
         </ref>
         <ref id="d4561e1483a1310">
            <mixed-citation id="d4561e1487" publication-type="other">

              Yoshida K, Liu H, Miki Y. 2006. Protein kinase C δ regulates Ser
              
            
phosphorylation of p53 tumor suppressor in the apoptotic
response to DNA damage. J Biol Chem 281:5734-5740.</mixed-citation>
         </ref>
         <ref id="d4561e1503a1310">
            <mixed-citation id="d4561e1507" publication-type="other">
Yuan M, Carmichael WW, Hilborn ED. 2006. Microcystin
analysis in human sera and liver from human fatalities in
Caruaru, Brazil 1996. Toxicon 48:627-640.</mixed-citation>
         </ref>
         <ref id="d4561e1520a1310">
            <mixed-citation id="d4561e1524" publication-type="other">
Zhu Y, Zhong X, Zheng S, Ge Z, Du Q, Zhang S. 2005. Transforma-
tion of immortalized colorectal crypt cells by microcystin
involving constitutive activation of Akt and MAPK cascade.
Carcinogenesis 26:1207-1214.</mixed-citation>
         </ref>
      </ref-list>
   </back>
</article>
