<article dtd-version="1.0" article-type="research-article">
   <front>
      <journal-meta>
         <journal-id xmlns:xlink="http://www.w3.org/1999/xlink" journal-id-type="jstor">envihealpers</journal-id>
         <journal-id xmlns:xlink="http://www.w3.org/1999/xlink" journal-id-type="jstor">j100482</journal-id>
         <journal-title-group xmlns:xlink="http://www.w3.org/1999/xlink">
            <journal-title>Environmental Health Perspectives</journal-title>
         </journal-title-group>
         <publisher>
            <publisher-name>National Institute of Environmental Health Sciences</publisher-name>
         </publisher>
         <issn xmlns:xlink="http://www.w3.org/1999/xlink" pub-type="ppub">00916765</issn>
      </journal-meta>
      <article-meta>
         <article-id xmlns:xlink="http://www.w3.org/1999/xlink" pub-id-type="jstor">20749167</article-id>
         <article-categories>
            <subj-group>
               <subject>Research</subject>
               <subj-group>
                  <subject>Children's Health</subject>
               </subj-group>
            </subj-group>
         </article-categories>
         <title-group>
            <article-title>Prenatal Exposure to Airborne Polycyclic Aromatic Hydrocarbons and Children's Intelligence at 5 Years of Age in a Prospective Cohort Study in Poland</article-title>
         </title-group>
         <contrib-group>
            <contrib>
               <string-name xmlns:xlink="http://www.w3.org/1999/xlink">
                  <given-names>Susan Claire</given-names>
                  <surname>Edwards</surname>
               </string-name>
            </contrib>
            <contrib>
               <string-name xmlns:xlink="http://www.w3.org/1999/xlink">
                  <given-names>Wieslaw</given-names>
                  <surname>Jedrychowski</surname>
               </string-name>
            </contrib>
            <contrib>
               <string-name xmlns:xlink="http://www.w3.org/1999/xlink">
                  <given-names>Maria</given-names>
                  <surname>Butscher</surname>
               </string-name>
            </contrib>
            <contrib>
               <string-name xmlns:xlink="http://www.w3.org/1999/xlink">
                  <given-names>David</given-names>
                  <surname>Camann</surname>
               </string-name>
            </contrib>
            <contrib>
               <string-name xmlns:xlink="http://www.w3.org/1999/xlink">
                  <given-names>Agnieszka</given-names>
                  <surname>Kieltyka</surname>
               </string-name>
            </contrib>
            <contrib>
               <string-name xmlns:xlink="http://www.w3.org/1999/xlink">
                  <given-names>Elzbieta</given-names>
                  <surname>Mroz</surname>
               </string-name>
            </contrib>
            <contrib>
               <string-name xmlns:xlink="http://www.w3.org/1999/xlink">
                  <given-names>Elzbieta</given-names>
                  <surname>Flak</surname>
               </string-name>
            </contrib>
            <contrib>
               <string-name xmlns:xlink="http://www.w3.org/1999/xlink">
                  <given-names>Zhigang</given-names>
                  <surname>Li</surname>
               </string-name>
            </contrib>
            <contrib>
               <string-name xmlns:xlink="http://www.w3.org/1999/xlink">
                  <given-names>Shuang</given-names>
                  <surname>Wang</surname>
               </string-name>
            </contrib>
            <contrib>
               <string-name xmlns:xlink="http://www.w3.org/1999/xlink">
                  <given-names>Virginia</given-names>
                  <surname>Rauh</surname>
               </string-name>
            </contrib>
            <contrib>
               <string-name xmlns:xlink="http://www.w3.org/1999/xlink">
                  <given-names>Frederica</given-names>
                  <surname>Perera</surname>
               </string-name>
            </contrib>
         </contrib-group>
         <pub-date xmlns:xlink="http://www.w3.org/1999/xlink">
            <day>1</day>
            <month>9</month>
            <year>2010</year>
         </pub-date>
         <volume>118</volume>
         <issue>9</issue>
         <issue-id xmlns:xlink="http://www.w3.org/1999/xlink">i20749127</issue-id>
         <fpage>1326</fpage>
         <lpage>1331</lpage>
         <self-uri xmlns:xlink="http://www.w3.org/1999/xlink"
                   xlink:href="http://www.jstor.org/stable/20749167"/>
         <abstract>
            <p>Background: In this prospective cohort study of Caucasian mothers and children in Krakow, Poland, we evaluated the role of prenatal exposure to urban air pollutants in the pathogenesis of neurobehavioral disorders. Objectives: The objective of this study was to investigate the relationship between prenatal polycyclic aromatic hydrocarbon (PAH) exposure and child intelligence at 5 years of age, controlling for potential confounders suspected to play a role in neurodevelopment. Methods: A cohort of pregnant, healthy, nonsmoking women was enrolled in Krakow, Poland, between 2001 and 2006. During pregnancy, participants were invited to complete a questionnaire and undergo 48-hr personal air monitoring to estimate their babies' exposure, and to provide a blood sample and/or a cord blood sample at the time of delivery. Two hundred fourteen children were followed through 5 years of age, when their nonverbal reasoning ability was assessed using the Raven Coloured Progressive Matrices (RCPM). Results: We found that higher (above the median of 17.96 ng/m³) prenatal exposure to airborne PAHs (range, 1.8-272.2 ng/m³) was associated with decreased RCPM scores at 5 years of age, after adjusting for potential confounding variables (n = 214). Further adjusting for maternal intelligence, lead, or dietary PAHs did not alter this association. The reduction in RCPM score associated with high airborne PAH exposure corresponded to an estimated average decrease of 3.8 IQ points. Conclusions: These results suggest that prenatal exposure to airborne PAHs adversely affects children's cognitive development by 5 years of age, with potential implications for school performance. They are consistent with a recent finding in a parallel cohort in New York City.</p>
         </abstract>
         <custom-meta-group xmlns:xlink="http://www.w3.org/1999/xlink">
            <custom-meta>
               <meta-name>lang</meta-name>
               <meta-value>eng</meta-value>
            </custom-meta>
         </custom-meta-group>
      </article-meta>
   </front>
   <back>
      <ref-list>
         <title>References</title>
         <ref id="d4652e282a1310">
            <mixed-citation id="d4652e286" publication-type="other">
Archibong AE, Inyang F, Ramesh A, Greenwood M, Nayyar T,
Kopsombut P, et al. 2002. Alteration of pregnancy related
hormones and fetal survival in F-344 rats exposed by inha-
lation to benzolalpyrene. Reprod Toxicol 16:801-808.</mixed-citation>
         </ref>
         <ref id="d4652e302a1310">
            <mixed-citation id="d4652e306" publication-type="other">
ATSDR. 1995. Toxicological Profile for Polycyclic Aromatic
hydrocarbons (PAHs). Atlanta, GA:Agency for Toxic
Substances and Disease Registry. Available: http://www.
atsdr.cdc.gov/toxprofiles/tp69.html [accessed 7 June 2009].</mixed-citation>
         </ref>
         <ref id="d4652e322a1310">
            <mixed-citation id="d4652e326" publication-type="other">
Balboni G, Naglieri JA, Cubelli R. 2010. Concurrent and predic-
tive validity of the Raven Progressive Matrices and the
Naglieri Nonverbal Ability Test. J Psychoeduc Assess
28(3):222-235.</mixed-citation>
         </ref>
         <ref id="d4652e342a1310">
            <mixed-citation id="d4652e346" publication-type="other">
Barker DJ. 2004. The developmental origins of adult disease.
J Am Coll Nutr 23:588S-595S.</mixed-citation>
         </ref>
         <ref id="d4652e357a1310">
            <mixed-citation id="d4652e361" publication-type="other">
Bennert JT, Turner WE, Pirkle JL, Sosnoff CS, Akins JR, Waldrep
MK, et al. 1997. Development and validation of sensitive
method for determination of serum cotinine in smokers
and nonsmokers by liquid chromatography/atmospheric
pressure ionization tandem mass spectrometry. Clin Chem
43:2281-2291.</mixed-citation>
         </ref>
         <ref id="d4652e384a1310">
            <mixed-citation id="d4652e388" publication-type="other">
Bradley RH, Corwyn RF, Whiteside-Mansell L. 1996. Life at
home: same time, different places—an examination of
the HOME inventory in different cultures. Early Dev Parent
5:251-269.</mixed-citation>
         </ref>
         <ref id="d4652e404a1310">
            <mixed-citation id="d4652e408" publication-type="other">
Bui QQ, Tran MB, West WL. 1986. A comparative study of the
reproductive effects of methadone and benzol alpyrene in the
pregnant and pseudopregnant rat. Toxicology 42:195-204.</mixed-citation>
         </ref>
         <ref id="d4652e421a1310">
            <mixed-citation id="d4652e425" publication-type="other">
Camann DE, Whyatt RM. 2001. Retention and storage stability
of pesticides and PAH in PUF air samples [Abstract]. In:
Proceedings of the 11th Annual Meeting of International
Society of Exposure Analysis. Charleston, SC:lnternational
Society of Exposure Analysis, Abstract 172.</mixed-citation>
         </ref>
         <ref id="d4652e444a1310">
            <mixed-citation id="d4652e448" publication-type="other">
Choi H, Jedrychowski W, Spengler J, Camann DE, Whyatt RM,
Rauh V, et al. 2006. International studies of prenatal
exposure to polycyclic aromatic hydrocarbons and fetal
growth. Environ Health Perspect 114:1744-1750.</mixed-citation>
         </ref>
         <ref id="d4652e464a1310">
            <mixed-citation id="d4652e468" publication-type="other">
Choi H, Perera FP, Pac A, Wang L, Flak E, Mroz E, et al. 2008.
Estimating individual-level exposure to airborne poly-
cyclic aromatic hydrocarbons throughout the gestational
period based on personal, indoor, and outdoor monitoring.
Environ Health Perspect 116:1509-1518.</mixed-citation>
         </ref>
         <ref id="d4652e488a1310">
            <mixed-citation id="d4652e492" publication-type="other">
Counter SA, Buchanan LH, Ortega F. 2005. Neurocognitive
impairment in lead-exposed children of Andean lead-
glazing workers. J Occup Environ Med 47:306-312.</mixed-citation>
         </ref>
         <ref id="d4652e505a1310">
            <mixed-citation id="d4652e509" publication-type="other">
Counter SA, Buchanan LH, Ortega F. 2009. Neurocognitive
screening of lead-exposed Andean adolescents and young
adults. J Toxicol Environ Health, Part A 72:625-632.</mixed-citation>
         </ref>
         <ref id="d4652e522a1310">
            <mixed-citation id="d4652e526" publication-type="other">
Date AR, Gray AL 1989. Applications of Inductively Coupled
Plasma Mass Spectrometry. New York, NY:Chapman &amp; Hall.</mixed-citation>
         </ref>
         <ref id="d4652e536a1310">
            <mixed-citation id="d4652e540" publication-type="other">
Dejmek J, Solansky I, Benes I, Lenicek J, Sräm RJ. 2000. The
impact of polycyclic aromatic hydrocarbons and fine par-
ticles on pregnancy outcome. Environ Health Perspect
108:1159-1164.</mixed-citation>
         </ref>
         <ref id="d4652e556a1310">
            <mixed-citation id="d4652e560" publication-type="other">
DeMauro GE. 2001. Review of the Test of Nonverbal
Intelligence, Third Edition. In: The Fourteenth Mental
Measurements Yearbook (Plake BS, impara JC, eds).
Lincoln, NE:Buros Institute of Mental Measurements.</mixed-citation>
         </ref>
         <ref id="d4652e576a1310">
            <mixed-citation id="d4652e580" publication-type="other">
Eskenazi B, Castorina R. 1999. Association of prenatal maternal
or postnatal child environmental tobacco smoke exposure
and neurodevelopmental and behavioral problems in chil-
dren. Environ Health Perspect 107:991-1000.</mixed-citation>
         </ref>
         <ref id="d4652e597a1310">
            <mixed-citation id="d4652e601" publication-type="other">
Hack M, Breslau N, Weissman B, Aram D, Klein N, Borawski E.
1991. Effect of very low birth weight and subnormal head
size on cognitive ability at school age. N Engl J Med
325:231-237.</mixed-citation>
         </ref>
         <ref id="d4652e617a1310">
            <mixed-citation id="d4652e623" publication-type="other">
Jedrychowski W, Bendkowska I, Flak E, Penar A, Jacek R,
Kaim I, et al. 2004. Estimated risk for altered fetal growth
resulting from exposure to fine particles during pregnancy:
an epidemiologic prospective cohort study in Poland.
Environ Health Perspect 112:1398-1402.</mixed-citation>
         </ref>
         <ref id="d4652e642a1310">
            <mixed-citation id="d4652e646" publication-type="other">
Jedrychowski W, Pac A, Choi H, Jacek R, Sochacka-Tatara E,
Dumyahn TS, et al. 2007. Personal exposure to fine parti-
cles and benzo[a]pyrene. Relation with indoor and outdoor
concentrations of these pollutants in Krakow. Int J Occup
Med Environ Health 20:339-348.</mixed-citation>
         </ref>
         <ref id="d4652e665a1310">
            <mixed-citation id="d4652e669" publication-type="other">
Jedrychowski W, Perera F, Jankowski J, Mrozek-Budzyn D,
Mroz E, Flak E, et al. 2009a. Gender specific differences in
neurodevelopmental effects of prenatal exposure to very
low-lead levels: the prospective cohort study in three-year
olds. Early Hum Dev 85:503-510.</mixed-citation>
         </ref>
         <ref id="d4652e688a1310">
            <mixed-citation id="d4652e692" publication-type="other">
Jedrychowski W, Perera F, Jankowski J, Mrozek-Budzyn D,
Mroz E, Flak E, et al. 2009b. Very low prenatal exposure
to lead and mental development of children in infancy
and early childhood. Krakow Prospective Cohort Study.
Neuroepidemiology 32:270-278.</mixed-citation>
         </ref>
         <ref id="d4652e711a1310">
            <mixed-citation id="d4652e715" publication-type="other">
Kagan J, Moss H. 1959. Parental correlates of child's IQ and
height: a cross-validation of the Berkeley growth study
results. Child Dev 30:325-332.</mixed-citation>
         </ref>
         <ref id="d4652e729a1310">
            <mixed-citation id="d4652e733" publication-type="other">
Li Z, Romanoff LC, Trinidad DA, Hussain N, Jones RS, Porter EN,
et al. 2006. Measurement of urinary monohydroxy polycy-
clic aromatic hydrocarbons using automated liquid-liquid
extraction and gas chromatography/isotope dilution high-
resolution mass spectrometry. Anal Chem 78:5744-5751.</mixed-citation>
         </ref>
         <ref id="d4652e752a1310">
            <mixed-citation id="d4652e756" publication-type="other">
Manchester DK, Gordon SK, Golas CL, Roberts EA, Okey
AB. 1987. Ah receptor in human placenta: stabilization
by molybdate and characterization of binding of 2,3,7,8-
tetrachlorodibenzo-p-dioxin, 3-methylcholanthrene, and
benzo(a}pyrene. Cancer Res 47:4861-4868.</mixed-citation>
         </ref>
         <ref id="d4652e775a1310">
            <mixed-citation id="d4652e779" publication-type="other">
McAskie M, Clarke A. 1976. Parent-offspring resemblances in
intelligence-theories and evidence. Br J Psychol 67:243-273</mixed-citation>
         </ref>
         <ref id="d4652e789a1310">
            <mixed-citation id="d4652e793" publication-type="other">
Metzer R, Delgado JL, Herreil R. 1995. Environmental health
and Hispanic children. Environ Health Perspect 103:25-32.</mixed-citation>
         </ref>
         <ref id="d4652e803a1310">
            <mixed-citation id="d4652e807" publication-type="other">
Neubert D, Tapken S. 1988. Transfer of benzo(a}pyrene into
mouse embryos and fetuses. Arch Toxicol 62:236-239.</mixed-citation>
         </ref>
         <ref id="d4652e817a1310">
            <mixed-citation id="d4652e821" publication-type="other">
Nicol CJ, Harrison ML, Laposa RR, Gimelshtein IL, Wells PG.
1995. A teratologic suppressor role for p53 in benzoU]
pyrene-treated transgenic p53-deficient mice. Nat Genet
10:181-187.</mixed-citation>
         </ref>
         <ref id="d4652e838a1310">
            <mixed-citation id="d4652e842" publication-type="other">
Noble K, McCandliss B. 2005. Reading development and impair-
ment: behavioral, social, and neurobiological factors.
J Dev Behav Pediatr 26:370-378.</mixed-citation>
         </ref>
         <ref id="d4652e855a1310">
            <mixed-citation id="d4652e859" publication-type="other">
NRC (National Research Council). 1993a. Issues in Risk
Assessment. Washington, DC:National Academy Press.</mixed-citation>
         </ref>
         <ref id="d4652e869a1310">
            <mixed-citation id="d4652e873" publication-type="other">
NRC (National Research Council). 1993b. Pesticides in the
Diets of Infants and Children. Washington, DC:National
Academy Press.</mixed-citation>
         </ref>
         <ref id="d4652e886a1310">
            <mixed-citation id="d4652e890" publication-type="other">
Perera F, Tang WY, Herbstman J, Tang D, Levin L, Miller R,
et al. 2009a. Relation of DNA methylation of 5'-CpG island
of ACSL3 to transplacental exposure to airborne polycy-
clic aromatic hydrocarbons and childhood asthma. PLoS
0NE4:e4488.</mixed-citation>
         </ref>
         <ref id="d4652e909a1310">
            <mixed-citation id="d4652e913" publication-type="other">
Perera F, Tang D, Whyatt R, Lederman SA, Jedrychowski W.
2005. DNA damage from polycyclic aromatic hydrocar-
bons measured by benzo[a]pyrene-DNA adducts in moth-
ers and newborns from Northern Manhattan, the World
Trade Center area, Poland, and China. Cancer Epidemiol
Biomarkers Prev 14:709-714.</mixed-citation>
         </ref>
         <ref id="d4652e936a1310">
            <mixed-citation id="d4652e940" publication-type="other">
Perera FP, Li Z, Whyatt R, Hoepner L, Wang S, Camann D, et al.
2009b. Prenatal polycyclic aromatic hydrocarbon exposure
and child intelligence at age 5. Pediatrics 124:e195-e202.</mixed-citation>
         </ref>
         <ref id="d4652e954a1310">
            <mixed-citation id="d4652e958" publication-type="other">
Perera FP, Rauh V, Tsai WY, Kinney P, Camann D, Barr D, et al.
2003. Effects of transplacental exposure to environmental
pollutants on birth outcomes in a multi-ethnic population.
Environ Health Perspect 111:201-205.</mixed-citation>
         </ref>
         <ref id="d4652e974a1310">
            <mixed-citation id="d4652e978" publication-type="other">
Perera FP, Rauh V, Whyatt RM, Tsai WY, Tang D, Diaz D, et al.
2006. Effect of prenatal exposure to airborne polycyclic
aromatic hydrocarbons on neurodevelopment in the first
3 years of life among inner-city children. Environ Health
Perspect 114:1287-1292.</mixed-citation>
         </ref>
         <ref id="d4652e997a1310">
            <mixed-citation id="d4652e1001" publication-type="other">
Raven J. 2000. Manual for Raven's Progressive Matrices
and Vocabulary Scales: Research Supplement No. 3.
London:Oxford Psychologists Press Ltd.</mixed-citation>
         </ref>
         <ref id="d4652e1014a1310">
            <mixed-citation id="d4652e1018" publication-type="other">
Raven J, Raven JC, Court JH. 1998. Manual for Raven's
Progressive Matrices and Vocabulary Scales. Section 2.
Coloured Progressive Matrices. London:Oxford Psychologists
Press Ltd.</mixed-citation>
         </ref>
         <ref id="d4652e1034a1310">
            <mixed-citation id="d4652e1038" publication-type="other">
Rodier PM. 2004. Environmental causes of central nervous sys-
tem maldevelopment. Pediatrics 113:1076-1083.</mixed-citation>
         </ref>
         <ref id="d4652e1048a1310">
            <mixed-citation id="d4652e1052" publication-type="other">
Sattler J. 1986. Assessment of Children. 3rd ed. San
Diego:Jerome M. Sattler, Publisher, Inc.</mixed-citation>
         </ref>
         <ref id="d4652e1063a1310">
            <mixed-citation id="d4652e1069" publication-type="other">
Saunders CR, Das SK, Ramesh A, Shockley DC, Mukherjee S.
2006. Benzo(a)pyrene-induced acute neurotoxicity in the
F-344 rat: role of oxidative stress. J Appl Toxicol 26:427-438.</mixed-citation>
         </ref>
         <ref id="d4652e1082a1310">
            <mixed-citation id="d4652e1086" publication-type="other">
Schwartz J. 2004. Air pollution and children's health. Pediatrics
113:1037-1043.</mixed-citation>
         </ref>
         <ref id="d4652e1096a1310">
            <mixed-citation id="d4652e1100" publication-type="other">
Sizemore O, Amler R. 1996. Characteristics of ATSDR's adult
and pediatric environmental neurobehavioral test batter-
ies. Neurotoxicology 17:229-236.</mixed-citation>
         </ref>
         <ref id="d4652e1113a1310">
            <mixed-citation id="d4652e1117" publication-type="other">
Šräm RJ, Binkova B. 2000. Molecular epidemiology studies on
occupational and environmental exposure to mutagens and
carcinogens, 1997-1999. Environ Health Perspect 108:57-70.</mixed-citation>
         </ref>
         <ref id="d4652e1130a1310">
            <mixed-citation id="d4652e1134" publication-type="other">
Szustrowa T, Jaworowska A. 1992. Podrecznik do testu matryc
Ravena,wersja kolorowa [in Polish]. Warszawa:Pracownia
Testow Psychologiczynch Polskiego Towarzystwa
Pscychologicnego.</mixed-citation>
         </ref>
         <ref id="d4652e1150a1310">
            <mixed-citation id="d4652e1156" publication-type="other">
Takeda K, Tsukue N, Yoshida S. 2004. Endocrine-disrupting
activity of chemicals in diesel exhaust and diesel exhaust
particles. Environ Sci 11:33-45.</mixed-citation>
         </ref>
         <ref id="d4652e1170a1310">
            <mixed-citation id="d4652e1174" publication-type="other">
Tonne CC, Whyatt RM, Camann DE, Perera FP, Kinney PL. 2004.
Predictors of personal polycyclic aromatic hydrocarbon
exposures among pregnant minority women in New York
City. Environ Health Perspect 112:754-759.</mixed-citation>
         </ref>
         <ref id="d4652e1190a1310">
            <mixed-citation id="d4652e1194" publication-type="other">
Vartiainen E, Seppala T, Lillsunde P, Puska P. 2002. Validation
of self reported smoking by serum cotinine measurement
in a community-based study. J Epidemiol Community
Health 56:167-170.</mixed-citation>
         </ref>
         <ref id="d4652e1210a1310">
            <mixed-citation id="d4652e1214" publication-type="other">
Whyatt RM, Bell DA, Santella RM, Garte SJ, Jedrychowski W,
Gladek-Yarborough A, et al. 1998. Polycyclic aromatic
hydrocarbon-DNA adducts in human placenta and modu-
lation by CYP1A1 induction and genotype. Carcinogenesis
19:1389-1392.</mixed-citation>
         </ref>
         <ref id="d4652e1233a1310">
            <mixed-citation id="d4652e1237" publication-type="other">
Whyatt RM, Perera FP, 1995. Application of biologic markers to
studies of environmental risks in children and the develop-
ing fetus. Environ Health Perspect 103:105-110.</mixed-citation>
         </ref>
         <ref id="d4652e1250a1310">
            <mixed-citation id="d4652e1254" publication-type="other">
Wilson VI, Jones PA. 1983. Inhibition of DNA methylation by
chemical carcinogens in vitro. Cell 32:239-246.</mixed-citation>
         </ref>
         <ref id="d4652e1264a1310">
            <mixed-citation id="d4652e1268" publication-type="other">
Wood KA, Youle RJ. 1995. The role of free radicals and p53 in
neuron apoptosis in vivo. J Neuroscience 15:5851-5857.</mixed-citation>
         </ref>
         <ref id="d4652e1279a1310">
            <mixed-citation id="d4652e1283" publication-type="other">
World Health Organization. 1986. Principles for Evaluating Health
Risks from Chemicals during Infancy and Early Childhood:
The Need for a Special Approach. Environmental Health
Criteria 59. Geneva:World Health Organization.</mixed-citation>
         </ref>
         <ref id="d4652e1299a1310">
            <mixed-citation id="d4652e1303" publication-type="other">
Wormley DD, Ramesh A, Hood DB. 2004. Environmental con-
taminant-mixture effects on CNS development, plasticity,
and behavior. Toxicol Appl Pharmacol 197:49-65.</mixed-citation>
         </ref>
      </ref-list>
   </back>
</article>
