<article dtd-version="1.0" article-type="research-article">
   <front>
      <journal-meta>
         <journal-id xmlns:xlink="http://www.w3.org/1999/xlink" journal-id-type="jstor">envihealpers</journal-id>
         <journal-id xmlns:xlink="http://www.w3.org/1999/xlink" journal-id-type="jstor">j100482</journal-id>
         <journal-title-group xmlns:xlink="http://www.w3.org/1999/xlink">
            <journal-title>Environmental Health Perspectives</journal-title>
         </journal-title-group>
         <publisher>
            <publisher-name>National Institute of Environmental Health Sciences</publisher-name>
         </publisher>
         <issn xmlns:xlink="http://www.w3.org/1999/xlink" pub-type="ppub">00916765</issn>
      </journal-meta>
      <article-meta>
         <article-id xmlns:xlink="http://www.w3.org/1999/xlink" pub-id-type="jstor">20749150</article-id>
         <article-categories>
            <subj-group>
               <subject>Research</subject>
            </subj-group>
         </article-categories>
         <title-group>
            <article-title>Neonatal Exposure to Bisphenol A and Reproductive and Endocrine Alterations Resembling the Polycystic Ovarian Syndrome in Adult Rats</article-title>
         </title-group>
         <contrib-group>
            <contrib>
               <string-name xmlns:xlink="http://www.w3.org/1999/xlink">
                  <given-names>Marina</given-names>
                  <surname>Fernández</surname>
               </string-name>
            </contrib>
            <contrib>
               <string-name xmlns:xlink="http://www.w3.org/1999/xlink">
                  <given-names>Nadia</given-names>
                  <surname>Bourguignon</surname>
               </string-name>
            </contrib>
            <contrib>
               <string-name xmlns:xlink="http://www.w3.org/1999/xlink">
                  <given-names>Victoria</given-names>
                  <surname>Lux-Lantos</surname>
               </string-name>
            </contrib>
            <contrib>
               <string-name xmlns:xlink="http://www.w3.org/1999/xlink">
                  <given-names>Carlos</given-names>
                  <surname>Libertun</surname>
               </string-name>
            </contrib>
         </contrib-group>
         <pub-date xmlns:xlink="http://www.w3.org/1999/xlink">
            <day>1</day>
            <month>9</month>
            <year>2010</year>
         </pub-date>
         <volume>118</volume>
         <issue>9</issue>
         <issue-id xmlns:xlink="http://www.w3.org/1999/xlink">i20749127</issue-id>
         <fpage>1217</fpage>
         <lpage>1222</lpage>
         <self-uri xmlns:xlink="http://www.w3.org/1999/xlink"
                   xlink:href="http://www.jstor.org/stable/20749150"/>
         <abstract>
            <p>Background: Bisphenol A (BPA), an endocrine disruptor, is a component of polycarbonate plastics, epoxy resins, and polystyrene. Several studies have reported potent in vivo effects, because BPA behaves as an estrogen agonist and/or antagonist and as an androgen and thyroid hormone antagonist. Objectives: We investigated the effects of neonatal exposure to BPA on the reproductive axis in adult female Sprague-Dawley rats. Methods: Female rats were injected subcutaneously, daily from postnatal day 1 (PND1) to PND10 with BPA in castor oil at 500 μg/50 μL [BPA500; ∼ 10⁻⁴ M, a dose higher than the lowest observed adverse effect level (LOAEL) of 50 mg/kg], 50 μg/50 μL (BPA50), or 5 μg/50 μL (both BPA50 and BPA5 are doses lower than the LOAEL), or castor oil vehicle alone. In adults we studied a) the release of gonadotropin-releasing hormone (GnRH) from hypothalamic explants, b) serum sex hormone levels, and c) ovarian morphology, ovulation, and fertility. Results: Neonatal exposure to BPA was associated with increased serum testosterone and estradiol levels, reduced progesterone in adulthood, and altered in vitro GnRH secretion. Animals exposed to BPA500 had altered ovarian morphology, showing a large number of cysts. Animals exposed to BPA50 had reduced fertility without changes in the number of oocytes on the morning of estrus, whereas animals exposed to BPA500 showed infertility. Conclusions: Exposure to high doses of BPA during the period of brain sexual differentiation altered the hypothalamic—pituitary—gonadal axis in female Sprague-Dawley rats. These results have the potential to link neonatal exposure to high doses of BPA in rats with the development of polycystic ovarian syndrome. Studies of doses and routes of administration more consistent with human exposures are needed to determine the relevance of these findings to human health.</p>
         </abstract>
         <custom-meta-group xmlns:xlink="http://www.w3.org/1999/xlink">
            <custom-meta>
               <meta-name>lang</meta-name>
               <meta-value>eng</meta-value>
            </custom-meta>
         </custom-meta-group>
      </article-meta>
   </front>
   <back>
      <ref-list>
         <title>References</title>
         <ref id="d4708e201a1310">
            <mixed-citation id="d4708e205" publication-type="other">
Adewale HB, Jefferson WN, Newbold RR, Patisaul HB. 2009.
Neonatal bisphenol-A exposure alters rat reproductive
development and ovarian morphology without impairing
activation of gonadotropin releasing hormone neurons.
Biol Reprod 81:690-693.</mixed-citation>
         </ref>
         <ref id="d4708e224a1310">
            <mixed-citation id="d4708e228" publication-type="other">
Alonso-Magdalena P, Morimoto S, Ripoll C, Fuentes E, Nadal A.
2006. The estrogenic effect of bisphenol A disrupts pancre-
atic beta-cell function in vivo and induces insulin resistance.
Environ Health Perspect 114:106-112.</mixed-citation>
         </ref>
         <ref id="d4708e244a1310">
            <mixed-citation id="d4708e248" publication-type="other">
Bianchi MS, Catalano PN, Bonaventura MM, Silveyra P,
Bettler B, Libertun C, et al. 2004. Effect of androgens on
sexual differentiation of pituitary gamma-aminobutyric acid

              receptor subunit GABA
              
              expression. Neuroendocrinology
            
80:129-142.</mixed-citation>
         </ref>
         <ref id="d4708e270a1310">
            <mixed-citation id="d4708e274" publication-type="other">
Calafat AM, Weuve J, Ye X, Jia LT, Hu H, Ringer S, et al. 2009.
Exposure to bisphenol A and other phenols in neonatal
intensive care unit premature infants. Environ Health
Perspect 117:639-644.</mixed-citation>
         </ref>
         <ref id="d4708e291a1310">
            <mixed-citation id="d4708e295" publication-type="other">
Chapman JC, Min SH, Freeh SM, Michael SD. 2009. The estrogen-
injected female mouse: new insight into the etiology of
PCOS. Reprod Biol Endocrinol 7:47; doi:10.1186/1477-7827-
7-47 [Online 18 May 2009].</mixed-citation>
         </ref>
         <ref id="d4708e311a1310">
            <mixed-citation id="d4708e315" publication-type="other">
Charles GD, Gennings C, Tornesi B, Kan HL, Zacharewski TR,
Bhaskar Gollapudi B, et al. 2007. Analysis of the interaction
of phytoestrogens and synthetic chemicals: an in vitro/
in vivo comparison. Toxicol Appl Pharmacol 218:280-288.</mixed-citation>
         </ref>
         <ref id="d4708e331a1310">
            <mixed-citation id="d4708e335" publication-type="other">
Grain DA, Janssen SJ, Edwards TM, Heindel J, Ho SM, Hunt P,
et al. 2008. Female reproductive disorders: the roles of endo-
crine-disrupting compounds and developmental timing. Fertil
Steril 90:911-940.</mixed-citation>
         </ref>
         <ref id="d4708e351a1310">
            <mixed-citation id="d4708e355" publication-type="other">
Diamanti-Kandarakis E, Bourguignon JP, Giudice LC, Hauser R,
Prins GS, Soto AM, et al. 2009. Endocrine-disrupting
chemicals: an Endocrine Society scientific statement.
Endocr Rev 30:293-342.</mixed-citation>
         </ref>
         <ref id="d4708e371a1310">
            <mixed-citation id="d4708e375" publication-type="other">
Durando M, Kass L, Piva J, Sonnenschein C, Soto AM,
Luque EH, et al. 2007. Prenatal bisphenol A exposure
induces preneoplastic lesions in the mammary gland in
Wistar rats. Environ Health Perspect 115:80-86.</mixed-citation>
         </ref>
         <ref id="d4708e391a1310">
            <mixed-citation id="d4708e395" publication-type="other">
Edginton AN, Ritter L. 2009. Predicting plasma concentrations of
bisphenol A in children younger than 2 years of age after
typical feeding schedules, using a physiologically based
toxicokinetic model. Environ Health Perspect 117:645-652.</mixed-citation>
         </ref>
         <ref id="d4708e412a1310">
            <mixed-citation id="d4708e416" publication-type="other">
Fernández M, Bianchi M, Lux-Lantos V, Libertun C. 2009. Neonatal
exposure to bisphenol A alters reproductive parameters and
gonadotropin releasing hormone signaling in female rats.
Environ Health Perspect 117:757-762.</mixed-citation>
         </ref>
         <ref id="d4708e432a1310">
            <mixed-citation id="d4708e436" publication-type="other">
Heisterkamp I, Gandrass J, Ruck W. 2004. Bioassay-directed
chemical analysis utilizing LC-MS: a tool for identifying
estrogenic compounds in water samples? Anal Bioanal
Chem 378:709-715.</mixed-citation>
         </ref>
         <ref id="d4708e452a1310">
            <mixed-citation id="d4708e456" publication-type="other">
Hugo ER, Brandebourg TD, Woo JG, Loftus J, Alexander JW,
Ben-Jonathan N. 2008. Bisphenol A at environmentally
relevant doses inhibits adiponectin release from human
adipose tissue explants and adipocytes. Environ Health
Perspect 116:1642-1647.</mixed-citation>
         </ref>
         <ref id="d4708e475a1310">
            <mixed-citation id="d4708e479" publication-type="other">
Kato H, Ota T, Furuhashi T, Ohta Y, Iguchi T. 2003. Changes in
reproductive organs of female rats treated with bisphenol
A during the neonatal period. Reprod Toxicol 17:283-288.</mixed-citation>
         </ref>
         <ref id="d4708e492a1310">
            <mixed-citation id="d4708e496" publication-type="other">
Kavlock RJ, Daston GP, DeRosa C, Fenner-Crisp P, Gray LE,
Kaattari S, et al. 1996. Research needs for the risk assess-
ment of health and environmental effects of endocrine
disruptors: a report of the U.S. EPA-sponsored workshop.
Environ Health Perspect 104(suppl 4):715-740.</mixed-citation>
         </ref>
         <ref id="d4708e515a1310">
            <mixed-citation id="d4708e519" publication-type="other">
Khurana S, Ranmal S, Ben Jonathan N. 2000. Exposure of new-
born male and female rats to environmental estrogens:
delayed and sustained hyperprolactinemia and altera-
tions in estrogen receptor expression. Endocrinology
141:4512-4517.</mixed-citation>
         </ref>
         <ref id="d4708e539a1310">
            <mixed-citation id="d4708e543" publication-type="other">
Marshall JC, Eagleson CA, McCartney CR. 2001. Hypothalamic
dysfunction. Mol Cell Endocrinol 183:29-32.</mixed-citation>
         </ref>
         <ref id="d4708e553a1310">
            <mixed-citation id="d4708e557" publication-type="other">
Martinez de la Escalera G, Choi AL, Weiner RI. 1992. Generation
and synchronization of gonadotropin-releasing hormone
(GnRH) pulses: intrinsic properties of the GT1-1 GnRH neu-
ronal cell line. Proc Natl Acad Sci USA 89:1852-1855.</mixed-citation>
         </ref>
         <ref id="d4708e573a1310">
            <mixed-citation id="d4708e577" publication-type="other">
Masuno H, Iwanami J, Kidani T, Sakayama K, Honda K. 2005.
Bisphenol A accelerates terminal differentiation of 3T3-L1
ceils into adipocytes through the phosphatidylinositol
3-kinase pathway. Toxicol Sci 84:319-327.</mixed-citation>
         </ref>
         <ref id="d4708e593a1310">
            <mixed-citation id="d4708e597" publication-type="other">
Moral R, Wang R, Russo IH, Lamartiniere CA, Pereira J,
Russo J. 2008. Effect of prenatal exposure to the endocrine
disruptor bisphenol A on mammary gland morphology and
gene expression signature. J Endocrinol 196:101-112.</mixed-citation>
         </ref>
         <ref id="d4708e613a1310">
            <mixed-citation id="d4708e617" publication-type="other">
Parborell F, Irusta G, Vitale A, Gonzalez O, Pecci A, Tesone M.
2005. Gonadotropin-releasing hormone antagonist antide
inhibits apoptosis of preovulatory follicle cells in rat ovary.
Biol Reprod 72:653-666.</mixed-citation>
         </ref>
         <ref id="d4708e633a1310">
            <mixed-citation id="d4708e637" publication-type="other">
Patisaul HB, Fortino AE, Polston EK. 2006. Neonatal genistein or
bisphenol-A exposure alters sexual differentiation of the
AVPV. Neurotoxicol Teratol 28:111-118.</mixed-citation>
         </ref>
         <ref id="d4708e651a1310">
            <mixed-citation id="d4708e655" publication-type="other">
Patisaul HB, Fortino AE, Polston EK. 2007. Differential disruption
of nuclear volume and neuronal phenotype in the preoptic
area by neonatal exposure to genistein and bisphenol-A.
Neurotoxicology 28:1-12.</mixed-citation>
         </ref>
         <ref id="d4708e671a1310">
            <mixed-citation id="d4708e675" publication-type="other">
Pawson AJ, McNeilly AS. 2005. The pituitary effects of GnRH.
Anim Reprod Sci 88:75-94.</mixed-citation>
         </ref>
         <ref id="d4708e685a1310">
            <mixed-citation id="d4708e689" publication-type="other">
Phrakonkham P, Viengchareun S, Belloir C, Lombes M, Artur Y,
Canivenc-Lavier MC. 2008. Dietary xenoestrogens differen-
tially impair 3T3-L1 preadipocyte differentiation and persis-
tently affect leptin synthesis. J Steroid Biochem Mol Biol
110:95-103.</mixed-citation>
         </ref>
         <ref id="d4708e708a1310">
            <mixed-citation id="d4708e714" publication-type="other">
Ramos JG, Varayoud J, Kass L, Rodríguez H, Costabel L, Muñoz-
De-Toro M, et al. 2003. Bisphenol A induces both tran-
sient and permanent histofunctional alterations of the
hypothalamic-pituitary-gonadal axis in prenatally exposed
male rats. Endocrinology 144:3206-3215.</mixed-citation>
         </ref>
         <ref id="d4708e733a1310">
            <mixed-citation id="d4708e737" publication-type="other">
Richter CA, Birnbaum LS, Farabollini F, Newbold RR, Rubin BS,
Talsness CE, et al. 2007. In vivo effects of bisphenol A in
laboratory rodent studies. Reprod Toxicol 24:199-224.</mixed-citation>
         </ref>
         <ref id="d4708e750a1310">
            <mixed-citation id="d4708e754" publication-type="other">
Rubin BS, Murray MK, Damassa DA, King JC, Soto AM. 2001.
Perinatal exposure to low doses of bisphenol A affects
body weight, patterns of estrous cyclicity, and plasma LH
levels. Environ Health Perspect 109:675-680.</mixed-citation>
         </ref>
         <ref id="d4708e771a1310">
            <mixed-citation id="d4708e775" publication-type="other">
Rubin BS, Soto AM. 2009. Bisphenol A: perinatal exposure and
body weight. Mol Cell Endocrinol 304:55-62.</mixed-citation>
         </ref>
         <ref id="d4708e785a1310">
            <mixed-citation id="d4708e789" publication-type="other">
Silveyra P, Lux-Lantos V, Libertun C. 2007. Both orexin recep-
tors are expressed in rat ovaries and fluctuate with the
estrous cycle: effects of orexin receptor antagonists on
gonadotropins and Ovulation. Am J Physiol Endocrinol
Metab 293:E977-E985.</mixed-citation>
         </ref>
         <ref id="d4708e808a1310">
            <mixed-citation id="d4708e812" publication-type="other">
Sotomayor-Zárate R, Dorfman M, Paredes A, Lara HE. 2008.
Neonatal exposure to estradiol valerate programs ovarian
sympathetic Innervation and follicular development in the
adult rat. Biol Reprod 78:673-680.</mixed-citation>
         </ref>
         <ref id="d4708e828a1310">
            <mixed-citation id="d4708e834" publication-type="other">
Takeuchi T, Tsutsumi O, Ikezuki Y, Takai Y, Taketani Y. 2004.
Positive relationship between androgen and the endocrine
disruptor, bisphenol A, in normal women and women with
ovarian dysfunction. Endoer J 51:165-169.</mixed-citation>
         </ref>
         <ref id="d4708e850a1310">
            <mixed-citation id="d4708e854" publication-type="other">
Taylor JA, Welshons WV, Vom Saal FS. 2008. No effect of route
of exposure (oral; subcutaneous injection) on plasma bis-
phenol A throughout 24h after administration in neonatal
female mice. Reprod Toxicol 25:169-176.</mixed-citation>
         </ref>
         <ref id="d4708e870a1310">
            <mixed-citation id="d4708e874" publication-type="other">
Vandenberg LN, Hauser R, Marcus M, Olea N, Welshons WV.
2007. Human exposure to bisphenol A (BPA). Reprod
Toxicol 24:139-177.</mixed-citation>
         </ref>
         <ref id="d4708e888a1310">
            <mixed-citation id="d4708e892" publication-type="other">
Varayoud J, Ramos JG, Bosquiazzo VL, Munoz-de-Toro M,
Luque EH. 2008. Developmental exposure to bisphenol A
impairs the uterine response to ovarian steroids in the
adult. Endocrinology 149:5848-5860.</mixed-citation>
         </ref>
         <ref id="d4708e908a1310">
            <mixed-citation id="d4708e912" publication-type="other">
Veldhuis JD, Johnson ML. 1986. Cluster analysis: a simple, versa-
tile, and robust algorithm for endocrine pulse detection. Am
J Physiol 250:E486-E493.</mixed-citation>
         </ref>
         <ref id="d4708e925a1310">
            <mixed-citation id="d4708e929" publication-type="other">
Wetherill YB, Akingbemi BT, Kanno J, McLachlan JA, Nadal A,
Sonnenschein C, et al. 2007. In vitro molecular mechanisms
of bisphenol A action. Reprod Toxicol 24:178-198.</mixed-citation>
         </ref>
      </ref-list>
   </back>
</article>
