<article dtd-version="1.0" article-type="research-article">
   <front>
      <journal-meta>
         <journal-id xmlns:xlink="http://www.w3.org/1999/xlink" journal-id-type="jstor">envihealpers</journal-id>
         <journal-id xmlns:xlink="http://www.w3.org/1999/xlink" journal-id-type="jstor">j100482</journal-id>
         <journal-title-group xmlns:xlink="http://www.w3.org/1999/xlink">
            <journal-title>Environmental Health Perspectives</journal-title>
         </journal-title-group>
         <publisher>
            <publisher-name>National Institute of Environmental Health Sciences</publisher-name>
         </publisher>
         <issn xmlns:xlink="http://www.w3.org/1999/xlink" pub-type="ppub">00916765</issn>
      </journal-meta>
      <article-meta>
         <article-id xmlns:xlink="http://www.w3.org/1999/xlink" pub-id-type="jstor">20778581</article-id>
         <article-categories>
            <subj-group>
               <subject>Research</subject>
            </subj-group>
         </article-categories>
         <title-group>
            <article-title>Nanoparticles Induce Changes of the Electrical Activity of Neuronal Networks on Microelectrode Array Neurochips</article-title>
         </title-group>
         <contrib-group>
            <contrib>
               <string-name xmlns:xlink="http://www.w3.org/1999/xlink">
                  <given-names>Alexandra</given-names>
                  <surname>Gramowski</surname>
               </string-name>
            </contrib>
            <contrib>
               <string-name xmlns:xlink="http://www.w3.org/1999/xlink">
                  <given-names>Juliane</given-names>
                  <surname>Flossdorf</surname>
               </string-name>
            </contrib>
            <contrib>
               <string-name xmlns:xlink="http://www.w3.org/1999/xlink">
                  <given-names>Kunal</given-names>
                  <surname>Bhattacharya</surname>
               </string-name>
            </contrib>
            <contrib>
               <string-name xmlns:xlink="http://www.w3.org/1999/xlink">
                  <given-names>Ludwig</given-names>
                  <surname>Jonas</surname>
               </string-name>
            </contrib>
            <contrib>
               <string-name xmlns:xlink="http://www.w3.org/1999/xlink">
                  <given-names>Margareta</given-names>
                  <surname>Lantow</surname>
               </string-name>
            </contrib>
            <contrib>
               <string-name xmlns:xlink="http://www.w3.org/1999/xlink">
                  <given-names>Qamar</given-names>
                  <surname>Rahman</surname>
               </string-name>
            </contrib>
            <contrib>
               <string-name xmlns:xlink="http://www.w3.org/1999/xlink">
                  <given-names>Dietmar</given-names>
                  <surname>Schiffmann</surname>
               </string-name>
            </contrib>
            <contrib>
               <string-name xmlns:xlink="http://www.w3.org/1999/xlink">
                  <given-names>Dieter G.</given-names>
                  <surname>Weiss</surname>
               </string-name>
            </contrib>
            <contrib>
               <string-name xmlns:xlink="http://www.w3.org/1999/xlink">
                  <given-names>Elke</given-names>
                  <surname>Dopp</surname>
               </string-name>
            </contrib>
         </contrib-group>
         <pub-date xmlns:xlink="http://www.w3.org/1999/xlink">
            <day>1</day>
            <month>10</month>
            <year>2010</year>
         </pub-date>
         <volume>118</volume>
         <issue>10</issue>
         <issue-id xmlns:xlink="http://www.w3.org/1999/xlink">i20778557</issue-id>
         <fpage>1363</fpage>
         <lpage>1369</lpage>
         <self-uri xmlns:xlink="http://www.w3.org/1999/xlink"
                   xlink:href="http://www.jstor.org/stable/20778581"/>
         <abstract>
            <p>Background: Nanomaterials are extensively used in industry and daily life, but little is known about possible health effects. An intensified research regarding toxicity of nanomaterials is urgently needed. Several studies have demonstrated that nanoparticles (NPs; diameter &lt; 100 nm) can be transported to the central nervous system; however, interference of NPs with the electrical activity of neurons has not yet been shown. Objectives/methods: We investigated the acute electrophysiological effects of carbon black (CB), hematite (Fe₂O₃), and titanium dioxide (TiO₂) NPs in primary murine cortical networks on microelectrode array (MEA) neurochips. Uptake of NPs was studied by transmission electron microscopy (TEM), and intracellular formation of reactive oxygen species (ROS) was studied by flow cytometry. Results: The multiparametric assessment of electrical activity changes caused by the NPs revealed an NP-specific and concentration-dependent inhibition of the firing patterns. The number of action potentials and the frequency of their patterns (spike and burst rates) showed a significant particle-dependent decrease and significant differences in potency. Further, we detected the uptake of CB, Fe₂O₃, and TiO₂ into glial cells and neurons by TEM. Additionally, 24 hr exposure to TiO₂ NPs caused intracellular formation of ROS in neuronal and glial cells, whereas exposure to CB and Fe₂O₃ NPs up to a concentration of 10 μg/cm² did not induce significant changes in free radical levels. Conclusion: NPs at low particle concentrations are able to exhibit a neurotoxic effect by disturbing the electrical activity of neuronal networks, but the underlying mechanisms depend on the particle type.</p>
         </abstract>
         <custom-meta-group xmlns:xlink="http://www.w3.org/1999/xlink">
            <custom-meta>
               <meta-name>lang</meta-name>
               <meta-value>eng</meta-value>
            </custom-meta>
         </custom-meta-group>
      </article-meta>
   </front>
   <back>
      <ref-list>
         <title>References</title>
         <ref id="d9964e298a1310">
            <mixed-citation id="d9964e302" publication-type="other">
Bal-Pnce AK, Suñol C, Weiss DG, van Vliet E, Westerink RHS,
Costa LG. 2008. Application of in vitro neurotoxicity testing
for regulatory purposes. Neurotoxicology 29:520-531.</mixed-citation>
         </ref>
         <ref id="d9964e315a1310">
            <mixed-citation id="d9964e319" publication-type="other">
Bhattacharya K, Davoren M, Boertz J, Schins RPF, Hoffmann E,
Dopp E. 2009. Titanium dioxide nanoparticles induce oxi-
dative stress and DNA-adduct formation but not DNA-
breakage in human lung cells. Part Fibre Toxicol 6:17-23.</mixed-citation>
         </ref>
         <ref id="d9964e335a1310">
            <mixed-citation id="d9964e339" publication-type="other">
De Lorenzo AJ. 1970. The olfactory neuron and the blood-brain
barrier. In: Taste and Smell in Vertebrates (Wolstenholme G,
Knight J, eds). London:Churchill, 151-176.</mixed-citation>
         </ref>
         <ref id="d9964e352a1310">
            <mixed-citation id="d9964e356" publication-type="other">
Fechter LD, Johnson DL, Lynch RA. 2002. The relationship of
particle size to olfactory nerve uptake of a non-soluble
form of manganese into brain. Neurotoxicology 23:177-183.</mixed-citation>
         </ref>
         <ref id="d9964e370a1310">
            <mixed-citation id="d9964e374" publication-type="other">
Gallagher J, Heinrich U, George M, Hendee L, Phillips DH,
Lewtas J. 1994. Formation of DNA adducts in rat lung
following chronic inhalation of diesel emissions, carbon
black and titanium dioxide particles. Carcinogenesis
15(7):1291-1299.</mixed-citation>
         </ref>
         <ref id="d9964e393a1310">
            <mixed-citation id="d9964e397" publication-type="other">
German Animal Protection Act. 1998. Das Tierschutzgesetz der
Bundesrepublik Deutschland. Bundesministerium der Justiz.
Available: http://www.gesetze-im-internet.de/tierschg/
BJNR012770972.html [accessed 23 August 2010].</mixed-citation>
         </ref>
         <ref id="d9964e413a1310">
            <mixed-citation id="d9964e419" publication-type="other">
Gianutsos G, Morrow GR, Morris JB. 1997. Accumulation of
manganese in rat brain following intranasal administration.
Fundam Appl Toxicol 37:102-105.</mixed-citation>
         </ref>
         <ref id="d9964e432a1310">
            <mixed-citation id="d9964e436" publication-type="other">
Gramowski A, Jügelt K, Stüwe S, Schulze R, McGregor GP,
Wartenberg-Demand A, et al. 2006a. Functional screening
of traditional antidepressants with primary cortical neu-
ronal networks grown on multielectrode neurochips. Eur J
Neurosci 24:455-465.</mixed-citation>
         </ref>
         <ref id="d9964e455a1310">
            <mixed-citation id="d9964e459" publication-type="other">
Gramowski A, Jügelt K, Weiss DG, Gross GW. 2004. Substance
identification by quantitative characterization of oscillatory
activity in murine spinal cord networks on microelectrode
arrays. Eur J Neurosci 19:2815-2825.</mixed-citation>
         </ref>
         <ref id="d9964e475a1310">
            <mixed-citation id="d9964e479" publication-type="other">
Gramowski A, Schiffmann D, Gross GW. 2000. Quantification of
acute neurotoxic effects of trimethyltin using neuronal net-
works cultured on microelectrode arrays. Neurotoxicology
21:331-342.</mixed-citation>
         </ref>
         <ref id="d9964e496a1310">
            <mixed-citation id="d9964e500" publication-type="other">
Gramowski A, Stuewe S, Jügelt K, Schiffmann D, Loock J,
Gross GW, et al. 2006b. Detecting neurotoxicity through
electrical activity changes of neuronal networks on multi-
electrode neurochips. ALTEX 23:410-415.</mixed-citation>
         </ref>
         <ref id="d9964e516a1310">
            <mixed-citation id="d9964e520" publication-type="other">
Gross GW. 1994. Internal dynamics of randomized mammalian
neuronal networks in culture. In: Enabling Technologies
for Cultured Neural Networks (Stenger DA, McKenna TM,
eds). San Diego, CA:Academic Press, 277-317.</mixed-citation>
         </ref>
         <ref id="d9964e536a1310">
            <mixed-citation id="d9964e540" publication-type="other">
Gross GW, Norton S, Gopal K, Schiffmann D, Gramowski A.
1997. Nerve cell network in vitro: applications to neuro-
toxicology, drug development, and biosensors. Cell Eng
2:138-147.</mixed-citation>
         </ref>
         <ref id="d9964e556a1310">
            <mixed-citation id="d9964e560" publication-type="other">
Gross GW, Wen W, Lin J. 1985. Transparent indium-tin oxide
electrode patterns for extracellular, multisite recording in
neuronal cultures. J Neurosci Methods 15:243-252.</mixed-citation>
         </ref>
         <ref id="d9964e573a1310">
            <mixed-citation id="d9964e577" publication-type="other">
Henriksson J, Tjälve H. 2000. Manganese taken up into the
CNS via the olfactory pathway in rats affects astrocytes.
Toxicol Sci 55:392-398.</mixed-citation>
         </ref>
         <ref id="d9964e590a1310">
            <mixed-citation id="d9964e594" publication-type="other">
Huettner JE, Baughman RW. 1986. Primary culture of iden-
tified neurons from the visual cortex of postnatal rats.
J Neurosci 6:3044-3060.</mixed-citation>
         </ref>
         <ref id="d9964e608a1310">
            <mixed-citation id="d9964e612" publication-type="other">
Jiang JK, Oberdòrster G, Biswas P. 2009. Characterization of
size, surface charge and agglomeration state of disper-
sions for toxicological studies. J Nanopart Res 11:77—89.</mixed-citation>
         </ref>
         <ref id="d9964e625a1310">
            <mixed-citation id="d9964e629" publication-type="other">
Keefer EW, Gramowski A, Gross GW. 2001a. NMDA receptor-
dependent periodic oscillations in cultured spinal cord
networks. J Neurophysiol 86:3030-3042.</mixed-citation>
         </ref>
         <ref id="d9964e642a1310">
            <mixed-citation id="d9964e646" publication-type="other">
Keefer EW, Gramowski A, Stenger DA, Pancrazio JJ, Gross GW.
2001b. Characterization of acute neurotoxic effects of tri-
methylopropane phosphate via neuronal network biosen-
sors. Biosens Bioelectron 16:513-525.</mixed-citation>
         </ref>
         <ref id="d9964e662a1310">
            <mixed-citation id="d9964e666" publication-type="other">
Kreuter J. 2004. Influence of the surface properties on
nanoparticle-mediated transport of drugs to the brain.
J Nanosci Nanotechnol 4:484-488.</mixed-citation>
         </ref>
         <ref id="d9964e679a1310">
            <mixed-citation id="d9964e683" publication-type="other">
Lantow M, Schuderer J, Hartwig C, Simko M. 2006. Free radical
release and HSP70 expression in two human immune-rele-
vant cell lines after exposure to 1800 MHz radiofrequency
radiation. Radiat Res 165:88-94.</mixed-citation>
         </ref>
         <ref id="d9964e699a1310">
            <mixed-citation id="d9964e703" publication-type="other">
L'Azou B, Jorly J, On D, Sellier E, Moisan F, Fleury-Feith J, et al.
2008. In vitro effects of nanoparticles on renal cells. Part
Fibre Toxicol 5:22-26.</mixed-citation>
         </ref>
         <ref id="d9964e717a1310">
            <mixed-citation id="d9964e721" publication-type="other">
Linse S, Cabaleiro-Lago C, Xue WF, Lynch I, Lindman S,
Thulin E, et al. 2007. Nucleation of protein fibrillation by
nanoparticles. Proc Natl Acad Sci USA 104:8691-8696.</mixed-citation>
         </ref>
         <ref id="d9964e734a1310">
            <mixed-citation id="d9964e738" publication-type="other">
Lockman PR, Koziara JM, Mumper RJ, Allen DD. 2004.
Nanoparticle surface charges alter blood-brain barrier
integrity and permeability. J Drug Targeting 12:635-641.</mixed-citation>
         </ref>
         <ref id="d9964e751a1310">
            <mixed-citation id="d9964e755" publication-type="other">
Long TC, Saleh T, Tilton RD, Lowry G, Veronesi B. 2006. Titanium
dioxide (P25) produces reactive oxygen species in immor-
talized brain microglia (BV2): implications for nanoparticle
neurotoxicity. Environ Sci Technol 40:4346-4352.</mixed-citation>
         </ref>
         <ref id="d9964e771a1310">
            <mixed-citation id="d9964e775" publication-type="other">
Meyer DA, Carter JM, Johnstone AFM, Shafer TJ. 2008.
Pyrethroid modulation of spontaneous neuronal excit-
ability and neurotransmission in hippocampal neurons in
culture. Neurotoxicology 29:213-225.</mixed-citation>
         </ref>
         <ref id="d9964e791a1310">
            <mixed-citation id="d9964e797" publication-type="other">
Morefield SI, Keefer EW, Chapman KD, Gross GW. 2000. Drug
evaluations using neuronal networks cultured on micro-
electrode arrays. Biosens Bioelectron 15:383-396.</mixed-citation>
         </ref>
         <ref id="d9964e810a1310">
            <mixed-citation id="d9964e814" publication-type="other">
National Institute for Occupational Safety and Health. 1988.
Occupational Safety and Health Guideline for Carbon
Black, Potential Human Carcinogen. Available: http://
www.cdc.gov/niosh/docs/81-123/pdfs/0102.pdf [accessed
4 August 2010].</mixed-citation>
         </ref>
         <ref id="d9964e834a1310">
            <mixed-citation id="d9964e838" publication-type="other">
Nel A, Xia T, Mädler L, Li N. 2006. Toxic potential of materials at
the nanolevel. Science 311:622-627.</mixed-citation>
         </ref>
         <ref id="d9964e848a1310">
            <mixed-citation id="d9964e852" publication-type="other">
Oberdörster G, Elder A, Rinderknecht A. 2009. Nanoparticles
and the brain: cause for concern? J Nanosci Nanotechnol
9:4996-5007.</mixed-citation>
         </ref>
         <ref id="d9964e865a1310">
            <mixed-citation id="d9964e869" publication-type="other">
Oberdörster G, Oberdörster E, Oberdörster J. 2005. Nano-
toxicology: an emerging discipline evolving from studies of
ultrafine particles. Environ Health Perspect 113:823-839.</mixed-citation>
         </ref>
         <ref id="d9964e882a1310">
            <mixed-citation id="d9964e886" publication-type="other">
Oberdörster G, Sharp Z, Atudorei V, Elder A, Gelein R,
Kreyling W, et al. 2004. Translocation of inhaled ultrafine
particles to the brain. Inhal Toxicol 16(6/7):437-445.</mixed-citation>
         </ref>
         <ref id="d9964e899a1310">
            <mixed-citation id="d9964e903" publication-type="other">
Oberdörster G, Utell MJ. 2002. Ultrafine particles in the urban
air: to the respiratory tract and beyond? Environ Health
Perspect 110:440-441.</mixed-citation>
         </ref>
         <ref id="d9964e916a1310">
            <mixed-citation id="d9964e920" publication-type="other">
Papp T, Schiffmann D, Weiss DG, Castranova V, Vallyathan V,
Rahman Q. 2008. Human health implications of nanomaterial
exposure. Nanotoxicology 2:9-27.</mixed-citation>
         </ref>
         <ref id="d9964e934a1310">
            <mixed-citation id="d9964e938" publication-type="other">
Ransom BR, Neale E, Henkart M, Bullock PN, Nelson PG. 1977.
Mouse spinal cord in cell culture. I. Morphology and intrin-
sic neuronal electrophysiologic properties. J Neurophysiol
40:1132-1150.</mixed-citation>
         </ref>
         <ref id="d9964e954a1310">
            <mixed-citation id="d9964e958" publication-type="other">
Smith MP, Wayne A. 2007. Oxidative stress and dopamine
depletion in an intrastriatal 6-hydroxydopamine model of
Parkinson's disease. Neuroscience 144:1057-1066.</mixed-citation>
         </ref>
         <ref id="d9964e971a1310">
            <mixed-citation id="d9964e975" publication-type="other">
Sompol P, Ittarat W, Tangpong J, Chen Y, Doubinskaia I, Batinic-
Haberle I, et al. 2008. A neuronal model of Alzheimer's
disease: an insight into the mechanisms of oxidative stress-
mediated mitochondrial injury. Neuroscience 153:120-130.</mixed-citation>
         </ref>
         <ref id="d9964e991a1310">
            <mixed-citation id="d9964e995" publication-type="other">
Sonavane G, Tomoda K, Makino K. 2008. Biodistribution of
colloidal gold nanoparticles after intravenous administra-
tion: effect of particle size. Colloids Surf B Biointerfaces
66:274-280.</mixed-citation>
         </ref>
         <ref id="d9964e1011a1310">
            <mixed-citation id="d9964e1015" publication-type="other">
Stett A, Egert U, Guenther E, Hofmann F, Meyer T, Nisch W,
et al. 2003. Biological application of microelectrode arrays
in drug discovery and basic research. Anal Bioanal Chem
377:486-495.</mixed-citation>
         </ref>
         <ref id="d9964e1031a1310">
            <mixed-citation id="d9964e1035" publication-type="other">
Terentyuk GS, Maslyakova GN, Suleymanova LV, Khlebtsov BN,
Kogan BY, Akchurm GG, et al. 2009. Circulation and dis-
tribution of gold nanoparticles and induced alterations
of tissue morphology at intravenous particle delivery.
J Biophotonics 2(5):292-302.</mixed-citation>
         </ref>
         <ref id="d9964e1055a1310">
            <mixed-citation id="d9964e1059" publication-type="other">
Wagner AJ, Bleckmann CA, Murdock RC, Schrand AM,
Schalager JJ, Hussain SM. 2007. Cellular interaction of
different forms of aluminium nanoparticles in rat alveolar
marcrophages. J Phys Chem B 111:7353-7359.</mixed-citation>
         </ref>
         <ref id="d9964e1075a1310">
            <mixed-citation id="d9964e1079" publication-type="other">
Wang J, Chen C, Liu Y, Jiao F, Li W, Lao F, et al. 2008. Potential

              neurological lesion after nasal instillation of Ti0
              
              nano-
            
particles in the anatase and rutile crystal phases. Toxicol
Lett 183:72-80.</mixed-citation>
         </ref>
         <ref id="d9964e1098a1310">
            <mixed-citation id="d9964e1102" publication-type="other">
Wasdo SC, Barber DS, Denslow ND, Powers KW, Palazuelos M,
Stevens SM Jr. et al. 2008. Differential binding of serum
proteins to nanoparticles. Int J Nanotechnol 5:92-115.</mixed-citation>
         </ref>
         <ref id="d9964e1115a1310">
            <mixed-citation id="d9964e1119" publication-type="other">
Weiss DG, Gorio A, eds. 1982. Axoplasmic Transport in
Physiology and Pathology. Berlin:Springer Verlag.</mixed-citation>
         </ref>
         <ref id="d9964e1129a1310">
            <mixed-citation id="d9964e1133" publication-type="other">
Yang H, Liu C, Yang D, Zhang H, Xi Z. 2009. Comparative study
of cytotoxicity, oxidative stress and genotoxicity induced
by four typical nanomaterials: the role of particle size,
shape and composition. J Appi Toxicol 29:69-78.</mixed-citation>
         </ref>
         <ref id="d9964e1149a1310">
            <mixed-citation id="d9964e1153" publication-type="other">
Yu LE, Yung LYL, Ong CN, Tan YL, Balasubramaniam KS,
Hartono D, et al. 2007. Translocation and effects of
gold nanoparticles after inhalation exposure in rats.
Nanotoxicology 1:235-242.</mixed-citation>
         </ref>
      </ref-list>
   </back>
</article>
