<article dtd-version="1.0" article-type="research-article">
   <front>
      <journal-meta>
         <journal-id xmlns:xlink="http://www.w3.org/1999/xlink" journal-id-type="jstor">envihealpers</journal-id>
         <journal-id xmlns:xlink="http://www.w3.org/1999/xlink" journal-id-type="jstor">j100482</journal-id>
         <journal-title-group xmlns:xlink="http://www.w3.org/1999/xlink">
            <journal-title>Environmental Health Perspectives</journal-title>
         </journal-title-group>
         <publisher>
            <publisher-name>National Institute of Environmental Health Sciences</publisher-name>
         </publisher>
         <issn xmlns:xlink="http://www.w3.org/1999/xlink" pub-type="ppub">00916765</issn>
      </journal-meta>
      <article-meta>
         <article-id xmlns:xlink="http://www.w3.org/1999/xlink" pub-id-type="jstor">20778594</article-id>
         <article-categories>
            <subj-group>
               <subject>Research</subject>
               <subj-group>
                  <subject>Children's Health</subject>
               </subj-group>
            </subj-group>
         </article-categories>
         <title-group>
            <article-title>Association between Rainfall and Pediatric Emergency Department Visits for Acute Gastrointestinal Illness</article-title>
         </title-group>
         <contrib-group>
            <contrib>
               <string-name xmlns:xlink="http://www.w3.org/1999/xlink">
                  <given-names>Patrick</given-names>
                  <surname>Drayna</surname>
               </string-name>
            </contrib>
            <contrib>
               <string-name xmlns:xlink="http://www.w3.org/1999/xlink">
                  <given-names>Sandra L.</given-names>
                  <surname>McLellan</surname>
               </string-name>
            </contrib>
            <contrib>
               <string-name xmlns:xlink="http://www.w3.org/1999/xlink">
                  <given-names>Pippa</given-names>
                  <surname>Simpson</surname>
               </string-name>
            </contrib>
            <contrib>
               <string-name xmlns:xlink="http://www.w3.org/1999/xlink">
                  <given-names>Shun-Hwa</given-names>
                  <surname>Li</surname>
               </string-name>
            </contrib>
            <contrib>
               <string-name xmlns:xlink="http://www.w3.org/1999/xlink">
                  <given-names>Marc H.</given-names>
                  <surname>Gorelick</surname>
               </string-name>
            </contrib>
         </contrib-group>
         <pub-date xmlns:xlink="http://www.w3.org/1999/xlink">
            <day>1</day>
            <month>10</month>
            <year>2010</year>
         </pub-date>
         <volume>118</volume>
         <issue>10</issue>
         <issue-id xmlns:xlink="http://www.w3.org/1999/xlink">i20778557</issue-id>
         <fpage>1439</fpage>
         <lpage>1443</lpage>
         <self-uri xmlns:xlink="http://www.w3.org/1999/xlink"
                   xlink:href="http://www.jstor.org/stable/20778594"/>
         <abstract>
            <p>Background: Microbial water contamination after periods of heavy rainfall is well described, but its link to acute gastrointestinal illness (AGI) in children is not well known. Objectives: We hypothesize an association between rainfall and pediatric emergency department (ED) visits for AGI that may represent an unrecognized, endemic burden of pediatric disease in a major U.S. metropolitan area served by municipal drinking water systems. Methods: We conducted a retrospective time series analysis of visits to the Children's Hospital of Wisconsin ED in Wauwatosa, Wisconsin. Daily visit totals of discharge International Classification of Diseases, 9th Revision codes of gastroenteritis or diarrhea were collected along with daily rainfall totals during the study period from 2002 to 2007. We used an autoregressive moving average model, adjusting for confounding variables such as sewage release events and season, to look for an association between daily visits and rainfall after a lag of 1-7 days. Results: A total of 17,357 AGI visits were identified (mean daily total, 7.9; range, 0-56). Any rainfall 4 days prior was significantly associated with an 11% increase in AGI visits. Expected seasonal effects were also seen, with increased AGI visits in winter months. Conclusions: We observed a significant association between rainfall and pediatric ED visits for AGI, suggesting a waterborne component of disease transmission in this population. The observed increase in ED visits for AGI occurred in the absence of any disease outbreaks reported to public health officials in our region, suggesting that rainfall-associated illness may be underestimated. Further study is warranted to better address this association.</p>
         </abstract>
         <custom-meta-group xmlns:xlink="http://www.w3.org/1999/xlink">
            <custom-meta>
               <meta-name>lang</meta-name>
               <meta-value>eng</meta-value>
            </custom-meta>
         </custom-meta-group>
      </article-meta>
   </front>
   <back>
      <ref-list>
         <title>References</title>
         <ref id="d10286e219a1310">
            <mixed-citation id="d10286e223" publication-type="other">
Abbaszadegan M, LeChevallier M, Gerba C. 2003. Occurrence
of viruses in U.S. groundwaters. J Am Water Works Assoc
95(9):107-120.</mixed-citation>
         </ref>
         <ref id="d10286e236a1310">
            <mixed-citation id="d10286e240" publication-type="other">
American Academy of Pediatrics Committee on Infectious
Diseases. 2006. Red Book: 2006 Report of the Committee
on Infectious Diseases. 27th ed. Elk Grove Village,
ILAmerican Academy of Pediatrics.</mixed-citation>
         </ref>
         <ref id="d10286e256a1310">
            <mixed-citation id="d10286e260" publication-type="other">
Atherholt TB, LeChevallier MW, Norton WD, Rosen JS. 1998.
Effect of rainfall on Giardia and Cryptosporidium. J Am
Water Works Assoc 90:66-80.</mixed-citation>
         </ref>
         <ref id="d10286e273a1310">
            <mixed-citation id="d10286e277" publication-type="other">
Borchardt MA, Bertz PD, Spencer SK, Battigelli DA. 2003.
Incidence of enteric viruses in groundwater from household
wells in Wisconsin. Appi Environ Microbiol 69(2):1172-1180.</mixed-citation>
         </ref>
         <ref id="d10286e291a1310">
            <mixed-citation id="d10286e295" publication-type="other">
Borchardt MA, Haas NL, Hunt RJ. 2004. Vulnerability of drink-
ing-water wells in LaCrosse, Wisconsin, to enteric-virus
contamination from surface water contributions. Appl
Environ Microbiol 70(10):5937-5946.</mixed-citation>
         </ref>
         <ref id="d10286e311a1310">
            <mixed-citation id="d10286e315" publication-type="other">
Colford JM, Roy S, Beach M, Hightower A, Shaw S, Wade T.
2006. A review of household drinking water intervention
trials and a proposal for using their results in the estima-
tion of endemic acute gastrointestinal illness attributable
to drinking water in the United States. J Water Health
4(suppl 2):71-88.</mixed-citation>
         </ref>
         <ref id="d10286e338a1310">
            <mixed-citation id="d10286e342" publication-type="other">
Curriero FC, Patz JA, Rose JB, Lele S. 2001. The association
between extreme precipitation and waterborne disease
outbreaks in the United States, 1948-1994. Am J Public
Health 91(8):1194-1199.</mixed-citation>
         </ref>
         <ref id="d10286e358a1310">
            <mixed-citation id="d10286e364" publication-type="other">
Egorov Al, Naumova EN, Tereschenko AA, Kislitsin VA, Ford TE.
2003. Daily variations in effluent water turbidity and diar-
rhoeal illness in a Russian city. Int J Environ Health Res
13(1):81-94.</mixed-citation>
         </ref>
         <ref id="d10286e380a1310">
            <mixed-citation id="d10286e384" publication-type="other">
Elliott EJ. 2007. Acute gastroenteritis in children. BMJ
334(7583):35-40.</mixed-citation>
         </ref>
         <ref id="d10286e394a1310">
            <mixed-citation id="d10286e398" publication-type="other">
Fout GS, Martinson BC, Moyer MW, Dahling DR. 2003. A mul-
tiplex reverse transcription-PCR method for detection
of human enteric viruses in groundwater. Appi Environ
Microbiol 69(6):3158-3164.</mixed-citation>
         </ref>
         <ref id="d10286e415a1310">
            <mixed-citation id="d10286e419" publication-type="other">
Gerba CP, Goyal SM, LaBelle RL, Cech I, Bodgan GF. 1979.
Failure of indicator bacteria to reflect the occurrence
of enteroviruses in marine waters. Am J Public Health
69(11):1116-1119.</mixed-citation>
         </ref>
         <ref id="d10286e435a1310">
            <mixed-citation id="d10286e439" publication-type="other">
Hunter PR, Chalmers RM, Hughes S, Syed Q. 2005. Self-
reported diarrhea in a control group: a strong associa-
tion with reporting of low-pressure events in tap water.
Clin Infect Dis 40(4):e32-e34; doi: 10.1086/427750 [Online
24 January 2005].</mixed-citation>
         </ref>
         <ref id="d10286e458a1310">
            <mixed-citation id="d10286e462" publication-type="other">
Hunter PR, Colford JM, LeChevallier MW, Binder S, Berger PS.
2001. Waterborne diseases. Emerg Infect Dis 7(suppl
3):544-545.</mixed-citation>
         </ref>
         <ref id="d10286e475a1310">
            <mixed-citation id="d10286e479" publication-type="other">
Jean JS, Guo HR, Chen SH, Liu CC, Chang WT, Yang YJ, et al.
2006. The association between rainfall rate and occur-
rence of an enterovirus epidemic due to a contaminated
well. J Appi Microbiology 101(6):1224-1231.</mixed-citation>
         </ref>
         <ref id="d10286e495a1310">
            <mixed-citation id="d10286e499" publication-type="other">
LeChevallier MW, Gullick RW, Karim MR, Friedman M, Funk JE.
2003. The potential for health risks from intrusion of con-
taminants into the distribution system from pressure tran-
sients. J Water Health 1(1):3-14.</mixed-citation>
         </ref>
         <ref id="d10286e515a1310">
            <mixed-citation id="d10286e519" publication-type="other">
MacKenzie WR, Hoxie NJ, Proctor ME, Gradus MS, Blair KA,
Peterson DE, et al. 1994. Massive waterborne outbreak of
Cryptosporidium infection associated with a filtered public
water supply. Engl J Med 331(3):161-167.</mixed-citation>
         </ref>
         <ref id="d10286e536a1310">
            <mixed-citation id="d10286e540" publication-type="other">
Messner M, Shaw S, Regli S, Rotert , Blank V, Soller J. 2006.
An approach for developing a national estimate of water-
borne disease due to drinking water and a national esti-
mate model application. J Water Health 4(suppl 2):201-240.</mixed-citation>
         </ref>
         <ref id="d10286e556a1310">
            <mixed-citation id="d10286e560" publication-type="other">
Milwaukee Water Works. Safe Drinking Water Report. 2008.
Available: http://water.mpw.net/files/08MWW-CCR.pdf
[accessed 6 October 2009].</mixed-citation>
         </ref>
         <ref id="d10286e573a1310">
            <mixed-citation id="d10286e577" publication-type="other">
Miossec L, Le Guyader F, Haugarreau L, Pommepuy M. 2000.
Magnitude of rainfall on viral contamination of the marine
environment during gastroenteritis epidemics in human
coastal population [in French]. Rev Epidemiol Sante
Publique 48(suppl2):2S62-S71.</mixed-citation>
         </ref>
         <ref id="d10286e596a1310">
            <mixed-citation id="d10286e600" publication-type="other">
Patz JA, McGeehin MA, Bernard SM, Ebi KL, Epstein PR,
Grambsch A, et al. 2000. The potential health impacts of
climate variability and change for the United States: execu-
tive summary of the report of the health sector of the US
National Assessment. Environ Health Perspect 108:367-376.</mixed-citation>
         </ref>
         <ref id="d10286e619a1310">
            <mixed-citation id="d10286e623" publication-type="other">
Patz JA, Vavrus SJ, Uejio CK, McLellan SL. 2008. Climate
change and waterborne disease risk in the Great Lakes
region of the US. Am J Prev Med 35(5):451-458.</mixed-citation>
         </ref>
         <ref id="d10286e636a1310">
            <mixed-citation id="d10286e640" publication-type="other">
Redman RL, Nenn CA, Eastwood D, Gorelick MH. 2007.
Pediatrie emergency department visits for diarrheal ill-
ness increased after release of undertreated sewage.
Pediatrics 120(6):e1472-e1475.</mixed-citation>
         </ref>
         <ref id="d10286e657a1310">
            <mixed-citation id="d10286e661" publication-type="other">
Reynolds KA, Mena KD, Gerba CP. 2008. Risk of waterborne
illness via drinking water in the United States. Rev Environ
Contam Toxicol 192:117-158.</mixed-citation>
         </ref>
         <ref id="d10286e674a1310">
            <mixed-citation id="d10286e678" publication-type="other">
Richardson HY, Nichols G, Lane C, Lake IR, Hunter PR. 2009.
Microbiological surveillance of private water supplies in
England: the impact of environmental and climate factors
on water quality. Water Res 43(8):2159-2168; doi: 10.1016/j.
watres.2009.02.035 [Online 5 March 2009].</mixed-citation>
         </ref>
         <ref id="d10286e697a1310">
            <mixed-citation id="d10286e701" publication-type="other">
Saidi SM, lijima Y, Sang WK, Mwangudza AK, Oundo JO,
Taga K, et al. 1997. Epidemiologica! study on infectious
diarrheal diseases in children in a coastal rural area of
Kenya. Microbiol Immunol 41(10):773-778.</mixed-citation>
         </ref>
         <ref id="d10286e717a1310">
            <mixed-citation id="d10286e721" publication-type="other">
Schwartz J, Levin R, Hodge K. 1997. Drinking water turbidity
and pediatrie hospital use for gastrointestinal illness in
Philadelphia. Epidemiology 8(6):615-620.</mixed-citation>
         </ref>
         <ref id="d10286e734a1310">
            <mixed-citation id="d10286e738" publication-type="other">
Signor RS, Roser DJ, Ashbolt NJ, Ball JE. 2005. Quantifying the
impact of runoff events on microbial contaminant concen-
trations entering surface drinking source waters. J Water
Health 3(4):453-468.</mixed-citation>
         </ref>
         <ref id="d10286e754a1310">
            <mixed-citation id="d10286e758" publication-type="other">
Singh RB, Hales S, de Wet N, Raj R, Hearnden M, Weinstein P.
2001.The influence of climate variation and change on
diarrheal disease in the Pacific Islands. Environ Health
Perspect 109:155-159.</mixed-citation>
         </ref>
         <ref id="d10286e775a1310">
            <mixed-citation id="d10286e779" publication-type="other">
Thomas MK, Charron DF, Waltner-Toews D, Schuster C,
Maarouf AR, Holt JD. 2006. A role of high-impact weather
events in waterborne disease outbreaks in Canada,
1975-2001. Int J Environ Health Res 16(3): 167-180.</mixed-citation>
         </ref>
         <ref id="d10286e795a1310">
            <mixed-citation id="d10286e799" publication-type="other">
Tinker SC, Moe CL, Klein M, Flanders WD, Uber J, Amirtharajah A,
et al. 2008. Drinking water turbidity and emergency depart-
ment visits for gastrointestinal illness in Atlanta, 1993-2004. J
Expo Sci Environ Epidemiol 20(1):19-28.</mixed-citation>
         </ref>
         <ref id="d10286e815a1310">
            <mixed-citation id="d10286e819" publication-type="other">
Tinker SC, Moe CL, Klein M, Flanders WD, Uber J,
Amirtharajah A, et al. 2009. Drinking water residence time
in distribution networks and emergency department vis-
its for gastrointestinal illness in metro Atlanta, Georgia.
J Water Health 7(2):332-343.</mixed-citation>
         </ref>
         <ref id="d10286e838a1310">
            <mixed-citation id="d10286e844" publication-type="other">
U.S. Environmental Protection Agency. 2002. National Primary
Drinking Water Regulations. Long Term 1 Enhanced
Surface Water Treatment Rule. Final Rule. Fed Reg
67(91:1812-1844.</mixed-citation>
         </ref>
         <ref id="d10286e860a1310">
            <mixed-citation id="d10286e864" publication-type="other">
U.S. Environmental Protection Agency. 2006. National Primary
Drinking Water Regulations. Stage 2 Disinfectants
and Disinfection Byproducts Rule. Final Rule. Fed Reg
71(2):388-493.</mixed-citation>
         </ref>
         <ref id="d10286e880a1310">
            <mixed-citation id="d10286e884" publication-type="other">
Wellings FM, Lewis AL, Mountain CW, Pierce LV. 1975.
Demonstration of virus in groundwater after effluent dis-
charge onto soil. Appi Environ Microbiol 29(6):751-757.</mixed-citation>
         </ref>
         <ref id="d10286e898a1310">
            <mixed-citation id="d10286e904" publication-type="other">
Weniger B6, Blaser MJ, Gedrose J, Lippy EC, Juranek DD.
1983. An outbreak of waterborne giardiasis associated
with heavy water runoff due to warm weather and volca-
nic ashfall. Am J Public Health 73(8):868-872.</mixed-citation>
         </ref>
         <ref id="d10286e920a1310">
            <mixed-citation id="d10286e924" publication-type="other">
World Health Organization. 1975. International Classification of
Diseases, 9th Revision. Geneva:World Health Organization.</mixed-citation>
         </ref>
         <ref id="d10286e934a1310">
            <mixed-citation id="d10286e938" publication-type="other">
Yoder J, Roberts V, Craun 6F, Hill V, Hicks LA, Alexander NT,
et al. 2008. Centers for Disease Control and Prevention
(CDC). Surveillance for waterborne disease and outbreaks
associated with drinking water and water not intended
for drinking—United States, 2005-2006. MMWR Surveill
Summ 57(9):39-62.</mixed-citation>
         </ref>
      </ref-list>
   </back>
</article>
