<article dtd-version="1.0" article-type="research-article">
   <front>
      <journal-meta>
         <journal-id xmlns:xlink="http://www.w3.org/1999/xlink" journal-id-type="jstor">envihealpers</journal-id>
         <journal-id xmlns:xlink="http://www.w3.org/1999/xlink" journal-id-type="jstor">j100482</journal-id>
         <journal-title-group xmlns:xlink="http://www.w3.org/1999/xlink">
            <journal-title>Environmental Health Perspectives</journal-title>
         </journal-title-group>
         <publisher>
            <publisher-name>National Institute of Environmental Health Sciences</publisher-name>
         </publisher>
         <issn xmlns:xlink="http://www.w3.org/1999/xlink" pub-type="ppub">00916765</issn>
      </journal-meta>
      <article-meta>
         <article-id xmlns:xlink="http://www.w3.org/1999/xlink" pub-id-type="jstor">20778600</article-id>
         <article-categories>
            <subj-group>
               <subject>Research</subject>
               <subj-group>
                  <subject>Children's Health</subject>
               </subj-group>
            </subj-group>
         </article-categories>
         <title-group>
            <article-title>Respiratory Health Effects of Exposure to Low-NO<sub>x</sub>Unflued Gas Heaters in the Classroom: A Double-Blind, Cluster-Randomized, Crossover Study</article-title>
         </title-group>
         <contrib-group>
            <contrib>
               <string-name xmlns:xlink="http://www.w3.org/1999/xlink">
                  <given-names>Guy B.</given-names>
                  <surname>Marks</surname>
               </string-name>
            </contrib>
            <contrib>
               <string-name xmlns:xlink="http://www.w3.org/1999/xlink">
                  <given-names>Wafaa</given-names>
                  <surname>Ezz</surname>
               </string-name>
            </contrib>
            <contrib>
               <string-name xmlns:xlink="http://www.w3.org/1999/xlink">
                  <given-names>Nathan</given-names>
                  <surname>Aust</surname>
               </string-name>
            </contrib>
            <contrib>
               <string-name xmlns:xlink="http://www.w3.org/1999/xlink">
                  <given-names>Brett G</given-names>
                  <surname>Toelle</surname>
               </string-name>
            </contrib>
            <contrib>
               <string-name xmlns:xlink="http://www.w3.org/1999/xlink">
                  <given-names>Wei</given-names>
                  <surname>Xuan</surname>
               </string-name>
            </contrib>
            <contrib>
               <string-name xmlns:xlink="http://www.w3.org/1999/xlink">
                  <given-names>Elena</given-names>
                  <surname>Belousova</surname>
               </string-name>
            </contrib>
            <contrib>
               <string-name xmlns:xlink="http://www.w3.org/1999/xlink">
                  <given-names>Carmen</given-names>
                  <surname>Cosgrove</surname>
               </string-name>
            </contrib>
            <contrib>
               <string-name xmlns:xlink="http://www.w3.org/1999/xlink">
                  <given-names>Bin</given-names>
                  <surname>Jalaludin</surname>
               </string-name>
            </contrib>
            <contrib>
               <string-name xmlns:xlink="http://www.w3.org/1999/xlink">
                  <given-names>Wayne T.</given-names>
                  <surname>Smith</surname>
               </string-name>
            </contrib>
         </contrib-group>
         <pub-date xmlns:xlink="http://www.w3.org/1999/xlink">
            <day>1</day>
            <month>10</month>
            <year>2010</year>
         </pub-date>
         <volume>118</volume>
         <issue>10</issue>
         <issue-id xmlns:xlink="http://www.w3.org/1999/xlink">i20778557</issue-id>
         <fpage>1476</fpage>
         <lpage>1482</lpage>
         <self-uri xmlns:xlink="http://www.w3.org/1999/xlink"
                   xlink:href="http://www.jstor.org/stable/20778600"/>
         <abstract>
            <p>Background: There are long-standing concerns about adverse effects of gas appliances on respiratory health. However, the potential adverse effect of low-NOx (nitrogen oxide) unflued gas heaters on children's health has not been assessed. Objectives: Our goal was to compare the respiratory health effects and air quality consequences of exposure to low-NOx unflued gas heaters with exposure to non—indoor-air-emitting flued gas heaters in school classrooms. Methods: We conducted a double-blind, cluster-randomized, crossover study in 400 primary school students attending 22 schools in New South Wales, Australia. Children measured their lung function and recorded symptoms and medication use twice daily. Nitrogen dioxide (NO₂) and formaldehyde concentrations were measured in classrooms using passive diffusion badges. Results: NO₂ concentrations were, on average, 1.8 times higher [95% confidence interval (CI), 1.6-2.1] and formaldehyde concentrations were, on average, 9.4 ppb higher (95% CI, 5.7-13.1) during exposure to unflued gas versus flued gas heaters. Exposure to the unflued gas heaters was associated with increased cough reported in the evening [odds ratio (OR) = 1.16; 95% CI, 1.01-1.34] and wheeze reported in the morning (OR = 1.38; 95% CI, 1.04-1.83). The association with wheeze was greater in atopic subjects. There was no evidence of an adverse effect on lung function. Conclusions: We conclude that classroom exposure to low-NOx unflued gas heaters causes increased respiratory symptoms, particularly in atopic children, but is not associated with significant decrements in lung function. It is important to seek alternative sources of heating that do not have adverse effects on health.</p>
         </abstract>
         <custom-meta-group xmlns:xlink="http://www.w3.org/1999/xlink">
            <custom-meta>
               <meta-name>lang</meta-name>
               <meta-value>eng</meta-value>
            </custom-meta>
         </custom-meta-group>
      </article-meta>
   </front>
   <back>
      <ref-list>
         <title>References</title>
         <ref id="d10069e289a1310">
            <mixed-citation id="d10069e293" publication-type="other">
Bauer M, Utell M, Morrow , Speers D, Gibb F. 1986. Inhalation of
0.30 ppm nitrogen dioxide potentiates exercise-induced bron-
chospasm in asthmatics. Am Rev Respir Dis 134:1203-1208.</mixed-citation>
         </ref>
         <ref id="d10069e306a1310">
            <mixed-citation id="d10069e310" publication-type="other">
Brown SK, Mahoney KJ, Cheng M. 2004. Room cham-
ber assessment of the pollutant emission properties of
(nominally) low-emission unflued gas heaters. Indoor Air
14(suppl 8):84-91.</mixed-citation>
         </ref>
         <ref id="d10069e326a1310">
            <mixed-citation id="d10069e330" publication-type="other">
Centre for Epidemiology and Research. 2010. 2007-2008 Report
on Child Health from the New South Wales Population
Health Survey. Sydney:NSW Department of Health.</mixed-citation>
         </ref>
         <ref id="d10069e343a1310">
            <mixed-citation id="d10069e347" publication-type="other">
Chauhan A, Inskip H, Linaker C, Smith S, Schreiber J,
Johnston S, et al. 2003. Personal exposure to nitrogen
dioxide (N02) and the severity of virus-induced asthma in
children. Lancet 361:1939-1944.</mixed-citation>
         </ref>
         <ref id="d10069e364a1310">
            <mixed-citation id="d10069e368" publication-type="other">
Corbo GM, Forastiere F, Agabiti , Dell'Orco V, Pistelli R,
Aebischer ML, et al. 2001. Effect of gas cooking on lung
function in adolescents: modifying role of sex and Immu-
noglobulin E. Thorax 56(7):536-540.</mixed-citation>
         </ref>
         <ref id="d10069e384a1310">
            <mixed-citation id="d10069e390" publication-type="other">
Garrett MH, Hooper M, Hooper B, Abramson M. 1998.
Respiratory symptoms in children and indoor exposure to
nitrogen dioxide and gas stoves. Am J Respir Crit Care
Med 158:891-895.</mixed-citation>
         </ref>
         <ref id="d10069e406a1310">
            <mixed-citation id="d10069e410" publication-type="other">
Howden-Chapman P, Pierse N, Nicholls S, Gillespie-Bennett J,
Viggers H, Cunningham M, et al. 2008. Effects of improved
home heating on asthma in community dwelling children:
randomised controlled trial. BMJ 337:a1411.</mixed-citation>
         </ref>
         <ref id="d10069e426a1310">
            <mixed-citation id="d10069e430" publication-type="other">
Jarvis D, Chinn S, Luczynska C, Burney P. 1996. Association of
respiratory symptoms and lung function in young adults
with use of domestic gas appliances. Lancet 347:426-431.</mixed-citation>
         </ref>
         <ref id="d10069e443a1310">
            <mixed-citation id="d10069e447" publication-type="other">
Jarvis D, Chinn S, Sterne J, Luczynska C, Burney P, on behalf of
the European Community Respiratory Health Survey. 1998.
The association of respiratory symptoms and lung function
with the use of gas cooking. Eur Respir J 11:651—658.</mixed-citation>
         </ref>
         <ref id="d10069e463a1310">
            <mixed-citation id="d10069e467" publication-type="other">
Kerkhof M, de Money J, Rijken B, Schouten J. 1999. The effect
of gas cooking on bronchial hyperresponsiveness and the
role of immunoglobulin E. Eur Respir J 14:839-844.</mixed-citation>
         </ref>
         <ref id="d10069e481a1310">
            <mixed-citation id="d10069e485" publication-type="other">
Lucchini RE, Springall DR, Chitano , Fabbri LM, Polák JM,
Mapp CE. 1996. In vivo exposure to nitrogen dioxide (N02)
induces a decrease in calcitonin gene-related peptide
(CGRP) and tachykinin immunoreactivity in guinea-pig
peripheral airways. Eur Respir J 9(9):1847-1851.</mixed-citation>
         </ref>
         <ref id="d10069e504a1310">
            <mixed-citation id="d10069e508" publication-type="other">
McPhail SM, Dean M, Cafe A. 1989. Flueless Gas Heaters
in Schools Study: Final Report. Sydney:Study Steering
Committee, State Pollution Control Commission.</mixed-citation>
         </ref>
         <ref id="d10069e521a1310">
            <mixed-citation id="d10069e525" publication-type="other">
Melia R, Florey C, Chinn S. 1979. The relation between respiratory
illness in primary schoolchildren and the use of gas for cook-
ing. I. Results from a national survey. Int J Epidemiol 8:333-338.</mixed-citation>
         </ref>
         <ref id="d10069e538a1310">
            <mixed-citation id="d10069e542" publication-type="other">
Ng TP, Seet CS, Tan WC, Foo SC. 2001. Nitrogen dioxide expo-
sure from domestic gas cooking and airway response in
asthmatic women. Thorax 56(8):596—601.</mixed-citation>
         </ref>
         <ref id="d10069e555a1310">
            <mixed-citation id="d10069e559" publication-type="other">
Peat JK, Mihrshahi S, Kemp AS, Marks GB, Tovey ER, Webb K,
et al. 2004. Three-year outcomes of dietary fatty acid modifi-
cation and house dust mite reduction in the Childhood Asthma
Prevention Study. J Allergy Clin Immunol 114(4):807-813.</mixed-citation>
         </ref>
         <ref id="d10069e575a1310">
            <mixed-citation id="d10069e579" publication-type="other">
Pershagen G, Rylander E, Norberg S, Eriksson M, Nordvall S. 1995.
Air pollution involving nitrogen dioxide exposure and wheez-
ing bronchitis in children. Int J Epidemiol 24:1147-1153.</mixed-citation>
         </ref>
         <ref id="d10069e593a1310">
            <mixed-citation id="d10069e597" publication-type="other">
Peters J, Avol E, Navidi W, London S, Gauderman W, Lurmann F,
et al. 1999. A study of twelve Southern California com-
munities with differing levels and types of air pollution. I.
Prevalence of respiratory morbidity. Am J Respir Crit Care
Med 159:760-767.</mixed-citation>
         </ref>
         <ref id="d10069e616a1310">
            <mixed-citation id="d10069e620" publication-type="other">
Phoa LL, Toelle B6, Belousova EG, Marks GB. 2004. Effects of
gas and other fume emitting heaters on the development
of asthma during childhood. Thorax 59:741-745.</mixed-citation>
         </ref>
         <ref id="d10069e633a1310">
            <mixed-citation id="d10069e637" publication-type="other">
Pilotto L, Douglas R, Attewell R, Wilson S. 1997. Respiratory
effects associated with indoor nitrogen dioxide in children.
Int J Epidemiol 26:788-796.</mixed-citation>
         </ref>
         <ref id="d10069e650a1310">
            <mixed-citation id="d10069e654" publication-type="other">
Pilotto LS, Nitschke M, Smith BJ, Pisaniello D, Ruffin RE,
McElroy HJ, et al. 2004. Randomized controlled trial of
unflued gas heater replacement on respiratory health of
asthmatic schoolchildren. Int J Epidemiol 33(1 ):208-2 1.</mixed-citation>
         </ref>
         <ref id="d10069e670a1310">
            <mixed-citation id="d10069e674" publication-type="other">
Ponsonby A, Dwyer T, Kemp A, Couper D, Cochrane J,
Carmichael A. 2001a. A prospective study of the associa-
tion between home gas appliance use during infancy and
subsequent dust mite sensitization and lung function in
childhood. Clin Exp Allergy 31 (10): 1544-1552.</mixed-citation>
         </ref>
         <ref id="d10069e693a1310">
            <mixed-citation id="d10069e697" publication-type="other">
Ponsonby A-L, Glasgow N, Gatenby P, Mullins R, Mcdonald T,
Hurwitz M, et al. 2001b. The relationship between low level
nitrogen dioxide exposure and child lung function after
cold air challenge. Clin Exp Allergy 31 (8): 1205-1212.</mixed-citation>
         </ref>
         <ref id="d10069e714a1310">
            <mixed-citation id="d10069e718" publication-type="other">
Salome C, Roberts A, Brown N, Dermand J, Marks G,
Woolcock A. 1999. Exhaled nitric oxide measurements in
a population sample of young adults. Am J Resp Crit Care
Med 159:911-916.</mixed-citation>
         </ref>
         <ref id="d10069e734a1310">
            <mixed-citation id="d10069e738" publication-type="other">
Salome CM, Brown NJ, Marks GB, Woolcock AJ, Johnson GM,
Nancarrow PC, et al. 1996. Effect of nitrogen dioxide and
other combustion products on asthmatic subjects in a
home-like environment. Eur Resp J 9:910-918.</mixed-citation>
         </ref>
         <ref id="d10069e754a1310">
            <mixed-citation id="d10069e758" publication-type="other">
Samet J, Lambert W, Skipper B, Cushing A, Hunt W, Young S,
et al. 1993. Nitrogen dioxide and respiratory illness in
infants. Am Rev Respir Dis 148:1258-1265.</mixed-citation>
         </ref>
         <ref id="d10069e771a1310">
            <mixed-citation id="d10069e775" publication-type="other">
Simpson R, Williams G, Petroeschevsky A, Best T, Morgan G,
Denison L, et al. 2005. The short-term effects of air pollu-
tion on hospital admissions in four Australian cities. Aust
NZJ Public Health 29(3):213-221.</mixed-citation>
         </ref>
         <ref id="d10069e791a1310">
            <mixed-citation id="d10069e795" publication-type="other">
Tunnicliffe W, Bürge , Ayres J. 1994. Effect of domestic concen-
trations of nitrogen dioxide on airway responses to inhaled
allergen in asthmatic patients. Lancet 344:1733-1736.</mixed-citation>
         </ref>
         <ref id="d10069e808a1310">
            <mixed-citation id="d10069e812" publication-type="other">
Wong GWK, Ko FWS, Hui DSC, Fok TF, Carr D, von Mutius E,
et al. 2004. Factors associated with difference in preva-
lence of asthma in children from three cities in China: multi-
centre epidemiologica! survey. BMJ 329(7464):486-489.</mixed-citation>
         </ref>
      </ref-list>
   </back>
</article>
