<article dtd-version="1.0" article-type="research-article">
   <front>
      <journal-meta>
         <journal-id xmlns:xlink="http://www.w3.org/1999/xlink" journal-id-type="jstor">envihealpers</journal-id>
         <journal-id xmlns:xlink="http://www.w3.org/1999/xlink" journal-id-type="jstor">j100482</journal-id>
         <journal-title-group xmlns:xlink="http://www.w3.org/1999/xlink">
            <journal-title>Environmental Health Perspectives</journal-title>
         </journal-title-group>
         <publisher>
            <publisher-name>National Institute of Environmental Health Sciences</publisher-name>
         </publisher>
         <issn xmlns:xlink="http://www.w3.org/1999/xlink" pub-type="ppub">00916765</issn>
      </journal-meta>
      <article-meta>
         <article-id xmlns:xlink="http://www.w3.org/1999/xlink" pub-id-type="jstor">20778602</article-id>
         <article-categories>
            <subj-group>
               <subject>Research</subject>
               <subj-group>
                  <subject>Children's Health</subject>
               </subj-group>
            </subj-group>
         </article-categories>
         <title-group>
            <article-title>Temporal and Spatial Patterns of Ambient Endotoxin Concentrations in Fresno, California</article-title>
         </title-group>
         <contrib-group>
            <contrib>
               <string-name xmlns:xlink="http://www.w3.org/1999/xlink">
                  <given-names>Ira B.</given-names>
                  <surname>Tager</surname>
               </string-name>
            </contrib>
            <contrib>
               <string-name xmlns:xlink="http://www.w3.org/1999/xlink">
                  <given-names>Frederick W.</given-names>
                  <surname>Lurmann</surname>
               </string-name>
            </contrib>
            <contrib>
               <string-name xmlns:xlink="http://www.w3.org/1999/xlink">
                  <given-names>Thaddeus</given-names>
                  <surname>Haight</surname>
               </string-name>
            </contrib>
            <contrib>
               <string-name xmlns:xlink="http://www.w3.org/1999/xlink">
                  <given-names>Siana</given-names>
                  <surname>Alcorn</surname>
               </string-name>
            </contrib>
            <contrib>
               <string-name xmlns:xlink="http://www.w3.org/1999/xlink">
                  <given-names>Bryan</given-names>
                  <surname>Penfold</surname>
               </string-name>
            </contrib>
            <contrib>
               <string-name xmlns:xlink="http://www.w3.org/1999/xlink">
                  <given-names>S. Katharine</given-names>
                  <surname>Hammond</surname>
               </string-name>
            </contrib>
         </contrib-group>
         <pub-date xmlns:xlink="http://www.w3.org/1999/xlink">
            <day>1</day>
            <month>10</month>
            <year>2010</year>
         </pub-date>
         <volume>118</volume>
         <issue>10</issue>
         <issue-id xmlns:xlink="http://www.w3.org/1999/xlink">i20778557</issue-id>
         <fpage>1490</fpage>
         <lpage>1496</lpage>
         <self-uri xmlns:xlink="http://www.w3.org/1999/xlink"
                   xlink:href="http://www.jstor.org/stable/20778602"/>
         <abstract>
            <p>Background: Endotoxins are found in indoor dust generated by human activity and pets, in soil, and adsorbed onto the surfaces of ambient combustion particles. Endotoxin concentrations have been associated with respiratory symptoms and the risk of atopy and asthma in children. Objective: We characterized the temporal and spatial variability of ambient endotoxin in Fresno/Clovis, California, located in California's Central Valley, to identify correlates and potential predictors of ambient endotoxin concentrations in a cohort of children with asthma [Fresno Asthmatic Children's Environment Study (FACES)]. Methods: Between May 2001 and October 2004, daily ambient endotoxin and air pollutants were collected at the central ambient monitoring site of the California Air Resources Board in Fresno and, for shorter time periods, at 10 schools and indoors and outdoors at 84 residences in the community. Analyses were restricted to May—October, the dry months during which endotoxin concentrations are highest. Results: Daily endotoxin concentration patterns were determined mainly by meteorologic factors, particularly the degree of air stagnation. Overall concentrations were lowest in areas distant from agricultural activities. Highest concentrations were found in areas immediately downwind from agricultural/pasture land. Among three other measured air pollutants [fine particulate matter, elemental carbon (a marker of traffic in Fresno), and coarse particulate matter (PMc)], PMc was the only pollutant correlated with endotoxin. Endotoxin, however, was the most spatially variable. Conclusions: Our data support the need to evaluate the spatial/temporal variability of endotoxin concentrations, rather than relying on a few measurements made at one location, in studies of exposure and and respiratory health effects, particularly in children with asthma and other chronic respiratory diseases.</p>
         </abstract>
         <custom-meta-group xmlns:xlink="http://www.w3.org/1999/xlink">
            <custom-meta>
               <meta-name>lang</meta-name>
               <meta-value>eng</meta-value>
            </custom-meta>
         </custom-meta-group>
      </article-meta>
   </front>
   <back>
      <ref-list>
         <title>References</title>
         <ref id="d10034e257a1310">
            <mixed-citation id="d10034e261" publication-type="other">
Adler A, Tager I, Quintero DR. 2005. Decreased prevalence of
asthma among farm-reared children compared with those
who are rural but not farm-reared. J Allergy Clin Immunol
115(1):67-73.</mixed-citation>
         </ref>
         <ref id="d10034e277a1310">
            <mixed-citation id="d10034e281" publication-type="other">
Barton GM, Medzhitov R. 2003. Toll-like receptor signaling
pathways. Science 300:1524-1525.</mixed-citation>
         </ref>
         <ref id="d10034e291a1310">
            <mixed-citation id="d10034e295" publication-type="other">
Blumenthal DL, Lurmann FW, Kumar N, Dye TS, Ray SE,
Kore ME, et al. 1997. Assessment of Transport and Mixing
and OTAG model Performance for Northeast U.S. Ozone
Episodes. Summary of Results. STI-996133-1710/1716-S.
Report prepared for Ozone Transport Association Group,
Air Quality Analysis Workgroup. Santa Rosa, CA:Sonoma
Technology, Inc., and Concord, MA:Earth Tech.</mixed-citation>
         </ref>
         <ref id="d10034e321a1310">
            <mixed-citation id="d10034e325" publication-type="other">
Braun-Fahrlander C, Riedler J, Herz U, Eder W, Waser M,
Grize L, et al. 2002. Environmental exposure to endotoxin
and its relation to asthma in school-age children. N Engl J
Med 347:869-877.</mixed-citation>
         </ref>
         <ref id="d10034e342a1310">
            <mixed-citation id="d10034e346" publication-type="other">
California Department of Conservation. 2006. California
Farmland Conversion Report 2002-2004. Sacramento,
CA:Division of Land Resource Protection, Farmland
Mapping and Monitoring Program.</mixed-citation>
         </ref>
         <ref id="d10034e362a1310">
            <mixed-citation id="d10034e366" publication-type="other">
Campo P, Kaira HK, Levin L, Reponen T, Olds R, Lummus ZL,
et al. 2006. Influence of dog ownership and high endo-
toxin on wheezing and atopy during infancy. J Allergy Clin
Immunol 118:1271-1278.</mixed-citation>
         </ref>
         <ref id="d10034e382a1310">
            <mixed-citation id="d10034e386" publication-type="other">
Castellan RM. 1995. Cotton dust. In: Occupational and
Environmental Respiratory Disease (Harber P, Schenker MB,
Balmes JR, eds). New York:Mosby, 401-419.</mixed-citation>
         </ref>
         <ref id="d10034e399a1310">
            <mixed-citation id="d10034e403" publication-type="other">
Chen Q, Hildermann LM. 2009. Size-resolved concentrations of
paniculate matter and bioaerosol inside versus outside of
homes. Aerosol Sci Tech 43:699-713.</mixed-citation>
         </ref>
         <ref id="d10034e416a1310">
            <mixed-citation id="d10034e420" publication-type="other">
Dales R, Miller D, Ruest K, Guay M, Judek S. 2006. Airborne
endotoxin is associated with respiratory illness in the first
2 years of life. Environ Health Perspect 114:610-614.</mixed-citation>
         </ref>
         <ref id="d10034e433a1310">
            <mixed-citation id="d10034e437" publication-type="other">
Delfino RJ, Coate BD, Zeiger RS, Seltzer JM, Street DH,
Koutrakis P. 1996. Daily asthma severity in relation to per-
sonal ozone exposure and outdoor fungal spores. Am J
Respir Crit Care Med 154:633-641.</mixed-citation>
         </ref>
         <ref id="d10034e454a1310">
            <mixed-citation id="d10034e458" publication-type="other">
Delfino RJ, Zeiger RS, Seltzer JM, Street DH, Matteucci RM,
Anderson PR, et al. 1997. The effect of outdoor fungal
spore concentrations on daily asthma severity. Environ
Health Perspect 105(6):622-635.</mixed-citation>
         </ref>
         <ref id="d10034e474a1310">
            <mixed-citation id="d10034e478" publication-type="other">
Douwes J, Le Gros G, Gibson P, Pearce N. 2004. Can bacterial
endotoxin exposure reverse atopy and atopic disease?
J Allergy Clin Immunol 114(5):1051-1054.</mixed-citation>
         </ref>
         <ref id="d10034e491a1310">
            <mixed-citation id="d10034e495" publication-type="other">
Douwes J, Travier N, Huang K, Cheng S, McKenzie J, Le Gros G,
et al. 2007. Lifelong farm exposure may strongly reduce the
risk of asthma in adults. Allergy 62(10):1158-1165.</mixed-citation>
         </ref>
         <ref id="d10034e508a1310">
            <mixed-citation id="d10034e512" publication-type="other">
Douwes J, Zuidhof A, Doekes G, van der Zee SC, Wouters I,
Boezen MH, et al. 2000. (1--&gt;3)-beta-D-glucan and endo-
toxin in house dust and peak flow variability in children.
Am J Respir Crit Care Med 162(4 Pt 1):1348-1354.</mixed-citation>
         </ref>
         <ref id="d10034e528a1310">
            <mixed-citation id="d10034e532" publication-type="other">
Doyle LW, Cheung MM, Ford GW, Olinsky A, Davis NM,
Callanan C. 2001. Birth weight &lt;1501 g and respiratory
health at age 14. Arch Dis Child 84(1):40-44.</mixed-citation>
         </ref>
         <ref id="d10034e545a1310">
            <mixed-citation id="d10034e549" publication-type="other">
Dungan RS, Leytem AB. 2009. Airborne endotoxin concentra-
tions at a large open-lot dairy in southern Idaho. J Environ
Qual 38(5):1919-1923.</mixed-citation>
         </ref>
         <ref id="d10034e563a1310">
            <mixed-citation id="d10034e567" publication-type="other">
Gehring U, Bolte G, Borte M, Bischof W, Fahlbusch B, Wichmann
HE, et al. 2001. Exposure to endotoxin decreases the risk of
atopic eczema in infancy: a cohort study. J Allergy Clin
Immunol 108:847-854.</mixed-citation>
         </ref>
         <ref id="d10034e583a1310">
            <mixed-citation id="d10034e587" publication-type="other">
Gereda JE, Leung DY, Liu AH. 2000a. Levels of environmental endo-
toxin and prevalence of atopic disease. JAMA 284:1652-1653.</mixed-citation>
         </ref>
         <ref id="d10034e597a1310">
            <mixed-citation id="d10034e603" publication-type="other">
Gereda JE, Leung DY, Thatayatikom A, Streib JE, Price MR,
Klinnert MD, et al. 2000b. Relation between house-dust
endotoxin exposure, type 1 T-cell development, and aller-
gen sensitisation in infants at high risk of asthma. Lancet
355(9216):1680-1683.</mixed-citation>
         </ref>
         <ref id="d10034e622a1310">
            <mixed-citation id="d10034e626" publication-type="other">
Heinrich J, Pritz M, Bischof W, Krug N, Brom PJA. 2003.

              Endotoxin in fine (PM2.5) and coarse (PM
              
              ) particle
            
mass of ambient aerosols: a temporo-spatial analysis.
Atmos Environ 37:3659-3667.</mixed-citation>
         </ref>
         <ref id="d10034e645a1310">
            <mixed-citation id="d10034e649" publication-type="other">
Homer C, Huang C, Yang L, Wylie B, Coan M. 2004. Development
of a 2001 national landcover database for the United
States. Photogramm Eng Remote Sensing 70:829-840.</mixed-citation>
         </ref>
         <ref id="d10034e662a1310">
            <mixed-citation id="d10034e666" publication-type="other">
Kay AB. 1997. T cells as orchestrators of the asthmatic
response. Ciba Found Symp 206:56-67.</mixed-citation>
         </ref>
         <ref id="d10034e677a1310">
            <mixed-citation id="d10034e681" publication-type="other">
Koppelman GH, Reijmerink NE, Colin Stine O, Howard TD,
Whittaker PA, Meyers DA, et al. 2001. Association of a
promoter polymorphism of the CD14 gene and atopy. Am J
Respir Crit Care Med 163:965-969.</mixed-citation>
         </ref>
         <ref id="d10034e697a1310">
            <mixed-citation id="d10034e701" publication-type="other">
Madsen AM. 2006. Airborne endotoxin in different background
environments and seasons. Ann Agric Environ Med 13:81-86.</mixed-citation>
         </ref>
         <ref id="d10034e711a1310">
            <mixed-citation id="d10034e715" publication-type="other">
Michel O, Ginanni R, Duchateau J, Vertongen F, Le Bon B,
Sergysels R. 1991. Domestic endotoxin exposure and clini-
cal severity of asthma. Clin Exp Allergy 21:441-448.</mixed-citation>
         </ref>
         <ref id="d10034e728a1310">
            <mixed-citation id="d10034e732" publication-type="other">
Michel O, Kips J, Duchateau J, Vertongen F, Robert L, Collet H,
et al. 1996. Severity of asthma is related to endotoxin in
house dust. Am J Respir Crit Care Med 154:1641-1646.</mixed-citation>
         </ref>
         <ref id="d10034e745a1310">
            <mixed-citation id="d10034e749" publication-type="other">
Milton DK, Feldman HA, Neuberg DS, Bruckner RJ, Greaves IA.
1992. Environmental endotoxin measurement: the Kinetic
Limulus Assay with Resistant-parallel-line Estimation.
Environ Res 57(2):212-230.</mixed-citation>
         </ref>
         <ref id="d10034e765a1310">
            <mixed-citation id="d10034e769" publication-type="other">
Milton DK, Johnson DK, Park JH. 1997. Environmental endo-
toxin measurement: interference and sources of variation
in the Limulus assay of house dust. Am Ind Hyg Assoc J
58(12):861-867.</mixed-citation>
         </ref>
         <ref id="d10034e786a1310">
            <mixed-citation id="d10034e790" publication-type="other">
Monick MM, Hunninghake GW. 2002. Activation of second
messenger pathways in alveolar macrophages by endo-
toxin. Eur Respir J 20:210-222.</mixed-citation>
         </ref>
         <ref id="d10034e803a1310">
            <mixed-citation id="d10034e807" publication-type="other">
Monn C, Becker S. 1999. Cytotoxicity and induction of proin-
flammatory cytokines from human monocytes exposed to

              fine (PM2.5) and course particles (PM
              
              ) in outdoor and
            
indoor air. Toxicol Appi Pharmacol 155:245-252.</mixed-citation>
         </ref>
         <ref id="d10034e826a1310">
            <mixed-citation id="d10034e830" publication-type="other">
Monn C, Naef R, Koller T. 2003. Reactions of macrophages
exposed to particles &lt;10 microm. Environ Res 91(1):35-44.</mixed-citation>
         </ref>
         <ref id="d10034e840a1310">
            <mixed-citation id="d10034e844" publication-type="other">
Mueller-Anneling L, Avol E, Peters JM, Thome PS. 2004.

              Ambient endotoxin concentrations in PM
              
              from Southern
            
California. Environ Health Perspect 112:583-588.</mixed-citation>
         </ref>
         <ref id="d10034e860a1310">
            <mixed-citation id="d10034e864" publication-type="other">
Myatt TA, Milton DK. 2000. Endotoxins. In: Indoor Air Quality
Handbook (Spencer JP, Samet JM, McCarthy JF, eds).
New York:McGraw-Hill, 42.41-42.14.</mixed-citation>
         </ref>
         <ref id="d10034e877a1310">
            <mixed-citation id="d10034e883" publication-type="other">
O'Grady NP, Preas HL, Pugin J, Fiuza C, Tropea M, Reda D, et al.
2001. Local inflammatory responses following bronchial
endotoxin instillation in humans. Am J Respir Crit Care
Med 163:1591-1598.</mixed-citation>
         </ref>
         <ref id="d10034e900a1310">
            <mixed-citation id="d10034e904" publication-type="other">
Park JH, Gold DR, Spiegelman DL, Burge HA, Milton DK. 2001a.
House dust endotoxin and wheeze in the first year of life.
Am J Respir Crit Care Med 163:322-328.</mixed-citation>
         </ref>
         <ref id="d10034e917a1310">
            <mixed-citation id="d10034e921" publication-type="other">
Park JH, Spiegelman DL, Burge HA, Gold DR, Chew GL, Milton DK.
2000. Longitudinal study of dust and airborne endotoxin in the
home. Environ Health Perspect 108:1023-1028.</mixed-citation>
         </ref>
         <ref id="d10034e934a1310">
            <mixed-citation id="d10034e938" publication-type="other">
Park JH, Spiegelman DL, Gold DR, Burge HA, Milton DK. 2001b.
Predictors of airborne endotoxin in the home. Environ
Health Perspect 109:859-864.</mixed-citation>
         </ref>
         <ref id="d10034e951a1310">
            <mixed-citation id="d10034e955" publication-type="other">
Shoenfelt J, Mitkus RJ, Zeisler R, Spatz RO, Powell J,
Fenton MJ, et al. 2009. Involvement of TLR2 and TLR4
in inflammatory immune responses induced by fine and
coarse ambient air particulate matter. J Leukoc Biol
86:303-312.</mixed-citation>
         </ref>
         <ref id="d10034e974a1310">
            <mixed-citation id="d10034e978" publication-type="other">
Sinisi S, van der Laan MJ. 2004. The deletion/substitution/addi-
tion algorithm in loss function based estimation: applica-
tions in genomics. Stat Methods Genet Mol Biol 3:Article 18.</mixed-citation>
         </ref>
         <ref id="d10034e991a1310">
            <mixed-citation id="d10034e995" publication-type="other">
Solomon GM, Hjelmroos-Koski M, Rotkin-Ellman M,
Hammond SK. 2006. Airborne mold and endotoxin con-
centrations in New Orleans, Louisiana, after flooding,
October through November 2005. Environ Health Perspect
114:1381-1386.</mixed-citation>
         </ref>
         <ref id="d10034e1015a1310">
            <mixed-citation id="d10034e1019" publication-type="other">
Soukup JM, Becker S. 2001. Human alveolar macrophage
responses to air pollution particulates are associated with
insoluble components of coarse material, including par-
ticulate endotoxin. Toxicol Appi Pharmacol 171:20-26.</mixed-citation>
         </ref>
         <ref id="d10034e1035a1310">
            <mixed-citation id="d10034e1039" publication-type="other">
Spaan S, Schinkel J, Wouters IM, Preller L, Tielemans E, Nij ET,
et al. 2008. Variability in endotoxin exposure levels and
consequences for exposure assessment. Ann Occup Hyg
52(5):303-316.</mixed-citation>
         </ref>
         <ref id="d10034e1055a1310">
            <mixed-citation id="d10034e1059" publication-type="other">
Spaan S, Wouters IM, Oosting I, Doekes G, Heederik D. 2006.
Exposure to inhalatile dust and endotoxins in agricultural
industries. J Environ Monit 8:63-72.</mixed-citation>
         </ref>
         <ref id="d10034e1072a1310">
            <mixed-citation id="d10034e1076" publication-type="other">
Thome PS, Kulhankova K, Yin M, Cohn R, Arbes SJ Jr,
Zelden DC. 2005. Endotoxin exposure is a risk factor for
asthma: The National Survey of Endotoxin in United States
Housing. Am J Respir Crit Care Med 172:1731-1737.</mixed-citation>
         </ref>
         <ref id="d10034e1092a1310">
            <mixed-citation id="d10034e1096" publication-type="other">
Verhasselt V, Buelens C, Willems F, De Groote D, Haeffner-
Cavaillon N, Goldman M. 1997. Bacterial lipopolysac-
charide stimulates the production of cytokines and
the expression of costimulatory molecules by human
peripheral blood dendritic cells: evidence for a soluble
CD14-dependent pathway. J Immunol 158:2919-2925.</mixed-citation>
         </ref>
         <ref id="d10034e1119a1310">
            <mixed-citation id="d10034e1123" publication-type="other">
Vogelzang PF, van der Gulden JW, Folgering H, Kolk JJ,
Heederik D, Preller L, et al. 1998. Endotoxin exposure as a
major determinant of lung function decline in pig farmers.
Am J Respir Crit Care Med 157:15-18.</mixed-citation>
         </ref>
      </ref-list>
   </back>
</article>
