<article dtd-version="1.0" article-type="research-article">
   <front>
      <journal-meta>
         <journal-id xmlns:xlink="http://www.w3.org/1999/xlink" journal-id-type="jstor">envihealpers</journal-id>
         <journal-id xmlns:xlink="http://www.w3.org/1999/xlink" journal-id-type="jstor">j100482</journal-id>
         <journal-title-group xmlns:xlink="http://www.w3.org/1999/xlink">
            <journal-title>Environmental Health Perspectives</journal-title>
         </journal-title-group>
         <publisher>
            <publisher-name>National Institute of Environmental Health Sciences</publisher-name>
         </publisher>
         <issn xmlns:xlink="http://www.w3.org/1999/xlink" pub-type="ppub">00916765</issn>
      </journal-meta>
      <article-meta>
         <article-id xmlns:xlink="http://www.w3.org/1999/xlink" pub-id-type="jstor">20778599</article-id>
         <article-categories>
            <subj-group>
               <subject>Research</subject>
               <subj-group>
                  <subject>Children's Health</subject>
               </subj-group>
            </subj-group>
         </article-categories>
         <title-group>
            <article-title>Maternal Low-Level Lead Exposure and Fetal Growth</article-title>
         </title-group>
         <contrib-group>
            <contrib>
               <string-name xmlns:xlink="http://www.w3.org/1999/xlink">
                  <given-names>Motao</given-names>
                  <surname>Zhu</surname>
               </string-name>
            </contrib>
            <contrib>
               <string-name xmlns:xlink="http://www.w3.org/1999/xlink">
                  <given-names>Edward F.</given-names>
                  <surname>Fitzgerald</surname>
               </string-name>
            </contrib>
            <contrib>
               <string-name xmlns:xlink="http://www.w3.org/1999/xlink">
                  <given-names>Kitty H.</given-names>
                  <surname>Gelberg</surname>
               </string-name>
            </contrib>
            <contrib>
               <string-name xmlns:xlink="http://www.w3.org/1999/xlink">
                  <given-names>Shao</given-names>
                  <surname>Lin</surname>
               </string-name>
            </contrib>
            <contrib>
               <string-name xmlns:xlink="http://www.w3.org/1999/xlink">
                  <given-names>Charlotte M.</given-names>
                  <surname>Druschel</surname>
               </string-name>
            </contrib>
         </contrib-group>
         <pub-date xmlns:xlink="http://www.w3.org/1999/xlink">
            <day>1</day>
            <month>10</month>
            <year>2010</year>
         </pub-date>
         <volume>118</volume>
         <issue>10</issue>
         <issue-id xmlns:xlink="http://www.w3.org/1999/xlink">i20778557</issue-id>
         <fpage>1471</fpage>
         <lpage>1475</lpage>
         <self-uri xmlns:xlink="http://www.w3.org/1999/xlink"
                   xlink:href="http://www.jstor.org/stable/20778599"/>
         <abstract>
            <p>Background: Limited epidemiologic studies have examined the association between maternal low-level lead exposure [blood lead (PbB) &lt; 10 μg/dL] and fetal growth. Objective: We examined whether maternal low-level lead exposure is associated with decreased fetal growth. Methods: We linked New York State Heavy Metals Registry records of women who had PbB measurements with birth certificates to identify 43,288 mother—infant pairs in upstate New York in a retrospective cohort study from 2003 through 2005. We used multiple linear regression with fractional polynomials and logistic regression to relate birth weight, preterm delivery, and small for gestational age to PbB levels, adjusting for potential confounders. We used a closed-test procedure to identify the best fractional polynomials for PbB among 44 combinations. Results: We found a statistically significant association between PbB (square root transformed) and birth weight. Relative to 0 μg/dL, PbBs of 5 and 10 μg/dL were associated with an average of 61-g and 87-g decrease in birth weight, respectively. The adjusted odds ratio for PbBs between 3.1 and 9.9 μg/dL (highest quartile) was 1.04 [95% confidence interval (CI), 0.89-1.22] for preterm delivery and 1.07 (95% CI, 0.93-1.23) for small for gestational age, relative to PbBs ≤ 1 μg/dL (lowest quartile). No clear dose—response trends were evident when all of the quartiles were assessed. Conclusions: Low-level PbB was associated with a small risk of decreased birth weight with a supralinear dose—response relationship, but was not related to preterm birth or small for gestational age. The results have important implications regarding maternal PbB.</p>
         </abstract>
         <custom-meta-group xmlns:xlink="http://www.w3.org/1999/xlink">
            <custom-meta>
               <meta-name>lang</meta-name>
               <meta-value>eng</meta-value>
            </custom-meta>
         </custom-meta-group>
      </article-meta>
   </front>
   <back>
      <ref-list>
         <title>References</title>
         <ref id="d10167e219a1310">
            <mixed-citation id="d10167e223" publication-type="other">
Alexander GR, Hirnes JH, Kaufman RB, Mor J, Kogan M. 1996.
A United States national reference for fetal growth. Obstet
Gynecol 87:163-168.</mixed-citation>
         </ref>
         <ref id="d10167e236a1310">
            <mixed-citation id="d10167e240" publication-type="other">
Allison P. 1999. Logistic Regression Using the SAS System:
Theory and Application. Cary, NC:SAS Institute Inc.</mixed-citation>
         </ref>
         <ref id="d10167e250a1310">
            <mixed-citation id="d10167e254" publication-type="other">
Atabek ME, Kurtoglu S, Pirgon 0, Uzum K, Saraymen R. 2007.
Relation of in utero lead exposure with insulin-like growth
factor-l levels and neonatal anthropométrie parameters.
Int J Hyg Environ Health 210:91-95.</mixed-citation>
         </ref>
         <ref id="d10167e270a1310">
            <mixed-citation id="d10167e274" publication-type="other">
ATSDR (Agency for Toxic Substances and Disease Registry).
2007. Toxicological Profile for Lead. Case No. 7439-92-1.
Atlanta, Georgia:ATSDR.</mixed-citation>
         </ref>
         <ref id="d10167e288a1310">
            <mixed-citation id="d10167e292" publication-type="other">
Bellinger D, Levitón A, Rabinowitz M, Allred E, Needleman H,
Schoenbaum S. 1991. Weight gain and maturity in fetuses
exposed to low levels of lead. Environ Res 54:151-158.</mixed-citation>
         </ref>
         <ref id="d10167e305a1310">
            <mixed-citation id="d10167e309" publication-type="other">
Bellinger DC. 2005. Teratogen update: lead and pregnancy. Birth
Defects Research Part A: Clin Mol Teratol 73:409-420.</mixed-citation>
         </ref>
         <ref id="d10167e319a1310">
            <mixed-citation id="d10167e323" publication-type="other">
Bogden JD, Kemp FW, Han S, Murphy M, Fraiman M,
Czerniach D, et al. 1995. Dietary calcium and lead interact
to modify maternal blood pressure, erythropoiesis, and
fetal and neonatal growth in rats during pregnancy and
lactation. J Nutr 125:990-1002.</mixed-citation>
         </ref>
         <ref id="d10167e342a1310">
            <mixed-citation id="d10167e346" publication-type="other">
Boulet SL, Alexander GR, Salihu HM, Kirby RS, Carlo WA. 2006.
Fetal growth risk curves: defining levels of fetal growth
restriction by neonatal death risk. Am J Obstet Gynecol
195:1571-1577.</mixed-citation>
         </ref>
         <ref id="d10167e362a1310">
            <mixed-citation id="d10167e366" publication-type="other">
Canfield RL, Henderson CR Jr., Cory-Slechta DA, Cox C,
Jusko TA, Lanphear BP. 2003. Intellectual impairment in
children with blood lead concentrations below 10 microg
per deciliter. Engl J Med 348:1517-1526.</mixed-citation>
         </ref>
         <ref id="d10167e382a1310">
            <mixed-citation id="d10167e386" publication-type="other">
CDC (Centers for Disease Control and Prevention). Third
National Report on Human Exposure to Environmental
Chemicals. Pub. No. 05-0570. 2005. Atlanta, GA:CDC,
National Center for Environmental Health.</mixed-citation>
         </ref>
         <ref id="d10167e403a1310">
            <mixed-citation id="d10167e407" publication-type="other">
Chen PC, Pan IJ, Wang JD. 2006. Parental exposure to lead and
small for gestational age births. Am J Ind Med 49:417-422.</mixed-citation>
         </ref>
         <ref id="d10167e417a1310">
            <mixed-citation id="d10167e421" publication-type="other">
Dales LG, Urg HK. 1978. An improper use of statistical sig-
nificance testing in studying covariables. Int J Epidemiol
7:373-376.</mixed-citation>
         </ref>
         <ref id="d10167e434a1310">
            <mixed-citation id="d10167e438" publication-type="other">
Gonzalez-Cossio T, Peterson KE, Sanin LH, Fishbein E,
Palazuelos E, Aro A, et al. 1997. Decrease in birth weight
in relation to maternal bone-lead burden. Pediatrics
100:856-862.</mixed-citation>
         </ref>
         <ref id="d10167e454a1310">
            <mixed-citation id="d10167e458" publication-type="other">
Han S, Pfizenmaier DH, Garcia E. 2000. Effects of lead exposure
before pregnancy and dietary calcium during pregnancy
on fetal development and lead accumulation. Environ
Health Perspect 108:527-531.</mixed-citation>
         </ref>
         <ref id="d10167e474a1310">
            <mixed-citation id="d10167e478" publication-type="other">
Irgens A. 1998. Reproductive outcome in offspring of parents
occupational^ exposed to lead in Norway. Am J Ind Med
34:431-437.</mixed-citation>
         </ref>
         <ref id="d10167e491a1310">
            <mixed-citation id="d10167e495" publication-type="other">
Jelliffe-Pawlowski LL, Miles SQ, Courtney JG, Materna ,
Charlton V. 2006. Effect of magnitude and timing of mater-
nal pregnancy blood lead (Pb) levels on birth outcomes.
J Perinatol 26:154-162.</mixed-citation>
         </ref>
         <ref id="d10167e512a1310">
            <mixed-citation id="d10167e516" publication-type="other">
Lanphear BP, Hornung R, Khoury J, Yolton K, Baghurst P,
Bellinger DC, et al. 2005. Low-level environmental lead
exposure and children's intellectual function: an interna-
tional pooled analysis. Environ Health Perspect 113:894-899.</mixed-citation>
         </ref>
         <ref id="d10167e532a1310">
            <mixed-citation id="d10167e536" publication-type="other">
Lin S, Hwang SA, Marshall EG, Marion D. 1998. Does paternal
occupational lead exposure increase the risks of low birth
weight or prematurity? Am J Epidemiol 148:173-181.</mixed-citation>
         </ref>
         <ref id="d10167e549a1310">
            <mixed-citation id="d10167e553" publication-type="other">
Magri J, Sammut M, Savona-Ventura C. 2003. Lead and other
metals in gestational hypertension. Int J Gynecol Obstet
83:29-36.</mixed-citation>
         </ref>
         <ref id="d10167e566a1310">
            <mixed-citation id="d10167e570" publication-type="other">
March of Dimes Foundation. 2007. Quick References and Fact
Sheets: Preterm Birth. White Plains, NY:March of Dimes
Foundation.</mixed-citation>
         </ref>
         <ref id="d10167e583a1310">
            <mixed-citation id="d10167e587" publication-type="other">
Mickey RM, Greenland S. 1989. The impact of confounder
selection criteria on effect estimation. Am J Epidemiol
129:125-137.</mixed-citation>
         </ref>
         <ref id="d10167e600a1310">
            <mixed-citation id="d10167e606" publication-type="other">
New York State Department of Health Bureau of Occupational
Health. 2008a. New York State Heavy Metals Registry 2000
through 2005. Troy.New York State Department of Health,
Bureau of Occupational Health.</mixed-citation>
         </ref>
         <ref id="d10167e623a1310">
            <mixed-citation id="d10167e627" publication-type="other">
New York State Department of Health Bureau of Occupational
Health. 2008b. Physician's Handbook on Childhood Lead
Poisoning Prevention. Troy.New York State Department of
Health Bureau of Occupational Health.</mixed-citation>
         </ref>
         <ref id="d10167e643a1310">
            <mixed-citation id="d10167e647" publication-type="other">
New York State Department of Health Wadsworth Center.
2006. Summary of Proficiency Testing Results in the Blood
Lead Laboratories. Albany:New York State Department of
Health, Wadsworth Center.</mixed-citation>
         </ref>
         <ref id="d10167e663a1310">
            <mixed-citation id="d10167e667" publication-type="other">
Parsons PJ, Slavin W. 1993. A rapid Zeeman graphite-fur-
nace atomic-absorption spectrometric method for the
determination of lead in blood. Spectrochim Acta Part
48:925-939.</mixed-citation>
         </ref>
         <ref id="d10167e683a1310">
            <mixed-citation id="d10167e687" publication-type="other">
Potula V. 2005. Report from the CDC: is lead exposure a risk
factor for bone loss? J Womens Health 14:461-464.</mixed-citation>
         </ref>
         <ref id="d10167e697a1310">
            <mixed-citation id="d10167e701" publication-type="other">
Roohan PJ, Josberger RE, Acar J, Dabir P, Feder HM,
Gagliano PJ. 2003. Validation of birth certificate data in
New York state. J Community Health 28:335-346.</mixed-citation>
         </ref>
         <ref id="d10167e714a1310">
            <mixed-citation id="d10167e718" publication-type="other">
Rothenberg SJ, Kondrashov V, Manalo M, Jiang J, Cuellar R,
Garcia M, et al. 2002. Increases in hypertension and blood
pressure during pregnancy with increased bone lead lev-
els. Am J Epidemiol 156:1079-1087.</mixed-citation>
         </ref>
         <ref id="d10167e735a1310">
            <mixed-citation id="d10167e739" publication-type="other">
Royston P, Ambler G, Sauerbrei W. 1999. The use of fractional
polynomials to model continuous risk variables in epidemi-
ology. Int J Epidemiol 28:964-974.</mixed-citation>
         </ref>
         <ref id="d10167e752a1310">
            <mixed-citation id="d10167e756" publication-type="other">
Sowers M. 2002. Blood lead concentrations and pregnancy
outcomes. Arch Environ Health 57:489-494.</mixed-citation>
         </ref>
         <ref id="d10167e766a1310">
            <mixed-citation id="d10167e770" publication-type="other">
Tellez-Rojo MM, Bellinger DC, Arroyo-Quiroz C, Lamadrid-
Figueroa H, Mercado-Garcia A, Schnaas-Arrieta L, et al.
2006. Longitudinal associations between blood lead
concentrations lower than 10 pg/dl and neurobehavioral
development in environmentally exposed children in
Mexico City. Pediatrics 118:e323-e330.</mixed-citation>
         </ref>
         <ref id="d10167e793a1310">
            <mixed-citation id="d10167e797" publication-type="other">
Torres-Sanchez LE, Berkowitz G, Lopez-Carrillo L, Torres-
Arreola L, Rios C, Lopez-Cervantes M. 1999. Intrauterine
lead exposure and preterm birth. Environ Res 81:297-301.</mixed-citation>
         </ref>
         <ref id="d10167e810a1310">
            <mixed-citation id="d10167e814" publication-type="other">
Zentner LE, Rondo PHC, Mastroeni SSBS. 2006. Lead contami-
nation and anthropometry of the newborn baby. J Trop
Pediatr 52:369-371.</mixed-citation>
         </ref>
      </ref-list>
   </back>
</article>
