<article dtd-version="1.0" article-type="research-article">
   <front>
      <journal-meta>
         <journal-id xmlns:xlink="http://www.w3.org/1999/xlink" journal-id-type="jstor">envihealpers</journal-id>
         <journal-id xmlns:xlink="http://www.w3.org/1999/xlink" journal-id-type="jstor">j100482</journal-id>
         <journal-title-group xmlns:xlink="http://www.w3.org/1999/xlink">
            <journal-title>Environmental Health Perspectives</journal-title>
         </journal-title-group>
         <publisher>
            <publisher-name>National Institute of Environmental Health Sciences</publisher-name>
         </publisher>
         <issn xmlns:xlink="http://www.w3.org/1999/xlink" pub-type="ppub">00916765</issn>
      </journal-meta>
      <article-meta>
         <article-id xmlns:xlink="http://www.w3.org/1999/xlink" pub-id-type="jstor">20778578</article-id>
         <article-categories>
            <subj-group>
               <subject>Commentaries</subject>
            </subj-group>
         </article-categories>
         <title-group>
            <article-title>Evaluating and Regulating Lead in Synthetic Turf</article-title>
         </title-group>
         <contrib-group>
            <contrib>
               <string-name xmlns:xlink="http://www.w3.org/1999/xlink">
                  <given-names>Gregory</given-names>
                  <surname>Van Ulirsch</surname>
               </string-name>
            </contrib>
            <contrib>
               <string-name xmlns:xlink="http://www.w3.org/1999/xlink">
                  <given-names>Kevin</given-names>
                  <surname>Gleason</surname>
               </string-name>
            </contrib>
            <contrib>
               <string-name xmlns:xlink="http://www.w3.org/1999/xlink">
                  <given-names>Shawn</given-names>
                  <surname>Gerstenberger</surname>
               </string-name>
            </contrib>
            <contrib>
               <string-name xmlns:xlink="http://www.w3.org/1999/xlink">
                  <given-names>Daphne B.</given-names>
                  <surname>Moffett</surname>
               </string-name>
            </contrib>
            <contrib>
               <string-name xmlns:xlink="http://www.w3.org/1999/xlink">
                  <given-names>Glenn</given-names>
                  <surname>Pulliam</surname>
               </string-name>
            </contrib>
            <contrib>
               <string-name xmlns:xlink="http://www.w3.org/1999/xlink">
                  <given-names>Tariq</given-names>
                  <surname>Ahmed</surname>
               </string-name>
            </contrib>
            <contrib>
               <string-name xmlns:xlink="http://www.w3.org/1999/xlink">
                  <given-names>Jerald</given-names>
                  <surname>Fagliano</surname>
               </string-name>
            </contrib>
         </contrib-group>
         <pub-date xmlns:xlink="http://www.w3.org/1999/xlink">
            <day>1</day>
            <month>10</month>
            <year>2010</year>
         </pub-date>
         <volume>118</volume>
         <issue>10</issue>
         <issue-id xmlns:xlink="http://www.w3.org/1999/xlink">i20778557</issue-id>
         <fpage>1345</fpage>
         <lpage>1349</lpage>
         <self-uri xmlns:xlink="http://www.w3.org/1999/xlink"
                   xlink:href="http://www.jstor.org/stable/20778578"/>
         <abstract>
            <p>Background: In 2007, a synthetic turf recreational field in Newark, New Jersey, was closed because lead was found in synthetic turf fibers and in surface dust at concentrations exceeding hazard criteria. Consequently, public health professionals across the country began testing synthetic turf to determine whether it represented a lead hazard. Currently, no standardized methods exist to test for lead in synthetic turf or to assess lead hazards. Objectives: Our objectives were to increase awareness of potential lead exposure from synthetic turf by presenting data showing elevated lead in fibers and turf-derived dust; identify risk assessment uncertainties; recommend that federal and/or state agencies determine appropriate methodologies for assessing lead in synthetic turf; and recommend an interim standardized approach for sampling, interpreting results, and taking health-protective actions. Discussion: Data collected from recreational fields and child care centers indicate lead in synthetic turf fibers and dust at concentrations exceeding the Consumer Product Safety Improvement Act of 2008 statutory lead limit of 300 mg/kg for consumer products intended for use by children, and the U.S. Environmental Protection Agency's lead-dust hazard standard of 40 μg/ft² for floors. Conclusions: Synthetic turf can deteriorate to form dust containing lead at levels that may pose a risk to children. Given elevated lead levels in turf and dust on recreational fields and in child care settings, it is imperative that a consistent, nationwide approach for sampling, assessment, and action be developed. In the absence of a standardized approach, we offer an interim approach to assess potential lead hazards when evaluating synthetic turf.</p>
         </abstract>
         <custom-meta-group xmlns:xlink="http://www.w3.org/1999/xlink">
            <custom-meta>
               <meta-name>lang</meta-name>
               <meta-value>eng</meta-value>
            </custom-meta>
         </custom-meta-group>
      </article-meta>
   </front>
   <back>
      <ref-list>
         <title>References</title>
         <ref id="d10062e228a1310">
            <mixed-citation id="d10062e232" publication-type="other">
ASTM (American Society for Testing and Materials International).
2005. Standard Practice for Collection of Surface Dust
by Micro-vacuum Sampling for Subsequent Metals
Determination-ASTM D7144-05a. West Conshohocken,
PA:ASTM.</mixed-citation>
         </ref>
         <ref id="d10062e251a1310">
            <mixed-citation id="d10062e255" publication-type="other">
ATSDR (Agency for Toxic Substances and Disease Registry).
2008. Letter Health Consultation for Ironbound Athletic Field
B; February 11, 2008. Available: http://www.atsdr.cdc.gov/
HAC/pha//IronBoundAthleticField/IronboundAthleticField
LHC 2-22-2008.pdf [accessed 1 August 2009].</mixed-citation>
         </ref>
         <ref id="d10062e274a1310">
            <mixed-citation id="d10062e278" publication-type="other">
Bai Z, Yiin LM, Rich DQ, Adgate JL, Ashley PJ, Lioy PJ, et al. 2003.
Field evaluation and comparison of five methods of sam-
pling lead dust on carpets. Am Ind Hyg Assoc J 64:528-532.</mixed-citation>
         </ref>
         <ref id="d10062e291a1310">
            <mixed-citation id="d10062e295" publication-type="other">
CDC (Centers for Disease Control and Prevention). 1991.
Preventing Lead Poisoning in Young Children. Atlanta,
GA:CDC.</mixed-citation>
         </ref>
         <ref id="d10062e309a1310">
            <mixed-citation id="d10062e313" publication-type="other">
CDC (Centers for Disease Control and Prevention). 2007.
Interpreting and managing blood lead levels &lt; 10 pg/dL
in children and reducing childhood exposures to lead.
MMWR 56:1-16.</mixed-citation>
         </ref>
         <ref id="d10062e329a1310">
            <mixed-citation id="d10062e333" publication-type="other">
Consent Judgment as to Astroturf, Inc. 2009. Case No. RG
0840713. Superior Court of California for the County of
Alameda, Alameda, CA. Available: http://ag.ca.gov/cms_
attachments/press/pdfs/n1782_astroturf_cj,_final-signed.
pdf [accessed 1 August 2009].</mixed-citation>
         </ref>
         <ref id="d10062e352a1310">
            <mixed-citation id="d10062e356" publication-type="other">
CPSC (Consumer Product Safety Commission). 1998. Codification
of guidance policy on lead in consumer products. Fed Reg
63(245):70648-70649.</mixed-citation>
         </ref>
         <ref id="d10062e369a1310">
            <mixed-citation id="d10062e373" publication-type="other">
CPSC (Consumer Product Safety Commission). 2008. CPSC
Staff Finds Synthetic Turf Fields OK to Install, OK to
Play On. Available: http://www.cpsc.gov/cpscpub/prerel/
prhtml08/08348.html [accessed 1 August 2009].</mixed-citation>
         </ref>
         <ref id="d10062e389a1310">
            <mixed-citation id="d10062e393" publication-type="other">
CPSIA (Consumer Product Safety Improvement Act of 2008).
2008. Public Law 110-314. Available: http://www.cpsc.gov/
cpsia.pdf [accessed 1 August 2009].</mixed-citation>
         </ref>
         <ref id="d10062e406a1310">
            <mixed-citation id="d10062e410" publication-type="other">
Farfel MR, Lees PSJ, Rhode CA, Lim BS, Desmond B, Chisolm JJ.
1994. Comparison of a wipe and vacuum collection method
for the determination of lead in residential dusts. Environ
Res 65:291-301.</mixed-citation>
         </ref>
         <ref id="d10062e427a1310">
            <mixed-citation id="d10062e431" publication-type="other">
Farfel MR, Orlova AO, Lees PSJ, Bowen C, Elias R, Ashley PJ,
et al. 2001. Comparison of two floor mat lead dust collec-
tion methods and their application in pre-1950 and new
urban homes. Environ Sci Technol 35:2078-2083.</mixed-citation>
         </ref>
         <ref id="d10062e447a1310">
            <mixed-citation id="d10062e451" publication-type="other">
HRHC (Hudson Regional Health Commission), New Jersey. 2008.
Report on Field Investigation of The Soccer Field at Sinatra
Park, Hoboken, NJ. April 23, 2008. Available on request via
http://www.hudsonregional.org [accessed 28 June 2010].</mixed-citation>
         </ref>
         <ref id="d10062e467a1310">
            <mixed-citation id="d10062e471" publication-type="other">
HUD (U.S. Department of Housing and Urban Development).
1995. HUD Guidelines for the Evaluation and Control of
Lead-Based Paint Hazards in Housing. Washington,
DC:HUD. Available: http://www.hud.gov/offices/lead/lbp/
hudguidelines/[accessed 1 August 2009].</mixed-citation>
         </ref>
         <ref id="d10062e490a1310">
            <mixed-citation id="d10062e494" publication-type="other">
Lanphear BP, Emond M, David E, Jacobs DE, Weitzman M,
Tanner M, et al. 1995. A side-by-side comparison of dust
collection methods for sampling lead-contaminated house
dust. Environ Res 68:114-123.</mixed-citation>
         </ref>
         <ref id="d10062e510a1310">
            <mixed-citation id="d10062e514" publication-type="other">
Life Science Laboratories. 2008. Analytical Report for CNS
field to Swiatoslav Kaczmar, O'Brien &amp; Gere Engineers,
Inc., Syracuse, New York. Syracuse, NY:Life Science
Laboratories.</mixed-citation>
         </ref>
         <ref id="d10062e530a1310">
            <mixed-citation id="d10062e534" publication-type="other">
Lioy PJ, Freeman NCG, Millette JR. 2002. Dust: a metric for
use in residential and building exposure assessment
and source characterization. Environ Health Perspect
110:969-983.</mixed-citation>
         </ref>
         <ref id="d10062e551a1310">
            <mixed-citation id="d10062e555" publication-type="other">
Lioy PJ, Weisel CP. 2008. Artificial turf: safe or out on ball fields
around the world [Editorial]. J Expo Sci Environ Epidemiol
18:533-534.</mixed-citation>
         </ref>
         <ref id="d10062e568a1310">
            <mixed-citation id="d10062e572" publication-type="other">
NJDHSS (New Jersey Department of Health and Senior
Services). 2008. New Jersey Artificial Turf Investigation.
Available: http://http://www.state.nj.us/health/artificialturf/
index.shtml [accessed 1 August 2009].</mixed-citation>
         </ref>
         <ref id="d10062e588a1310">
            <mixed-citation id="d10062e592" publication-type="other">
Sterling DA, Roegner KC, Lewis RD, Luke DA, Wilder LC,
Bure h ette SM. 1999. Evaluation of four sampling methods
for determining exposure of children to lead-contaminated
household dust. Environ Res 81:30-41.</mixed-citation>
         </ref>
         <ref id="d10062e608a1310">
            <mixed-citation id="d10062e612" publication-type="other">
Synthetic Turf Council. 2008. U.S. Consumer Product Safety
Commission Validates Safety of Lead Chromate in
Synthetic Turf and STC Announces Voluntary Reduction
Standards. News Release, 30 July 2008. Available:
http://syntheticturfcouncil.org/associations/7632/files/
STC_CPSC%20Validates%20Safety%20Voluntary%20
Reduction%20Standards%20Announced_FINAL_073008.
pdf [accessed 1 August 2009].</mixed-citation>
         </ref>
         <ref id="d10062e641a1310">
            <mixed-citation id="d10062e645" publication-type="other">
U.S. EPA (U.S. Environmental Protection Agency). 2001. Lead:
identification of dangerous levels of lead; final rule. Fed
Reg 66(4): 1206-1240.</mixed-citation>
         </ref>
         <ref id="d10062e658a1310">
            <mixed-citation id="d10062e662" publication-type="other">
U.S. EPA (U.S. Environmental Protection Agency). 2002. Standard
Operating Procedure 2040—Collection of Indoor Dust
Samples from Carpeted Surfaces for Chemical Analysis
Using a Nilfisk GS-80 Vacuum Cleaner. Washington,
DC:U.S. EPA.</mixed-citation>
         </ref>
      </ref-list>
   </back>
</article>
