<article dtd-version="1.0" article-type="research-article">
   <front>
      <journal-meta>
         <journal-id xmlns:xlink="http://www.w3.org/1999/xlink" journal-id-type="jstor">envihealpers</journal-id>
         <journal-id xmlns:xlink="http://www.w3.org/1999/xlink" journal-id-type="jstor">j100482</journal-id>
         <journal-title-group xmlns:xlink="http://www.w3.org/1999/xlink">
            <journal-title>Environmental Health Perspectives</journal-title>
         </journal-title-group>
         <publisher>
            <publisher-name>National Institute of Environmental Health Sciences</publisher-name>
         </publisher>
         <issn xmlns:xlink="http://www.w3.org/1999/xlink" pub-type="ppub">00916765</issn>
      </journal-meta>
      <article-meta>
         <article-id xmlns:xlink="http://www.w3.org/1999/xlink" pub-id-type="jstor">20778592</article-id>
         <article-categories>
            <subj-group>
               <subject>Research</subject>
               <subj-group>
                  <subject>Children's Health</subject>
               </subj-group>
            </subj-group>
         </article-categories>
         <title-group>
            <article-title>Allergy and Sensitization during Childhood Associated with Prenatal and Lactational Exposure to Marine Pollutants</article-title>
         </title-group>
         <contrib-group>
            <contrib>
               <string-name xmlns:xlink="http://www.w3.org/1999/xlink">
                  <given-names>Philippe</given-names>
                  <surname>Grandjean</surname>
               </string-name>
            </contrib>
            <contrib>
               <string-name xmlns:xlink="http://www.w3.org/1999/xlink">
                  <given-names>Lars K.</given-names>
                  <surname>Poulsen</surname>
               </string-name>
            </contrib>
            <contrib>
               <string-name xmlns:xlink="http://www.w3.org/1999/xlink">
                  <given-names>Carsten</given-names>
                  <surname>Heilmann</surname>
               </string-name>
            </contrib>
            <contrib>
               <string-name xmlns:xlink="http://www.w3.org/1999/xlink">
                  <given-names>Ulrike</given-names>
                  <surname>Steuerwald</surname>
               </string-name>
            </contrib>
            <contrib>
               <string-name xmlns:xlink="http://www.w3.org/1999/xlink">
                  <given-names>Pál</given-names>
                  <surname>Weihe</surname>
               </string-name>
            </contrib>
         </contrib-group>
         <pub-date xmlns:xlink="http://www.w3.org/1999/xlink">
            <day>1</day>
            <month>10</month>
            <year>2010</year>
         </pub-date>
         <volume>118</volume>
         <issue>10</issue>
         <issue-id xmlns:xlink="http://www.w3.org/1999/xlink">i20778557</issue-id>
         <fpage>1429</fpage>
         <lpage>1433</lpage>
         <self-uri xmlns:xlink="http://www.w3.org/1999/xlink"
                   xlink:href="http://www.jstor.org/stable/20778592"/>
         <abstract>
            <p>Background: Breast-feeding may affect the risk of developing allergy during childhood and may also cause exposure to immunotoxicants, such as polychlorinated biphenyls (PCBs), which are of concern as marine pollutants in the Faroe Islands and the Arctic region. Objectives: The objective was to assess whether sensitization and development of allergic disease is associated with duration of breast-feeding and prenatal or postnatal exposures to PCBs and methylmercury. Methods: A cohort of 656 singleton births was formed in the Faroe Islands during 1999-2001. Duration of breast-feeding and history of asthma and atopic dermatitis were recorded at clinical examinations at 5 and 7 years of age. PCB and mercury concentrations were determined in blood samples obtained at parturition and at follow-up. Serum from 464 children (71%) at 7 years of age was analyzed for total immunoglobulin E (IgE) and grass-specific IgE. Results: The total IgE concentration in serum at 7 years of age was positively associated both with the concomitant serum PCB concentration and with the duration of breast-feeding. However, the effect only of the latter was substantially attenuated in a multivariate analysis. A raised grass-specific IgE concentration compatible with sensitization was positively associated with the duration of breast-feeding and inversely associated with prenatal methylmercury exposure. However, a history of asthma or atopic dermatitis was not associated with the duration of breast-feeding, although children with atopic dermatitis had lower prenatal PCB exposures than did nonallergic children. Conclusions: These findings suggest that developmental exposure to immunotoxicants may both increase and decrease the risk of allergic disease and that associations between breast-feeding and subsequent allergic disease in children may, at least in part, reflect lactational exposure to immunotoxic food contaminants.</p>
         </abstract>
         <custom-meta-group xmlns:xlink="http://www.w3.org/1999/xlink">
            <custom-meta>
               <meta-name>lang</meta-name>
               <meta-value>eng</meta-value>
            </custom-meta>
         </custom-meta-group>
      </article-meta>
   </front>
   <back>
      <ref-list>
         <title>References</title>
         <ref id="d10181e228a1310">
            <mixed-citation id="d10181e232" publication-type="other">
Bach JF. 2002. The effect of infections on susceptibility to autoim-
mune and allergic diseases. N Engl J Med 347(12):911-920.</mixed-citation>
         </ref>
         <ref id="d10181e242a1310">
            <mixed-citation id="d10181e246" publication-type="other">
Barr DB, Weihe P, Davis MD, Needham LL, Grandjean P.
2006. Serum polychlorinated biphenyl and organochlo-
rine insecticide concentrations in a Faroese birth cohort.
Chemosphere 62(7):1167-1182.</mixed-citation>
         </ref>
         <ref id="d10181e262a1310">
            <mixed-citation id="d10181e266" publication-type="other">
Belles-Isles M, Ayotte P, Dewailly E, Weber JP, Roy R. 2002. Cord
blood lymphocyte functions in newborns from a remote
maritime population exposed to organochlonnes and meth-
ylmercury. J Toxicol Environ Health A 65(2): 165-182.</mixed-citation>
         </ref>
         <ref id="d10181e282a1310">
            <mixed-citation id="d10181e286" publication-type="other">
Bergmann RL, Diepgen TL, Kuss O, Bergmann KE, Kujat J,
Dudenhausen JW, et al. 2002. Breastfeeding duration is a
risk factor for atopic eczema. Clin Exp Allergy 32(2):205-209.</mixed-citation>
         </ref>
         <ref id="d10181e300a1310">
            <mixed-citation id="d10181e304" publication-type="other">
Bilrha H, Roy R, Moreau B, Belles-Isles M, Dewailly E, Ayotte P.
2003. In vitro activation of cord blood mononuclear cells
and cytokine production in a remote coastal population
exposed to organochlorines and methyl mercury. Environ
Health Perspect 111:1952-1957.</mixed-citation>
         </ref>
         <ref id="d10181e323a1310">
            <mixed-citation id="d10181e327" publication-type="other">
Clausen M, Kristjansson S, Haraldsson A, Bjorksten B. 2008.
High prevalence of allergic diseases and sensitizaron in a
low allergen country. Acta Paediatr 97(9): 1216-1220.</mixed-citation>
         </ref>
         <ref id="d10181e340a1310">
            <mixed-citation id="d10181e344" publication-type="other">
Daniluk U, Kaczmarski M, Sidor K. 2008. Chosen factors and
high total concentration of Immunoglobulin E (IgE) in chil-
dren. Pol J Environ Stud 17(4):473-478.</mixed-citation>
         </ref>
         <ref id="d10181e357a1310">
            <mixed-citation id="d10181e361" publication-type="other">
de Vos G, Abotaga S, Liao Z, Jerschow E, Rosenstreich D.
2007. Selective effect of mercury on Th2-type cytokine
production in humans. Immunopharmacol Immunotoxicol
29(3-4):537-548.</mixed-citation>
         </ref>
         <ref id="d10181e377a1310">
            <mixed-citation id="d10181e381" publication-type="other">
Dieted RR. 2008. Developmental immunotoxicology (DIT): win-
dows of vulnerability, immune dysfunction and safety
assessment. J Immunotoxicol 5(4):401-412.</mixed-citation>
         </ref>
         <ref id="d10181e394a1310">
            <mixed-citation id="d10181e398" publication-type="other">
Furuhjelm C, Warstedt K, Larsson J, Fredriksson M,
Böttcher MF, Falth-Magnusson K, et al. 2009. Fish oil sup-
plementation in pregnancy and lactation may decrease
the risk of infant allergy. Acta Paediatr 98(9):1461-1467.</mixed-citation>
         </ref>
         <ref id="d10181e415a1310">
            <mixed-citation id="d10181e419" publication-type="other">
Giwercman C, Halkjaer LB, Jensen SM, Bonnelykke K, Lauritzen L,
Bisgaard H. 2010. Increased risk of eczema but reduced risk
of early wheezy disorder from exclusive breast-feeding in
high-risk infants. J Allergy Clin Immunol 125(4):866-871.</mixed-citation>
         </ref>
         <ref id="d10181e435a1310">
            <mixed-citation id="d10181e439" publication-type="other">
Grandjean P, Jorgensen PJ, Weihe P. 1994. Human milk as
a source of methylmercury exposure in infants. Environ
Health Perspect 102:74-77.</mixed-citation>
         </ref>
         <ref id="d10181e452a1310">
            <mixed-citation id="d10181e456" publication-type="other">
Grandjean P, Weihe P, Needham LL, Burse VW, Patterson DG Jr,
Sampson EJ, et al. 1995. Relation of a seafood diet to mer-
cury, selenium, arsenic, and polychlorinated biphenyl
and other organochlorine concentrations in human milk.
Environ Res71(1):29-38.</mixed-citation>
         </ref>
         <ref id="d10181e475a1310">
            <mixed-citation id="d10181e479" publication-type="other">
Grandjean P, White RF, Weihe P, Jorgensen PJ. 2003.
Neurotoxic risk caused by stable and variable exposure to
methylmercury from seafood. Ambul Pediatr 3(1):18-23.</mixed-citation>
         </ref>
         <ref id="d10181e492a1310">
            <mixed-citation id="d10181e496" publication-type="other">
Heilmann C, Budtz-Jorgensen E, Nielsen F, Heinzow B,
Weihe P, Grandjean P. 2010. Serum concentrations of
antibodies against vaccine toxoids in children exposed
perinatally to immunotoxicants. Environ Health Perspect
118:1434-1438.</mixed-citation>
         </ref>
         <ref id="d10181e515a1310">
            <mixed-citation id="d10181e519" publication-type="other">
Heilmann C, Grandjean P, Weihe P, Nielsen F, Budtz-
Jorgensen E. 2006. Reduced antibody responses to vacci-
nations in children exposed to polychlorinated biphenyls.
PLoS Med3(8):e311.</mixed-citation>
         </ref>
         <ref id="d10181e536a1310">
            <mixed-citation id="d10181e540" publication-type="other">
Kerkvliet NI. 2009. AHR-mediated immunomodulation: the
role of altered gene transcription. Biochem Pharmacol
77(4):746-760.</mixed-citation>
         </ref>
         <ref id="d10181e553a1310">
            <mixed-citation id="d10181e557" publication-type="other">
Kirsten GF. 2009. Does breastfeeding prevent atopic disorders?
Curr Allergy Clin Immunol 22(1):24-26.</mixed-citation>
         </ref>
         <ref id="d10181e567a1310">
            <mixed-citation id="d10181e571" publication-type="other">
Kramer MS, Matush L, Vanilovich I, Platt R, Bogdanovich N,
Sevkovskaya Z, et al. 2007. Effect of prolonged and
exclusive breast feeding on risk of allergy and asthma:
cluster randomised trial. BMJ 335(7624):815; doi: 10.1136/
bmj.39304.464016.AE [Online 11 September 2007].</mixed-citation>
         </ref>
         <ref id="d10181e590a1310">
            <mixed-citation id="d10181e594" publication-type="other">
Krause T, Koch A, Friborg J, Poulsen LK, Kristensen B,
Melbye M. 2002a. Frequency of atopy in the Arctic in 1987
and 1998. Lancet 360(9334):691-692.</mixed-citation>
         </ref>
         <ref id="d10181e607a1310">
            <mixed-citation id="d10181e611" publication-type="other">
Krause TG, Koch A, Poulsen LK, Kristensen B, Olsen OR,
Melbye M. 2002b. Atopic sensitization among children in
an arctic environment. Clin Exp Allergy 32(3):367-372.</mixed-citation>
         </ref>
         <ref id="d10181e624a1310">
            <mixed-citation id="d10181e628" publication-type="other">
Longnecker MP, Wolff MS, Gladen BC, Brock JW, Grandjean P,
Jacobson JL, et al. 2003. Comparison of polychlorinated
biphenyl levels across studies of human neurodevelop-
ment. Environ Health Perspect 111:65-70.</mixed-citation>
         </ref>
         <ref id="d10181e645a1310">
            <mixed-citation id="d10181e649" publication-type="other">
Nagayama J, Tsuji H, lida T, Nakagawa R, Matsueda T,
Hirakawa H, et al. 2007. Immunologie effects of perinatal
exposure to dioxins, PCBs and organochlorine pesticides
in Japanese infants. Chemosphere 67(9):S393-S398.</mixed-citation>
         </ref>
         <ref id="d10181e665a1310">
            <mixed-citation id="d10181e669" publication-type="other">
Nielsen JB, Hultman P. 2002. Mercury-induced autoimmunity in
mice. Environ Health Perspect 110(suppl 5):877-881.</mixed-citation>
         </ref>
         <ref id="d10181e679a1310">
            <mixed-citation id="d10181e683" publication-type="other">
Patandin S, Weisglas-Kuperus N, de Ridder MA, Koopman-
Esseboom C, van Staveren WA, van der Paauw CG, et al.
1997. Plasma polychlorinated biphenyl levels in Dutch
preschool children either breast-fed or formula-fed during
infancy. Am J Public Health 87(10):1711-1714.</mixed-citation>
         </ref>
         <ref id="d10181e702a1310">
            <mixed-citation id="d10181e706" publication-type="other">
Poulsen LK, Hummelshoj L. 2007. Triggers of IgE class switch-
ing and allergy development. Ann Med 39(6):440-456.</mixed-citation>
         </ref>
         <ref id="d10181e716a1310">
            <mixed-citation id="d10181e720" publication-type="other">
Satwani H, Rehman A, Ashraf S, Hassan A. 2009. Is serum total
IgE levels a good predictor of allergies in children? J Pak
Med Assoc 59(10):698-702.</mixed-citation>
         </ref>
         <ref id="d10181e733a1310">
            <mixed-citation id="d10181e737" publication-type="other">
Schade G, Heinzow B. 1998. Organochlorine pesticides and
polychlorinated biphenyls in human milk of mothers living
in northern Germany: current extent of contamination,
time trend from 1986 to 1997 and factors that influence the
levels of contamination. Sci Total Environ 215(1-2):31-39.</mixed-citation>
         </ref>
         <ref id="d10181e757a1310">
            <mixed-citation id="d10181e761" publication-type="other">
Steuerwald U, Weihe P, Jorgensen PJ, Bjerve K, Brock J,
Heinzow B, et al. 2000. Maternal seafood diet, methylmer-
cury exposure, and neonatal neurologic function. J Pediatr
136(5):599-605.</mixed-citation>
         </ref>
         <ref id="d10181e777a1310">
            <mixed-citation id="d10181e781" publication-type="other">
Strachan DP, Cook DG. 1998. Health effects of passive smoking.
5. Parental smoking and allergic sensitisation in children.
Thorax 53(2):117-123.</mixed-citation>
         </ref>
         <ref id="d10181e794a1310">
            <mixed-citation id="d10181e798" publication-type="other">
ten Tusscher GW, Steerenberg PA, van Loveren H, Vos JG,
von dem Borne AE, Westra M, et al. 2003. Persistent
hematologie and immunologie disturbances in 8-year-old
Dutch children associated with perinatal dioxin exposure.
Environ Health Perspect 111:1519-1523.</mixed-citation>
         </ref>
         <ref id="d10181e817a1310">
            <mixed-citation id="d10181e821" publication-type="other">
Van Den Heuvel RL, Koppen G, Staessen JA, Hond ED,
Verheyen G, NawrotTS, et al. 2002. Immunologie biomark-
ers in relation to exposure markers of PCBs and dioxins in
Flemish adolescents (Belgium). Environ Health Perspect
110:595-600.</mixed-citation>
         </ref>
         <ref id="d10181e840a1310">
            <mixed-citation id="d10181e844" publication-type="other">
van Odijk J, Kuli I, Borres MP, Brandtzaeg P, Edberg U,
Hanson LA, et al. 2003. Breastfeeding and allergic disease:
a multidisciplinary review of the literature (1966-2001) on
the mode of early feeding in infancy and its impact on later
atopic manifestations. Allergy 58(9):833-843.</mixed-citation>
         </ref>
         <ref id="d10181e863a1310">
            <mixed-citation id="d10181e867" publication-type="other">
Weinmayr G, Genuneit J, Nagel J, Björkstén B, van Hage M,
Priftanji A, et al. 2010. International variations in associa-
tions of allergic markers and diseases in children: ISAAC
Phase Two. Allergy 65(6):766-775.</mixed-citation>
         </ref>
         <ref id="d10181e884a1310">
            <mixed-citation id="d10181e888" publication-type="other">
Wright AL, Sherrill D, Holberg CJ, Halonen M, Martinez FD.
1999. Breast-feeding, maternal IgE, and total serum IgE in
childhood. J Allergy Clin Immunol 104(3 pt 1 ):589-594.</mixed-citation>
         </ref>
      </ref-list>
   </back>
</article>
