<article dtd-version="1.0" article-type="research-article">
   <front>
      <journal-meta>
         <journal-id xmlns:xlink="http://www.w3.org/1999/xlink" journal-id-type="jstor">envihealpers</journal-id>
         <journal-id xmlns:xlink="http://www.w3.org/1999/xlink" journal-id-type="jstor">j100482</journal-id>
         <journal-title-group xmlns:xlink="http://www.w3.org/1999/xlink">
            <journal-title>Environmental Health Perspectives</journal-title>
         </journal-title-group>
         <publisher>
            <publisher-name>National Institute of Environmental Health Sciences. National Institutes of Health. Department of Health, Education and Welfare</publisher-name>
         </publisher>
         <issn xmlns:xlink="http://www.w3.org/1999/xlink" pub-type="ppub">00916765</issn>
      </journal-meta>
      <article-meta>
         <article-id xmlns:xlink="http://www.w3.org/1999/xlink" pub-id-type="jstor">25067907</article-id>
         <article-categories>
            <subj-group>
               <subject>Perspectives</subject>
               <subj-group>
                  <subject>Correspondence</subject>
               </subj-group>
            </subj-group>
         </article-categories>
         <title-group>
            <article-title>Cryptorchidism: Main et al. Respond</article-title>
         </title-group>
         <contrib-group>
            <contrib>
               <string-name xmlns:xlink="http://www.w3.org/1999/xlink">
                  <given-names>Katharina M.</given-names>
                  <surname>Main</surname>
               </string-name>
            </contrib>
            <contrib>
               <string-name xmlns:xlink="http://www.w3.org/1999/xlink">
                  <given-names>Jorma</given-names>
                  <surname>Toppari</surname>
               </string-name>
            </contrib>
         </contrib-group>
         <pub-date xmlns:xlink="http://www.w3.org/1999/xlink">
            <day>1</day>
            <month>5</month>
            <year>2008</year>
         </pub-date>
         <volume>116</volume>
         <issue>5</issue>
         <issue-id xmlns:xlink="http://www.w3.org/1999/xlink">i25067901</issue-id>
         <fpage>A195</fpage>
         <lpage>A196</lpage>
         <self-uri xmlns:xlink="http://www.w3.org/1999/xlink"
                   xlink:href="http://www.jstor.org/stable/25067907"/>
         <custom-meta-group xmlns:xlink="http://www.w3.org/1999/xlink">
            <custom-meta>
               <meta-name>lang</meta-name>
               <meta-value>eng</meta-value>
            </custom-meta>
         </custom-meta-group>
      </article-meta>
   </front>
   <back>
      <ref-list>
         <title>References</title>
         <ref id="d4883e128a1310">
            <mixed-citation id="d4883e132" publication-type="other">
Main KM, Kiviranta H, Virtanen HE, Sundqvist E, Tuomisto JT,
Tuomisto J, et al. 2007. Flame retardants in placenta and
breast milk and cryptorchidism in newborn boys. Environ
Health Perspect 115:1519-1526.</mixed-citation>
         </ref>
         <ref id="d4883e148a1310">
            <mixed-citation id="d4883e152" publication-type="other">
Shen H, Main KM, Andersson A-M, Damgaard IN, Virtanen HE,
Skakkebaek NE, et al. 2008. Concentrations of persistent
organochlorine compounds in human milk and placenta are
higher in Denmark than in Finland. Hum Reprod 23:201-210.</mixed-citation>
         </ref>
         <ref id="d4883e168a1310">
            <mixed-citation id="d4883e172" publication-type="other">
Virtanen HE, Bjerknes R, Cortes D, Jorgensen N, Rajpert-De
Meyts E, Thorsson AV, et al. 2007. Cryptorchidism: classifi-
cation, prevalence and long term consequences. Acta
Paediatr 96:611-616.</mixed-citation>
         </ref>
         <ref id="d4883e188a1310">
            <mixed-citation id="d4883e192" publication-type="other">
Virtanen HE, Tapanainen AE, Kaleva MM, Suomi AM, Main KM,
Skakkebaek NE, et al. 2006. Mild gestational diabetes as a
risk factor for congenital cryptorchidism. J Clin Endocrinol
Metab 91:4862-4865.</mixed-citation>
         </ref>
      </ref-list>
   </back>
</article>
