<article dtd-version="1.0" article-type="research-article">
   <front>
      <journal-meta>
         <journal-id xmlns:xlink="http://www.w3.org/1999/xlink" journal-id-type="jstor">envihealpers</journal-id>
         <journal-id xmlns:xlink="http://www.w3.org/1999/xlink" journal-id-type="jstor">j100482</journal-id>
         <journal-title-group xmlns:xlink="http://www.w3.org/1999/xlink">
            <journal-title>Environmental Health Perspectives</journal-title>
         </journal-title-group>
         <publisher>
            <publisher-name>National Institute of Environmental Health Sciences. National Institutes of Health. Department of Health, Education and Welfare</publisher-name>
         </publisher>
         <issn xmlns:xlink="http://www.w3.org/1999/xlink" pub-type="ppub">00916765</issn>
      </journal-meta>
      <article-meta>
         <article-id xmlns:xlink="http://www.w3.org/1999/xlink" pub-id-type="jstor">25067903</article-id>
         <article-categories>
            <subj-group>
               <subject>Perspectives</subject>
            </subj-group>
         </article-categories>
         <title-group>
            <article-title>Editorial: Recent Changes at Environmental Health Perspectives</article-title>
         </title-group>
         <contrib-group>
            <contrib>
               <string-name xmlns:xlink="http://www.w3.org/1999/xlink">
                  <given-names>Hugh A.</given-names>
                  <surname>Tilson</surname>
               </string-name>
            </contrib>
         </contrib-group>
         <pub-date xmlns:xlink="http://www.w3.org/1999/xlink">
            <day>1</day>
            <month>5</month>
            <year>2008</year>
         </pub-date>
         <volume>116</volume>
         <issue>5</issue>
         <issue-id xmlns:xlink="http://www.w3.org/1999/xlink">i25067901</issue-id>
         <fpage>A192</fpage>
         <lpage>A192</lpage>
         <self-uri xmlns:xlink="http://www.w3.org/1999/xlink"
                   xlink:href="http://www.jstor.org/stable/25067903"/>
         <custom-meta-group xmlns:xlink="http://www.w3.org/1999/xlink">
            <custom-meta>
               <meta-name>lang</meta-name>
               <meta-value>eng</meta-value>
            </custom-meta>
         </custom-meta-group>
      </article-meta>
   </front>
</article>
