<article xmlns:xsi="http://www.w3.org/2001/XMLSchema-instance"
         xmlns:xlink="http://www.w3.org/1999/xlink"
         xmlns:mml="http://www.w3.org/1998/Math/MathML"
         dtd-version="1.0"
         article-type="research-article">
   <front>
      <journal-meta>
         <journal-id journal-id-type="jstor">envihealpers</journal-id>
         <journal-id journal-id-type="jstor">j100482</journal-id>
         <journal-title-group>
            <journal-title>Environmental Health Perspectives</journal-title>
         </journal-title-group>
         <publisher>
            <publisher-name>Public Health Service, U.S. Department of Health and Human Services</publisher-name>
         </publisher>
         <issn pub-type="ppub">00916765</issn>
      </journal-meta>
      <article-meta>
         <article-id pub-id-type="jstor">25071021</article-id>
         <article-categories>
            <subj-group>
               <subject>Indoor Mold and Children's Health</subject>
               <subj-group>
                  <subject>Prevention</subject>
               </subj-group>
            </subj-group>
         </article-categories>
         <title-group>
            <article-title>The Health Protection Act, National Guidelines for Indoor Air Quality and Development of the National Indoor Air Programs in Finland</article-title>
         </title-group>
         <contrib-group>
            <contrib>
               <string-name>
                  <given-names>Tuula Marja</given-names>
                  <surname>Husman</surname>
               </string-name>
            </contrib>
         </contrib-group>
         <pub-date>
            <day>1</day>
            <month>6</month>
            <year>1999</year>
         </pub-date>
         <volume>107</volume>
         <issue-id>i25071000</issue-id>
         <fpage>515</fpage>
         <lpage>517</lpage>
         <permissions>
            <copyright-statement/>
         </permissions>
         <self-uri xlink:href="http://www.jstor.org/stable/25071021"/>
         <abstract>
            <p>This article presents the current handling of disease related to moldy buildings in Finland as an example of an integrated health strategy. It describes the role of the Finnish Health Protection Act for indoor environments and how cases of indoor air problems are dealt with by local, regional, and national authorities.</p>
         </abstract>
         <kwd-group>
            <kwd>Guidelines</kwd>
            <kwd>Health Protection Act</kwd>
            <kwd>Indoor air</kwd>
            <kwd>Mold</kwd>
            <kwd>Public health</kwd>
         </kwd-group>
         <custom-meta-group>
            <custom-meta>
               <meta-name>lang</meta-name>
               <meta-value>eng</meta-value>
            </custom-meta>
         </custom-meta-group>
      </article-meta>
   </front>
   <back>
      <ref-list>
         <title>References and Notes</title>
         <ref id="d8710e146a1310">
            <label>1</label>
            <mixed-citation id="d8710e153" publication-type="other">
Nevalainen A, Rönkä H, Manninen A, Kalliokoski
P. Indoor bacterial aerosols in waste water treat-
ment plants [in Finnish]. Rpt no 3. Helsinkifinnish
Institute of Occupational Health, 1985;32-38.</mixed-citation>
         </ref>
         <ref id="d8710e169a1310">
            <label>2</label>
            <mixed-citation id="d8710e176" publication-type="other">
Kotimaa M. Occupational Exposure to Airborne
Spores of Fungi and Actinomycetes with Special
Emphasis on Agricultural Work. PhD Dissertation.
Kuopio Regional Institute of Occupational Health.
Kuopio, Finland:Antin Paino, 1990.</mixed-citation>
         </ref>
         <ref id="d8710e195a1310">
            <label>3</label>
            <mixed-citation id="d8710e204" publication-type="other">
Kotimaa M, Husman K, Terho EO, Mustonen M.
Airborne molds and actinomycetes in the work
environment of farmer's lung patients in Finland.
Scand J Work Environ Health 10:115-119 (1987).</mixed-citation>
         </ref>
         <ref id="d8710e220a1310">
            <label>4</label>
            <mixed-citation id="d8710e227" publication-type="other">
Jaakkola JJK. Indoor Air in Office Building and
Human Health. Experimental and Epidemiologie
Study of the Effects of Mechanical Ventilation.
PhD Dissertation. Health Services Research by
the National Board of Health in Finland.
Helsinki:Valtion Painatuskeskus, 1986.</mixed-citation>
         </ref>
         <ref id="d8710e251a1310">
            <label>5</label>
            <mixed-citation id="d8710e258" publication-type="other">
Jaakkola JJK, Reinikainen LM, Heinonen OP,
Majanen A, Seppänen O. Indoor air quality
requirements for healthy office buildings: recom-
mendation based on an epidemiologic study.
Environ Int 17:371-378(1991).</mixed-citation>
         </ref>
         <ref id="d8710e277a1310">
            <label>6</label>
            <mixed-citation id="d8710e284" publication-type="other">
Jaakkola JJK, Tuomaala P, Seppänen O. Air recir-
culation and sick building syndrome: a blinded
crossover trial. Am J Public Health 84:422-430
(1994).</mixed-citation>
         </ref>
         <ref id="d8710e300a1310">
            <label>7</label>
            <mixed-citation id="d8710e307" publication-type="other">
Kotimaa M. Spore exposure arising from stored
hay, grain and straw. J Agricult Sci 62:285-291
(1990).</mixed-citation>
         </ref>
         <ref id="d8710e320a1310">
            <label>8</label>
            <mixed-citation id="d8710e327" publication-type="other">
Kotimaa M. Occupational exposure to fungal and
actinomycete spores during the handling of wood
chips. Grana 29:153-156 (1989).</mixed-citation>
         </ref>
         <ref id="d8710e340a1310">
            <label>9</label>
            <mixed-citation id="d8710e347" publication-type="other">
Nevalainen A. Bacterial Aerosols in Indoor Air.
PhD Dissertation.National Public Health Institute
A3. Kuopio, Finland:Kuopio University Printing
Office, 1989.</mixed-citation>
         </ref>
         <ref id="d8710e363a1310">
            <label>10</label>
            <mixed-citation id="d8710e370" publication-type="other">
Pasanen AL, Kalliokoski P, Pacinian P, Salmi T,
Tossavainen A. Fungi carried from farmers' work
into farm homes. Am Ind Hyg Assoc J
50:631-633(1989).</mixed-citation>
         </ref>
         <ref id="d8710e387a1310">
            <label>11</label>
            <mixed-citation id="d8710e394" publication-type="other">
Pacinian A-L Airborne mesophilic fungal spores
in various residential environments. Atmos
Environ 26A:2861-2868 (1992).</mixed-citation>
         </ref>
         <ref id="d8710e407a1310">
            <label>12</label>
            <mixed-citation id="d8710e414" publication-type="other">
Reponen T, Lehtonen M, Raunemaa T,
Nevalainen A. Effect of indoor sources on fungal
spore concentrations and size distributions. J
Aerosol Sci 23:S663-S666 (1992).</mixed-citation>
         </ref>
         <ref id="d8710e430a1310">
            <label>13</label>
            <mixed-citation id="d8710e437" publication-type="other">
Reponen T, Nevalainen A, Jantunen M, Pellikka
M, Kalliokoski P. Normal range criteria for indoor
air bacteria and fungal spores in a subarctic cli-
mate. Indoor Air 2:26-31 (1992).</mixed-citation>
         </ref>
         <ref id="d8710e453a1310">
            <label>14</label>
            <mixed-citation id="d8710e460" publication-type="other">
Lehtonen M, Reponen T, Nevalainen A. Everyday
activities and variation of fungal spore concentra-
tions in indoor air. Int Biodeter Biodegrad
31:25-39(1993).</mixed-citation>
         </ref>
         <ref id="d8710e476a1310">
            <label>15</label>
            <mixed-citation id="d8710e483" publication-type="other">
Pacinian A-L, Heinonen-Tanski H, Kalliokoski P,
Jantunen M. Fungal microcolonies on indoor sur-
faces—an explanation for base-level fungal
spore counts in indoor air. Atmos Environ 26B:
117-120(1992).</mixed-citation>
         </ref>
         <ref id="d8710e502a1310">
            <label>16</label>
            <mixed-citation id="d8710e509" publication-type="other">
Reponen T, Nevalainen N, Raunemaa T.
Bioaerosol and particle mass levels and ventila-
tion in Finnish homes. Environ Int 15:203-208
(1989).</mixed-citation>
         </ref>
         <ref id="d8710e526a1310">
            <label>17</label>
            <mixed-citation id="d8710e533" publication-type="other">
Reponen T. Viable Fungal Spores as Indoor
Aerosols. PhD Dissertation. Kuopio, Finland:
Kuopio University, 1994.</mixed-citation>
         </ref>
         <ref id="d8710e546a1310">
            <label>18</label>
            <mixed-citation id="d8710e553" publication-type="other">
Ruotsalainen R, Jaakkola N, Jaakkola JJK.
Ventilation rate as a determinant of symptoms
and perceived odors among workers in day care
centers. Environ Int 20:731-738 (1994).</mixed-citation>
         </ref>
         <ref id="d8710e569a1310">
            <label>19</label>
            <mixed-citation id="d8710e576" publication-type="other">
Koskinen O, Husman T, Hyvärinen A, Reponen T,
Nevalainen A. Respiratory symptoms and infec-
tions among children in a day-care center with
mold problems. Indoor Air 5:3-9 (1995).</mixed-citation>
         </ref>
         <ref id="d8710e592a1310">
            <label>20</label>
            <mixed-citation id="d8710e599" publication-type="other">
Koskinen O, Husman T, Hyvärinen A, Reponen T,
Nevalainen A. Two moldy day-care centers: a fol-
low-up study of respiratory symptoms and infec-
tions. Indoor Air 7:262-268 (1997).</mixed-citation>
         </ref>
         <ref id="d8710e615a1310">
            <label>21</label>
            <mixed-citation id="d8710e624" publication-type="other">
Murtomaa M, Aurola R. Guide on Living
Conditions and Maintenance of Apartment
Buildings [in Finnish]. Finnish National Board of
Health. Rauma, Finlandiance-Suomi Oy, 1990.</mixed-citation>
         </ref>
         <ref id="d8710e640a1310">
            <label>22</label>
            <mixed-citation id="d8710e647" publication-type="other">
Indoor Air Guidelines. Ministry of Social Affairs
and Health Guide No 1 [in Finnish]. Helsinki:Oy
Edita Ab, 1997.</mixed-citation>
         </ref>
         <ref id="d8710e661a1310">
            <label>23</label>
            <mixed-citation id="d8710e668" publication-type="other">
Aurola R, Välikylä T, eds. Guidelines for Healthy
Housing [in Finnish] Ministry of Social Affairs and
Health. Pori, Finland:Ympäristö ja terveys-lehti,
1997.</mixed-citation>
         </ref>
         <ref id="d8710e684a1310">
            <label>24</label>
            <mixed-citation id="d8710e691" publication-type="other">
Majvik Working Group (Nordman H, Mussalo-
Rauhamaa H, eds). Recommendations on clinical
examination of patients exposed to microbes in
moisture damaged buildings [in Finnish]. Finnish
Med J 53:2149-2155 (1998).</mixed-citation>
         </ref>
         <ref id="d8710e710a1310">
            <label>25</label>
            <mixed-citation id="d8710e717" publication-type="other">
Health Protection Act. No 763/94. Helsinki:Oy
Edita Ab, 1994.</mixed-citation>
         </ref>
         <ref id="d8710e727a1310">
            <label>26</label>
            <mixed-citation id="d8710e734" publication-type="other">
Nevalainen A, Partanen P, Jääskeläinen E,
Hyvärinen A, Koskinen 0, Meklin T, Vahteristo M,
Koivisto J, Husman T. Prevalence of moisture
problems in Finnish houses. Indoor Air Suppl
4:45-49(1998).</mixed-citation>
         </ref>
         <ref id="d8710e753a1310">
            <label>27</label>
            <mixed-citation id="d8710e760" publication-type="other">
Ruotsalainen R, Jaakkola N, Jaakkola JJK.
Dampness and molds in day-care centers as an
occupational health problem. Int Arch Occup
Environ Health 66:369-374(1995).</mixed-citation>
         </ref>
         <ref id="d8710e776a1310">
            <label>28</label>
            <mixed-citation id="d8710e783" publication-type="other">
Kurnitski J, Vilkki R, Jokiranta K, Kettunen A-V,
Hejazi-Hashemi S. Indoor air quality and moisture
damages in school buildings [in Finnish]. Rpt B46.
Espoo:Helsinki Technical University, 1996.</mixed-citation>
         </ref>
         <ref id="d8710e800a1310">
            <label>29</label>
            <mixed-citation id="d8710e807" publication-type="other">
Reiman M, Seuri M, Vahteristo M, Laitinen S,
Husman T, Pekkanen J, Nevalainen A. The use of
microbe specific IgG-antibodies [in Finnish].
Finnish Med J 53:2199-2204 (1998).</mixed-citation>
         </ref>
         <ref id="d8710e823a1310">
            <label>30</label>
            <mixed-citation id="d8710e830" publication-type="other">
Karjalainen A, Aalto L, Jolanki R, Keskinen H,
Savela A. Work Related Diseases in Finland 1996
[in Finnish]. Helsinki:Finnish Institute of
Occupational Health, 1997.</mixed-citation>
         </ref>
         <ref id="d8710e846a1310">
            <label>31</label>
            <mixed-citation id="d8710e853" publication-type="other">
Loikkanen P, Palomäki E, Lappalainen S. Moisture
and Mold Problems in School Buildings in Espoo,
Helsinki and Vantaa Cities [in Finnish]. Report of
the Ministry of Education Helsinki, 1997.</mixed-citation>
         </ref>
         <ref id="d8710e869a1310">
            <label>32</label>
            <mixed-citation id="d8710e876" publication-type="other">
ASHRAE Standard. Ventilation for Acceptable
Indoor Air Quality ASHRAE 62-1989. Atlanta:
American Society of Heating, Refrigerating and
Air-Conditioning Engineers Inc., 1989.</mixed-citation>
         </ref>
         <ref id="d8710e892a1310">
            <label>33</label>
            <mixed-citation id="d8710e899" publication-type="other">
Maroni M, Seifert B, Lindvall T, eds. Indoor Air
Quality. A Comprehensive Reference Book. Air
Quality Monographs. Vol 3. Amsterdam:Elsevier,
1995.</mixed-citation>
         </ref>
         <ref id="d8710e915a1310">
            <label>34</label>
            <mixed-citation id="d8710e922" publication-type="other">
Ammann HM. Why ACGIH Bioaerosol Committee
does not recommend TLVs for bioaerosols. In: Third
International Conference on Bioaerosols, Fungi
and Mycotoxins: Health Effects, Assessment,
Prevention and Control, 23-25 September 1998,
Saratoga Springs, New York. 1998;32.</mixed-citation>
         </ref>
         <ref id="d8710e946a1310">
            <label>35</label>
            <mixed-citation id="d8710e953" publication-type="other">
Trepte L, Haberda F. IEA Annex IX Minimum
Ventilation Rates and Measures for Controlling
Indoor Air Quality. Technical Note AIVC 26.
Coventry, UK:Air Infiltration and Ventilation
Centre, 1989.</mixed-citation>
         </ref>
         <ref id="d8710e972a1310">
            <label>36</label>
            <mixed-citation id="d8710e979" publication-type="other">
Töpfer K. Umweltpolitik. Konzeption der
Bundesregierung zur Verbesserung der
Luftqualität in Innenräumen. Bonn:lnformation
des Bundesumweltministeriums, 1992.</mixed-citation>
         </ref>
         <ref id="d8710e995a1310">
            <label>37</label>
            <mixed-citation id="d8710e1002" publication-type="other">
Hogstedt C, Victorin K, Eriksson M, Kyrklund
T. Environment for Sustainable Health
Development—An Action Plan for Sweden.
Report on the Proposals presented by the
Commission on Environmental Health. Swedish
Official Reports—Series 124. Stockholm:
Ministry of Health and Social Affairs, 1996.</mixed-citation>
         </ref>
      </ref-list>
   </back>
</article>
