<article dtd-version="1.0" article-type="research-article">
   <front>
      <journal-meta>
         <journal-id xmlns:xlink="http://www.w3.org/1999/xlink" journal-id-type="jstor">envihealpers</journal-id>
         <journal-id xmlns:xlink="http://www.w3.org/1999/xlink" journal-id-type="jstor">j100482</journal-id>
         <journal-title-group xmlns:xlink="http://www.w3.org/1999/xlink">
            <journal-title>Environmental Health Perspectives</journal-title>
         </journal-title-group>
         <publisher>
            <publisher-name>National Institute of Environmental Health Sciences</publisher-name>
         </publisher>
         <issn xmlns:xlink="http://www.w3.org/1999/xlink" pub-type="ppub">00916765</issn>
      </journal-meta>
      <article-meta>
         <article-id xmlns:xlink="http://www.w3.org/1999/xlink" pub-id-type="jstor">25071197</article-id>
         <article-id pub-id-type="pub-doi">10.1289/ehp.11311</article-id>
         <article-categories>
            <subj-group>
               <subject>Research</subject>
               <subj-group>
                  <subject>Children's Health</subject>
               </subj-group>
            </subj-group>
         </article-categories>
         <title-group>
            <article-title>Ozone and Other Air Pollutants and the Risk of Oral Clefts</article-title>
         </title-group>
         <contrib-group>
            <contrib>
               <string-name xmlns:xlink="http://www.w3.org/1999/xlink">
                  <given-names>Bing-Fang</given-names>
                  <surname>Hwang</surname>
               </string-name>
            </contrib>
            <contrib>
               <string-name xmlns:xlink="http://www.w3.org/1999/xlink">
                  <given-names>Jouni J. K.</given-names>
                  <surname>Jaakkola</surname>
               </string-name>
            </contrib>
         </contrib-group>
         <pub-date xmlns:xlink="http://www.w3.org/1999/xlink">
            <day>1</day>
            <month>10</month>
            <year>2008</year>
         </pub-date>
         <volume>116</volume>
         <issue>10</issue>
         <issue-id xmlns:xlink="http://www.w3.org/1999/xlink">i25071156</issue-id>
         <fpage>1411</fpage>
         <lpage>1415</lpage>
         <self-uri xmlns:xlink="http://www.w3.org/1999/xlink"
                   xlink:href="http://www.jstor.org/stable/25071197"/>
         <abstract>
            <p>Background: Air pollution influences the development of oral clefts in animals. There are few epidemiologic data on the relation of prenatal air pollution exposure and the risk of oral clefts. Objectives: Our goal in this study was to assess the relations between exposure to ambient air pollution and the risk of cleft lip with or without cleft palate (CL/P). Methods: We conducted a population-based case-control study of all 653 cases of CL/P and a random sample of 6,530 control subjects from 721,289 Taiwanese newborns in 2001-2003. We used geographic information systems to form exposure parameters for sulfur dioxide, nitrogen oxides, ozone, carbon monoxide, and particulate matter with an aerodynamic diameter ≤ 10 μm $({\rm PM}_{10})$ during the first 3 months of pregnancy using inverse distance weighting method. We present the effect estimates as odds ratios (ORs) per 10-ppb change for ${\rm SO}_{2},{\rm NO}_{{\rm x}}$, and ${\rm O}_{3}$, 100-ppb change for CO, and $10\text{-}\mu {\rm g}/{\rm m}^{3}$ change for ${\rm PM}_{10}$. Results: The risk of CL/P was increased in relation to ${\rm O}_{3}$ levels in the first gestational month [adjusted OR = 1.20; 95% confidence interval (CI), 1.02-1.39] and second gestational month (adjusted OR = 1.25; 95% CI, 1.03-1.52) in the range from 16.7 ppb to 45.1 ppb, but was not related to CO, ${\rm NO}_{{\rm x}},{\rm SO}_{2}$, or ${\rm PM}_{10}$. Conclusions: The study provides new evidence that exposure to outdoor air ${\rm O}_{3}$ during the first and second month of pregnancy may increase the risk of CL/P. Similar levels of ${\rm O}_{3}$ are encountered globally by large numbers of pregnant women.</p>
         </abstract>
         <kwd-group>
            <kwd>Air pollution</kwd>
            <kwd>Cleft lip</kwd>
            <kwd>Ozone</kwd>
            <kwd>Traffic</kwd>
         </kwd-group>
         <custom-meta-group xmlns:xlink="http://www.w3.org/1999/xlink">
            <custom-meta>
               <meta-name>lang</meta-name>
               <meta-value>eng</meta-value>
            </custom-meta>
         </custom-meta-group>
      </article-meta>
   </front>
   <back>
      <ref-list>
         <title>References</title>
         <ref id="d8141e207a1310">
            <mixed-citation id="d8141e211" publication-type="other">
Chen PC, Li CY, Lin RS, Sung FC. 2002. Maternal smoking, envi-
ronmental tobacco smoking and low birth weight. Taiwan
J Public Health 21(5):321-328.</mixed-citation>
         </ref>
         <ref id="d8141e224a1310">
            <mixed-citation id="d8141e228" publication-type="other">
Fisher NI, Lewis T, Embleton BJJ. 1987. Statistical Analysis of
Spherical Data. Cambridge, UK:Cambridge University Press.</mixed-citation>
         </ref>
         <ref id="d8141e238a1310">
            <mixed-citation id="d8141e242" publication-type="other">
Garvey DJ, Longo LD. 1978. Chronic low level maternal carbon
monoxide exposure and fetal growth and development.
Biol Reprod 19(1):8-14.</mixed-citation>
         </ref>
         <ref id="d8141e255a1310">
            <mixed-citation id="d8141e259" publication-type="other">
Gilboa SM, Mendola P, Olshan AF, Langlois PH, Savitz DA,
Loomis D, et al. 2005. Relation between ambient air quality
and selected birth defects, seven county study, Texas,
1997-2000. Am J Epidemiol 162(3):238-252.</mixed-citation>
         </ref>
         <ref id="d8141e276a1310">
            <mixed-citation id="d8141e280" publication-type="other">
Gorlin R, Cohen MM, Levin LS. 1990. Symptoms of the Head and
Neck. 3rd ed. New York:Oxford University Press.</mixed-citation>
         </ref>
         <ref id="d8141e290a1310">
            <mixed-citation id="d8141e294" publication-type="other">
Greenland S. 1989. Modeling and variable selection in epidemi-
ologic analysis. Am J Publ Health 79(3):340-349.</mixed-citation>
         </ref>
         <ref id="d8141e304a1310">
            <mixed-citation id="d8141e308" publication-type="other">
Kavlock R, Dasston G, Grabowski CT. 1979. Studies on the
developmental toxicity of ozone. I. Prenatal effects. Toxcol
Appl Pharmacol 48(1 pt 1):19-28.</mixed-citation>
         </ref>
         <ref id="d8141e321a1310">
            <mixed-citation id="d8141e325" publication-type="other">
Lin CM, Lee PC, Teng SW, et al. 2004. Validation of the Taiwan
birth registration using obstetric records. J Formos Med
Assoc 103(4):297-301.</mixed-citation>
         </ref>
         <ref id="d8141e338a1310">
            <mixed-citation id="d8141e342" publication-type="other">
Lohnes D, Mark M, Mendelsohn C, Dollé P, Decimo D, LeMeur
M, et al. 1995. Developmental roles of the retinoic acid
receptors. J Steroid Biochem Mol Biol 53(1-6):475-486.</mixed-citation>
         </ref>
         <ref id="d8141e355a1310">
            <mixed-citation id="d8141e359" publication-type="other">
Longo LD. 1977. The biological effects of carbon monoxide on
the pregnant women, fetus and newborn infant. Am J
Obstet Gynecol 129(1):69-103.</mixed-citation>
         </ref>
         <ref id="d8141e373a1310">
            <mixed-citation id="d8141e377" publication-type="other">
Navidi W, Lurmann F. 1995. Measurement error in air pollution
exposure assessment. J Expo Anal Environ Epidemiol
5(2):111-124.</mixed-citation>
         </ref>
         <ref id="d8141e390a1310">
            <mixed-citation id="d8141e394" publication-type="other">
Ritz B, Milhelm M, Hoggatt KJ, Ghosh JKC 2007. Ambient air
pollution and preterm birth in the environmental and preg-
nancy outcomes study at the University of California, Los
Angeles. Am J Epidemiol 166(9):1045-1052.</mixed-citation>
         </ref>
         <ref id="d8141e410a1310">
            <mixed-citation id="d8141e414" publication-type="other">
Ritz B, Yu F, Fruin S, Chapa G, Shaw GM, Harris JA. 2002.
Ambient air pollution and risk of birth defects in Southern
California. Am J Epidemiol 155(1):17-25.</mixed-citation>
         </ref>
         <ref id="d8141e427a1310">
            <mixed-citation id="d8141e431" publication-type="other">
Shaw GM, lovannisci DM, Yang W, Finnell RH, Carmichael SL,
Cheng S, et al. 2005. Endothelial nitric oxide synthase (N0S3)
genetic variant, maternal smoking, vitamin use and the risk
of human orofacial clefts. Am J Epidemiol 162(12):1207-1241.</mixed-citation>
         </ref>
         <ref id="d8141e447a1310">
            <mixed-citation id="d8141e451" publication-type="other">
Šrám RJ, Binková B, Dejmek J, Bobak M. 2005. Ambient air pol-
lution and pregnancy outcomes: a review of the literature.
Environ Health Perspect 113:375-382.</mixed-citation>
         </ref>
         <ref id="d8141e464a1310">
            <mixed-citation id="d8141e468" publication-type="other">
Takahashi Y, Miura T, Kimura S. 1990. A decrease in serum
retinol by in vivo exposures of rates to ozone. Int J Vitam
Nutr Res 60(3):294-295.</mixed-citation>
         </ref>
         <ref id="d8141e482a1310">
            <mixed-citation id="d8141e486" publication-type="other">
Wyszynski DF, Wu T. 2002a. Use of U.S. birth certificate data to
estimate the risk of maternal cigarette smoking for oral
clefting. Cleft Palate Craniofac J 39(2):188-192.</mixed-citation>
         </ref>
         <ref id="d8141e499a1310">
            <mixed-citation id="d8141e503" publication-type="other">
Wyszynski DF, Wu T. 2002b. Prenatal and perinatal factors
associated with isolated oral clefting. Cleft Palate
Craniofac J 39(3):370-375.</mixed-citation>
         </ref>
         <ref id="d8141e516a1310">
            <mixed-citation id="d8141e520" publication-type="other">
Zeiger JS, Beaty TH. 2002. Is there a relationship between risk
factors for oral clefts? Teratology 66(5):205-208.</mixed-citation>
         </ref>
         <ref id="d8141e530a1310">
            <mixed-citation id="d8141e534" publication-type="other">
Zeiger JS, Beaty TH, Liang KY. 2005. Oral clefts, maternal
smoking, and TGFA: a meta-analysis of gene-environment
interaction. Cleft Palate Craniofac J 42(1):58-63.</mixed-citation>
         </ref>
      </ref-list>
   </back>
</article>
