<article xmlns:xsi="http://www.w3.org/2001/XMLSchema-instance"
         xmlns:xlink="http://www.w3.org/1999/xlink"
         xmlns:mml="http://www.w3.org/1998/Math/MathML"
         dtd-version="1.0"
         article-type="research-article">
   <front>
      <journal-meta>
         <journal-id journal-id-type="jstor">envihealpers</journal-id>
         <journal-id journal-id-type="jstor">j100482</journal-id>
         <journal-title-group>
            <journal-title>Environmental Health Perspectives</journal-title>
         </journal-title-group>
         <publisher>
            <publisher-name>National Institute of Environmental Health Sciences</publisher-name>
         </publisher>
         <issn pub-type="ppub">00916765</issn>
      </journal-meta>
      <article-meta>
         <article-id pub-id-type="jstor">25071073</article-id>
         <article-id pub-id-type="pub-doi">10.1289/ehp.11105R</article-id>
         <article-categories>
            <subj-group>
               <subject>Perspectives</subject>
               <subj-group>
                  <subject>Correspondence</subject>
               </subj-group>
            </subj-group>
         </article-categories>
         <title-group>
            <article-title>How to Control for Gestational Age: Olsen and Fei Respond</article-title>
         </title-group>
         <contrib-group>
            <contrib>
               <string-name>
                  <given-names>Jørn</given-names>
                  <surname>Olsen</surname>
               </string-name>
            </contrib>
            <contrib>
               <string-name>
                  <given-names>Chunyuan</given-names>
                  <surname>Fei</surname>
               </string-name>
            </contrib>
         </contrib-group>
         <pub-date>
            <day>1</day>
            <month>7</month>
            <year>2008</year>
         </pub-date>
         <volume>116</volume>
         <issue>7</issue>
         <issue-id>i25071069</issue-id>
         <fpage>A284</fpage>
         <lpage>A285</lpage>
         <self-uri xlink:href="http://www.jstor.org/stable/25071073"/>
         <custom-meta-group>
            <custom-meta>
               <meta-name>lang</meta-name>
               <meta-value>eng</meta-value>
            </custom-meta>
         </custom-meta-group>
      </article-meta>
   </front>
   <back>
      <ref-list>
         <title>References</title>
         <ref id="d5112e132a1310">
            <mixed-citation id="d5112e136" publication-type="other">
Fei C, McLaughlin JK, Tarone RE, Olsen J. 2007. Perfluorinated
chemicals and fetal growth: a study within the Danish
National Birth Cohort. Environ Health Perspect
115:1677-1682.</mixed-citation>
         </ref>
         <ref id="d5112e152a1310">
            <mixed-citation id="d5112e156" publication-type="other">
Henriksen TB, Wilcox AJ, Hedegaard M, Secher NJ. 1995.
Bias in studies of preterm and postterm delivery due to
ultrasound assessment of gestational age. Epidemiology
6:533-537.</mixed-citation>
         </ref>
         <ref id="d5112e172a1310">
            <mixed-citation id="d5112e176" publication-type="other">
Olsen J, Basso O. 2005. Reproductive epidemiology. In:
Handbook of Epidemiology (Ahrens W, Pigeot I, eds).
Berlin:Springer, 1043-1109.</mixed-citation>
         </ref>
      </ref-list>
   </back>
</article>
