<article xmlns:xsi="http://www.w3.org/2001/XMLSchema-instance"
         xmlns:xlink="http://www.w3.org/1999/xlink"
         xmlns:mml="http://www.w3.org/1998/Math/MathML"
         dtd-version="1.0"
         article-type="research-article">
   <front>
      <journal-meta>
         <journal-id journal-id-type="jstor">envihealpers</journal-id>
         <journal-id journal-id-type="jstor">j100482</journal-id>
         <journal-title-group>
            <journal-title>Environmental Health Perspectives</journal-title>
         </journal-title-group>
         <publisher>
            <publisher-name>Public Health Service, U.S. Department of Health and Human Services</publisher-name>
         </publisher>
         <issn pub-type="ppub">00916765</issn>
      </journal-meta>
      <article-meta>
         <article-id pub-id-type="jstor">25071006</article-id>
         <article-categories>
            <subj-group>
               <subject>Children's Environmental Health and Disease Prevention Research</subject>
            </subj-group>
         </article-categories>
         <title-group>
            <article-title>Childhood Asthma</article-title>
         </title-group>
         <contrib-group>
            <contrib>
               <string-name>
                  <given-names>Noreen M.</given-names>
                  <surname>Clark</surname>
               </string-name>
            </contrib>
            <contrib>
               <string-name>
                  <given-names>Randall W.</given-names>
                  <surname>Brown</surname>
               </string-name>
            </contrib>
            <contrib>
               <string-name>
                  <given-names>Edith</given-names>
                  <surname>Parker</surname>
               </string-name>
            </contrib>
            <contrib>
               <string-name>
                  <given-names>Thomas G.</given-names>
                  <surname>Robins</surname>
               </string-name>
            </contrib>
            <contrib>
               <string-name>
                  <given-names>Daniel G.</given-names>
                  <surname>Remick,</surname>
                  <suffix>Jr.</suffix>
               </string-name>
            </contrib>
            <contrib>
               <string-name>
                  <given-names>Martin A.</given-names>
                  <surname>Philbert</surname>
               </string-name>
            </contrib>
            <contrib>
               <string-name>
                  <given-names>Gerald J.</given-names>
                  <surname>Keeler</surname>
               </string-name>
            </contrib>
            <contrib>
               <string-name>
                  <given-names>Barbara A.</given-names>
                  <surname>Israel</surname>
               </string-name>
            </contrib>
         </contrib-group>
         <pub-date>
            <day>1</day>
            <month>6</month>
            <year>1999</year>
         </pub-date>
         <volume>107</volume>
         <issue-id>i25071000</issue-id>
         <fpage>421</fpage>
         <lpage>429</lpage>
         <permissions>
            <copyright-statement/>
         </permissions>
         <self-uri xlink:href="http://www.jstor.org/stable/25071006"/>
         <abstract>
            <p>Asthma prevalence in children has increased 58% since 1980. Mortality has increased by 78%. The burden of the disease is most acute in urban areas and racial/ethnic minority populations. Hospitalization and morbidity rates for nonwhites are more than twice those for whites. Asthma is characterized by recurrent wheezing, breathlessness, chest tightness, and coughing. Research in the past decade has revealed the importance of inflammation of the airways in asthma and clinical treatment to reduce chronic inflammation. Asthma is associated with production of IgE to common environmental allergens including house dust mite, animal dander, cockroach, fungal spores, and pollens. Some interventions to reduce symptoms through control of dust mite and animal dander have had positive results. Control of symptoms through interventions to reduce exposures to cockroach antigen has not been reported. Studies illustrating causal effects between outdoor air pollution and asthma prevalence are scant. Increases in asthma prevalence have occurred at the same time as general improvements in air quality. However, air quality appears to exacerbate symptoms in the child who already has the disease. Decreased pulmonary function has been associated with exposure to particulates and bronchial hyperresponsiveness to smoke,<tex-math>${\rm SO}_{2}$</tex-math>and<tex-math>${\rm NO}_{2}$</tex-math>. Symptoms have been correlated with increased levels of respirable particulates, ozone, and<tex-math>${\rm SO}_{2}$</tex-math>. Interventions that reduce the negative outcomes in asthma associated with outdoor environmental factors have not been reported. Control of asthma in children will entail the collaborative efforts of patients, family, clinical professionals, and school personnel, as well as community-wide environmental control measures and conducive national and local policies based on sound research.</p>
         </abstract>
         <kwd-group>
            <kwd>Asthma control</kwd>
            <kwd>Child health</kwd>
            <kwd>Childhood asthma</kwd>
            <kwd>Environmental precipitants</kwd>
         </kwd-group>
         <custom-meta-group>
            <custom-meta>
               <meta-name>lang</meta-name>
               <meta-value>eng</meta-value>
            </custom-meta>
         </custom-meta-group>
      </article-meta>
   </front>
   <back>
      <ref-list>
         <title>References and Notes</title>
         <ref id="d8689e243a1310">
            <label>1</label>
            <mixed-citation id="d8689e250" publication-type="other">
Gergen PJ, Mullally Dl, Evans R. National survey
of prevalence of asthma among children in the
United States 1976 to 1980. Pediatrics 8:1-7
(1988).</mixed-citation>
         </ref>
         <ref id="d8689e266a1310">
            <label>2</label>
            <mixed-citation id="d8689e273" publication-type="other">
Healthy People 2010 Objectives: Draft for
Public Comment. Advance Data #278.
Hyattsville, MD:National Center for Health
Statistics, 1996.</mixed-citation>
         </ref>
         <ref id="d8689e289a1310">
            <label>3</label>
            <mixed-citation id="d8689e296" publication-type="other">
Nelson DA, Johnson CC, Devine GW,
Strauchman C, Joseph CLM, Ownby DR. Ethnic
differences in the prevalence of asthma in mid-
dle class children. Ann Allergy Asthma Immunol
78:221-26(1997).</mixed-citation>
         </ref>
         <ref id="d8689e315a1310">
            <label>4</label>
            <mixed-citation id="d8689e324" publication-type="other">
Platts-Mills TAE, Sporik RB, Chapman MD,
Heymann PW. The role of indoor allergens in
asthma. Allergy 50(suppl 22):5-12 (1995).</mixed-citation>
         </ref>
         <ref id="d8689e338a1310">
            <label>5</label>
            <mixed-citation id="d8689e345" publication-type="other">
Pless I. Theoretical and practical considerations
in the measurement of outcome. In: Chronic
Childhood Illness: Assessment of Outcome
(Greuve G, Pleass I, eds). Washington.U.S.
Department of Health, Education and Welfare,
1974.</mixed-citation>
         </ref>
         <ref id="d8689e368a1310">
            <label>6</label>
            <mixed-citation id="d8689e375" publication-type="other">
Pless I, Pinkerton P. Chronic Childhood Disorder
Promoting Patterns of Adjustment. New York:
Henry Kempton Publishing, 1975.</mixed-citation>
         </ref>
         <ref id="d8689e388a1310">
            <label>7</label>
            <mixed-citation id="d8689e395" publication-type="other">
O'Neil SL, Barysh N, Setear SJ. Determining
school programming needs of special popula-
tion groups: a study of asthmatic children.
J School Health 55(6):237-239 (1985).</mixed-citation>
         </ref>
         <ref id="d8689e411a1310">
            <label>8</label>
            <mixed-citation id="d8689e418" publication-type="other">
Brook U, Tepper I. Self image, coping and famil-
ial interaction among asthmatic children and
adolescents in Israel. Patient Educ Couns
30(2):187-192 (1997).</mixed-citation>
         </ref>
         <ref id="d8689e434a1310">
            <label>9</label>
            <mixed-citation id="d8689e441" publication-type="other">
Wasilewski Y, Clark N, Evans D, Feldman CH,
Kaplan D, Rips J, Mellins RB. The effect of
paternal social support on maternal disruption
caused by childhood asthma. J Comm Health
13(1):33-42(1988).</mixed-citation>
         </ref>
         <ref id="d8689e460a1310">
            <label>10</label>
            <mixed-citation id="d8689e467" publication-type="other">
Guidelines for the Diagnosis and Management
of Asthma. National Asthma Education Program
Expert Panel Report II. NIH Publ 97-4051.
Bethesda, MD:National Heart, Lung and Blood
Institute, 1997.</mixed-citation>
         </ref>
         <ref id="d8689e487a1310">
            <label>11</label>
            <mixed-citation id="d8689e494" publication-type="other">
Boushey HA Jr. Pathogenesis of asthma. Clin
Cornerstones 1(2):1-8 (1998).</mixed-citation>
         </ref>
         <ref id="d8689e504a1310">
            <label>12</label>
            <mixed-citation id="d8689e511" publication-type="other">
Buist AS. Diagnosis and periodic assessment of
asthma. Clin Cornerstone 1(2):9-16 (1998).</mixed-citation>
         </ref>
         <ref id="d8689e521a1310">
            <label>13</label>
            <mixed-citation id="d8689e528" publication-type="other">
Sears MR. Epidemiological trends in bronchial
asthma. In: Asthma: Its Pathology and
Treatment (Kaliner MA, Barnes PJ, Persson
GSA, eds). New York:Marcel Dekker, 1991.</mixed-citation>
         </ref>
         <ref id="d8689e544a1310">
            <label>14</label>
            <mixed-citation id="d8689e551" publication-type="other">
National Heart, Lung and Blood Institute. A
Practical Guide for Public Health Officials and
Health Care Professionals. Based on the Global
Strategy for Asthma Management and Prevention
NHLBI/WHO Workshop Report (1996). (Available
upon request.)</mixed-citation>
         </ref>
         <ref id="d8689e574a1310">
            <label>15</label>
            <mixed-citation id="d8689e581" publication-type="other">
Corren J, Adinoff AD, Buchmeier AD, Irvin CG.
Nasal beclomethasone prevents the seasonal
increase in bronchial responsiveness in
patients with allergic rhinitis and asthma.
J Allergy Clin Immunol 90:250-256 (1992).</mixed-citation>
         </ref>
         <ref id="d8689e600a1310">
            <label>16</label>
            <mixed-citation id="d8689e607" publication-type="other">
Watson WT, Becker AB, Simons FE. Treatment
of allergic rhinitis with intranasal corticos-
teroids in patients with mild asthma; effect on
lower airway responsiveness. J Allergy Clin
Immunol 91:97-101 (1993).</mixed-citation>
         </ref>
         <ref id="d8689e627a1310">
            <label>17</label>
            <mixed-citation id="d8689e634" publication-type="other">
Welsh PW, Strieker WE, Chu CP, Naessens JM,
Reese ME, Reed CE, Marcoux JP. Efficacy of
beclomethasone nasal solution, flunisolide, and
cromolyn in relieving symptoms of ragweed
allergy. May Clin Proc 62:125-134 (1987).</mixed-citation>
         </ref>
         <ref id="d8689e653a1310">
            <label>18</label>
            <mixed-citation id="d8689e660" publication-type="other">
Call RS, Smith TF, Morris E, Chapman MD,
Platts-Mills TAE. Risk factors for asthma in inner
city children. J Pediatr 121:862-866 (1992).</mixed-citation>
         </ref>
         <ref id="d8689e673a1310">
            <label>19</label>
            <mixed-citation id="d8689e680" publication-type="other">
Gelber LE, Seltzer LH, Bonzoukis JK, Pollart SM,
Chapman MD, Platts-Mills TAE. Sensitization
and exposure to indoor allergens as risk factors
for asthma among patients presenting to hospi-
tal. Am Rev Respir Dis 147:573-578 (1993).</mixed-citation>
         </ref>
         <ref id="d8689e699a1310">
            <label>20</label>
            <mixed-citation id="d8689e706" publication-type="other">
Lau S, Falkenhorst G, Weber A, Werthmann I,
Lind P, Buettner-Goetz P, Wahn U. High mite-
allergen exposure increases the risk of sensiti-
zation in atopic children and young adults.
J Allergy Clin Immunol 84:718-725 (1989).</mixed-citation>
         </ref>
         <ref id="d8689e725a1310">
            <label>21</label>
            <mixed-citation id="d8689e732" publication-type="other">
Nelson HS. Allergen and irritant control: impor-
tance and implementation. Clin Cornerstone
1(21:57-70(1998).</mixed-citation>
         </ref>
         <ref id="d8689e745a1310">
            <label>22</label>
            <mixed-citation id="d8689e752" publication-type="other">
Peak JK, Tovey E, Mellis CM, Leeder SR,
Woolcock AJ. Importance of house dust mite
and alternaria allergy—an epidemiological
study of children living in two climatic areas of
northern New South Wales. Clin Exp Allergy
23:812-820(1993).</mixed-citation>
         </ref>
         <ref id="d8689e776a1310">
            <label>23</label>
            <mixed-citation id="d8689e783" publication-type="other">
Sears MR, Hervison GP, Holdaway MD, Hewitt
J, Flannery EM, Silva PA. The relative risks of
sensitivity to grass pollen, house dust mite, and
cat dander in the development of childhood
asthma. Clin Exp Allergy 19:419-424(1989).</mixed-citation>
         </ref>
         <ref id="d8689e802a1310">
            <label>24</label>
            <mixed-citation id="d8689e809" publication-type="other">
Sporik R, Holgate ST, Platts-Mills TAE,
Cogswell JJ. Exposure to house dust mite aller-
gen (Der p I) and the development of asthma in
childhood: a prospective study. N Engl J Med
323:502-507(1990).</mixed-citation>
         </ref>
         <ref id="d8689e828a1310">
            <label>25</label>
            <mixed-citation id="d8689e835" publication-type="other">
Ehnert B, Lau S, Weber A, Wahn U. Reduction
of mite allergen exposure and bronchial hyper-
reactivity. J Allergy Clin Immunol 87:320 (1991).</mixed-citation>
         </ref>
         <ref id="d8689e848a1310">
            <label>26</label>
            <mixed-citation id="d8689e855" publication-type="other">
Jones AP. Asthma and domestic air quality. Soc
Sci Med 6:755-764 (1998).</mixed-citation>
         </ref>
         <ref id="d8689e865a1310">
            <label>27</label>
            <mixed-citation id="d8689e872" publication-type="other">
Peat J, Björkstén B. Primary and secondary pre-
vention of allergic asthma. Eur Respir J
12(suppl 27):28s-34s(1998).</mixed-citation>
         </ref>
         <ref id="d8689e885a1310">
            <label>28</label>
            <mixed-citation id="d8689e892" publication-type="other">
Dietemann A, Bessot JC, Hoyet C, Ott M, Verot
A, Pauli G. A double-blind, placebo-controlled
trial of solidified benzyl benzoate applied in
dwellings of asthmatic patients sensitive to
mites: clinical efficacy and effect on mite aller-
gens. J Allergy Clin Immunol 91:738-746
(1993).</mixed-citation>
         </ref>
         <ref id="d8689e919a1310">
            <label>29</label>
            <mixed-citation id="d8689e926" publication-type="other">
Hayden ML, Rose G, Diduch KB, Domson P,
Chapman MD, Heymann PW, Platts-Mills TA.
Benzyl benzoate moist powder: investigation of
acarical activity in cultures and reduction of
dust mite allergens in carpets. J Allergy Clin
Immunol 89:536-545 (1992).</mixed-citation>
         </ref>
         <ref id="d8689e949a1310">
            <label>30</label>
            <mixed-citation id="d8689e956" publication-type="other">
Platts-Mills TAE, deBlay F, Ward GW, Hayden
ML. Allergen avoidance. In: Asthma Basic
Mechanisms and Clinical Management, 2nd Ed
(Barnes PJ, Rodger IW, Thompson NC, eds).
London:Academic Press, 1992,515-526.</mixed-citation>
         </ref>
         <ref id="d8689e975a1310">
            <label>31</label>
            <mixed-citation id="d8689e982" publication-type="other">
Kuster PA. Reducing the risk of house dust mite
and cockroach allergen exposure in inner-city
children with asthma. Pediatr Nurs 22:297-299
(1996).</mixed-citation>
         </ref>
         <ref id="d8689e998a1310">
            <label>32</label>
            <mixed-citation id="d8689e1005" publication-type="other">
Pollart SM, Smith TF, Morris EC, Gelber LE,
Platts-Mills TA, Chapman MD. Environmental
exposure to cockroach allergens: analysis with
monoclonal antibody-based enzyme immunoas-
says. J Allergy Clin Immunol 87:505-510
(1991).</mixed-citation>
         </ref>
         <ref id="d8689e1028a1310">
            <label>33</label>
            <mixed-citation id="d8689e1035" publication-type="other">
Custovic A, Green R, Fletcher A, Smith A,
Pickering CA, Chapman MD, Woodcock A.
Aerodynamic properties of the major dog aller-
gen Can f I: distribution in homes, concentra-
tion and particle size of allergen in the air. Am
J Respir Crit Care Med 155:94-98 (1997).</mixed-citation>
         </ref>
         <ref id="d8689e1058a1310">
            <label>34</label>
            <mixed-citation id="d8689e1065" publication-type="other">
Luczynska CM, Martin YL, Chapman MD, Platts-
Mills TAE. Airborne concentrations and particle
size distribution of allergen derived from domes-
tic cats (Felis domesticus). Measurements using
cascade impactor, liquid impinger and a two-
site monoclonal antibody assay for Fel d 1. Am
Rev Respir Dis 41:361-367 (1990).</mixed-citation>
         </ref>
         <ref id="d8689e1092a1310">
            <label>35</label>
            <mixed-citation id="d8689e1101" publication-type="other">
Evans D, Mellins R, Lobach K, Ramos-Bonoan
C, Pinkett-Heller M, Wiesemann S, Klein I,
Donahue C, Burke D, Levison M, et al.
Improving care for minority children with
asthma: professional education in public health
clinics. Pediatrics 99:157-164(1997).</mixed-citation>
         </ref>
         <ref id="d8689e1124a1310">
            <label>36</label>
            <mixed-citation id="d8689e1131" publication-type="other">
Forsberg B, Stjermberg N, Falk M, Lundback B,
Wall S. Air pollution levels, meteorological con-
ditions and asthma symptoms. Eur Respir J
6:1109-1115(1993).</mixed-citation>
         </ref>
         <ref id="d8689e1147a1310">
            <label>37</label>
            <mixed-citation id="d8689e1154" publication-type="other">
Neas LN, Dockery DW, Ware JH, Spengler JD,
Speizer FE, Ferris BG Jr. Associations of indoor
nitrogen dioxide with respiratory symptoms and
pulmonary function in children. Am J Epidemiol
134:204-219(1991).</mixed-citation>
         </ref>
         <ref id="d8689e1173a1310">
            <label>38</label>
            <mixed-citation id="d8689e1180" publication-type="other">
Roger LJ, Horstman DH, McDonnell W, Kehrl H,
Ives PJ, Seal E, Chapman R, Massaro E.
Pulmonary function, airway responsiveness,
and respiratory symptoms in asthmatics follow-
ing exercise in N02. Toxicol Ind Health
6:155-171 (1990).</mixed-citation>
         </ref>
         <ref id="d8689e1203a1310">
            <label>39</label>
            <mixed-citation id="d8689e1210" publication-type="other">
Taggart CO, Custovic A, Francis HC, Faragher
EB, Yates CJ, Higgins BG, Woodcock A.
Asthmatic bronchial hyperresponsiveness
varies with ambient levels of summertime air
pollution. Eur Respir J 9:1146-1154 (1996).</mixed-citation>
         </ref>
         <ref id="d8689e1229a1310">
            <label>40</label>
            <mixed-citation id="d8689e1236" publication-type="other">
Walters S, Griffiths RK, Ayres JG. Temporal
association between hospital admissions for
asthma in Birmingham and ambient levels of
sulphur dioxide and smoke. Thorax 49:133-140
(1994).</mixed-citation>
         </ref>
         <ref id="d8689e1256a1310">
            <label>41</label>
            <mixed-citation id="d8689e1263" publication-type="other">
White MC, Etzei RA, Wilcox WD, Lloyd C.
Exacerbations of childhood asthma and ozone
pollution in Atlanta. Environ Res 65(l):56-68
(1994).</mixed-citation>
         </ref>
         <ref id="d8689e1279a1310">
            <label>42</label>
            <mixed-citation id="d8689e1286" publication-type="other">
Moseholm L, Taudorf E, Frosig A. Pulmonary
function changes in asthmatics associated with
low-level S02 and N02 air pollution, weather,
and medicine intake. An 8-month prospective
study analyzed by neural networks. Allergy
48:334-44(1993).</mixed-citation>
         </ref>
         <ref id="d8689e1309a1310">
            <label>43</label>
            <mixed-citation id="d8689e1316" publication-type="other">
Schwartz J. Air pollution and hospital admis-
sions for the elderly in Detroit, Michigan. Am J
Respir Crit Care Med. 150:648-655 (1994).</mixed-citation>
         </ref>
         <ref id="d8689e1329a1310">
            <label>44</label>
            <mixed-citation id="d8689e1336" publication-type="other">
Schwartz J. Short-term fluctuations in air pollu-
tion and hospital admissions of the elderly for
respiratory disease. Thorax 50:531-538 (1995).</mixed-citation>
         </ref>
         <ref id="d8689e1349a1310">
            <label>45</label>
            <mixed-citation id="d8689e1356" publication-type="other">
Abbey DE, Ostro BE, Petersen F, Burchette RJ.
Chronic respiratory symptoms associated with
estimated long-term ambient concentrations of
fine particulate less than 2.5 microns in aerody-
namic diameter (PM2.5) and other air pollutants.
J 5(21:161-180 (1995).</mixed-citation>
         </ref>
         <ref id="d8689e1379a1310">
            <label>46</label>
            <mixed-citation id="d8689e1386" publication-type="other">
Hoek G, Brunekreef B. Effect of photochemical
air pollution on acute respiratory symptoms in
children. Am J Respir Crit Care Med 151:27-32
(1995).</mixed-citation>
         </ref>
         <ref id="d8689e1403a1310">
            <label>47</label>
            <mixed-citation id="d8689e1410" publication-type="other">
Brunekreef B, Hoek G, Roemer W, van der Zee
S. Panel studies for investigating acute health
effects of air pollution. Eur Respir Rev
8(53):131-134(1998).</mixed-citation>
         </ref>
         <ref id="d8689e1426a1310">
            <label>48</label>
            <mixed-citation id="d8689e1433" publication-type="other">
Kingham S, Briggs D, Elliott P, Fischer P,
vanReeuwijk H, Lebret E. Exposure to traffic
related air pollution: The EC funded Saviah-2
Study. In: Proceedings of the V11th International
Symposium in Medical Geography (Moom G,
Gould M, Watt R, eds). Portsmouth,
UK:University of Portsmouth, 1996.</mixed-citation>
         </ref>
         <ref id="d8689e1459a1310">
            <label>49</label>
            <mixed-citation id="d8689e1466" publication-type="other">
Magnussen H, Holz 0, Jörres RA. Is ozone
really important? Eur Respir Rev 8(53):141-44
(1998).</mixed-citation>
         </ref>
         <ref id="d8689e1479a1310">
            <label>50</label>
            <mixed-citation id="d8689e1486" publication-type="other">
Sunyer J. Nitrogen dioxide: An unimportant
cause of health effects? Eur Respir Rev
8(531:139-140(1998).</mixed-citation>
         </ref>
         <ref id="d8689e1499a1310">
            <label>51</label>
            <mixed-citation id="d8689e1506" publication-type="other">
Boulet LP, Turcotte H, Laprise C, Lavertu C,
Bedard PM, Lavoie A, Hebert J. Comparative
degree and type of sensitizaron to common
indoor and outdoor allergens in subjects with
allergic rhinitis and/or asthma. Clin Exp Allergy
27(11:52-59(1997).</mixed-citation>
         </ref>
         <ref id="d8689e1529a1310">
            <label>52</label>
            <mixed-citation id="d8689e1536" publication-type="other">
Stern DA, Lohman IC, Martinez FD, Wright AL,
Taussig LM, Halonen M. Presence of Alternaria
specific IGE during lower respiratory illnesses
before age 3 (LRI&amp;amp;lt;3) as a predictor of subse-
quent asthma [Abstract]. Am J Respir Crit Care
Med 157(3):A48 (1998).</mixed-citation>
         </ref>
         <ref id="d8689e1560a1310">
            <label>53</label>
            <mixed-citation id="d8689e1567" publication-type="other">
Lombardi E, Novembre E, Cianferoni A,
Bernardini R, Ingargiola A, Frangini E, Mugnaini
L, Vierucci A. The relationship between skin
test (ST) reactivity to specific allergens and
symptoms in a schoolage population in central
Italy [Abstract]. Am J Respir Crit Care Med
157(3):A47(1998).</mixed-citation>
         </ref>
         <ref id="d8689e1593a1310">
            <label>54</label>
            <mixed-citation id="d8689e1600" publication-type="other">
O'Driscoll R, Hopkinson LC. Mould allergy is
common in patients with severe asthma
[Abstract]. Am J Respir Crit Care Med
157(3):A623(1998).</mixed-citation>
         </ref>
         <ref id="d8689e1616a1310">
            <label>55</label>
            <mixed-citation id="d8689e1623" publication-type="other">
Sears MR, Burrows B, Hervison GP, Holdaway
MD, Flannery EM. Atopy in childhood. II:
Relationship to airway responsiveness, hay
fever, and asthma. Clin Exp Allergy 23:949-956
(1993).</mixed-citation>
         </ref>
         <ref id="d8689e1642a1310">
            <label>56</label>
            <mixed-citation id="d8689e1649" publication-type="other">
Creticos PS, Reed CE, Norman PS, Khoury J,
Adkinson NF Jr, Buncher CR, Busse WW, Bush
RK, Gadde J, Li JT, et al. Ragweed immuno-
therapy in adult asthma. N Engl J Med
334(8):501-506(1996).</mixed-citation>
         </ref>
         <ref id="d8689e1668a1310">
            <label>57</label>
            <mixed-citation id="d8689e1675" publication-type="other">
Brown CM, Anderson HA, Etzel RA. Asthma in
the states. Public Health Rep 112:198-205
(1997).</mixed-citation>
         </ref>
         <ref id="d8689e1688a1310">
            <label>58</label>
            <mixed-citation id="d8689e1695" publication-type="other">
Evans R. Asthma among minority children: a
growing problem. Chest 101(6):368s-371s
(1992).</mixed-citation>
         </ref>
         <ref id="d8689e1709a1310">
            <label>59</label>
            <mixed-citation id="d8689e1716" publication-type="other">
Weiss KB, Gerger PJ, Crain EF. Inner-city
asthma: the epidemiology of an emerging US
public health concern. Chest 101(6):362s-367s
(1992).</mixed-citation>
         </ref>
         <ref id="d8689e1732a1310">
            <label>60</label>
            <mixed-citation id="d8689e1739" publication-type="other">
Fisher EB Jr. The results of the COMMIT trial:
community intervention trial for smoking cessa-
tion. Am J Public Health 85:159-160 (1995).</mixed-citation>
         </ref>
         <ref id="d8689e1752a1310">
            <label>61</label>
            <mixed-citation id="d8689e1759" publication-type="other">
Stokols D. Establishing and maintaining healthy
environments: toward a social ecology of
health promotion. Am Psychol 47:6-22 (1992).</mixed-citation>
         </ref>
         <ref id="d8689e1772a1310">
            <label>62</label>
            <mixed-citation id="d8689e1779" publication-type="other">
Clark NM. Asthma self-management education:
research and implications for clinical practice.
Chest 95:1110-1113 (1989).</mixed-citation>
         </ref>
         <ref id="d8689e1792a1310">
            <label>63</label>
            <mixed-citation id="d8689e1799" publication-type="other">
Clark NM, Nothwehr F. Self-management of
asthma by adult patients. Patent Educ Couns
32:S5-S20(1997).</mixed-citation>
         </ref>
         <ref id="d8689e1812a1310">
            <label>64</label>
            <mixed-citation id="d8689e1819" publication-type="other">
Staudenmayer H, Harris PS, Seiner JC.
Evaluation of a self-help education-exercise pro-
gram for asthmatic children and their parents:
six-month follow-up. J Asthma 18:1-5 (1981).</mixed-citation>
         </ref>
         <ref id="d8689e1836a1310">
            <label>65</label>
            <mixed-citation id="d8689e1843" publication-type="other">
Fireman P, Friday GA, Gira C, Vierthaler WA,
Michaels L. Teaching self-management skills to
asthmatic children and their parents in an ambu-
latory care setting. Pediatrics 68(3):341-348
(1981).</mixed-citation>
         </ref>
         <ref id="d8689e1862a1310">
            <label>66</label>
            <mixed-citation id="d8689e1869" publication-type="other">
Clark NM, Feldman CH, Evans D, Levison MJ,
Wasilewski Y, Mellins RB. The impact of health
education on frequency and cost of health care
use by low income children with asthma.
J Allergy Clin Immunol 78:108-115 (1986).</mixed-citation>
         </ref>
         <ref id="d8689e1888a1310">
            <label>67</label>
            <mixed-citation id="d8689e1897" publication-type="other">
Lewis CE, Rachelsfsky G, Lewis MA, de la Sota
A, Kaplan M. A randomized trial of A.C.T.
(asthma care training) for kids. Pediatrics
74(4):478-486(1984).</mixed-citation>
         </ref>
         <ref id="d8689e1913a1310">
            <label>68</label>
            <mixed-citation id="d8689e1920" publication-type="other">
Hindi-Alexander MC, Cropp GJA. Evaluation of
a family asthma program. J Allergy Clin
Immunol 74:505-510 (1984).</mixed-citation>
         </ref>
         <ref id="d8689e1933a1310">
            <label>69</label>
            <mixed-citation id="d8689e1940" publication-type="other">
McNabb WL, Wilson-Pessano SR, Hughes GW,
Scamagas P. Self-management education of
children with asthma: AIR WISE. Am J Public
Health 75(10)1219-1220 (1985).</mixed-citation>
         </ref>
         <ref id="d8689e1956a1310">
            <label>70</label>
            <mixed-citation id="d8689e1963" publication-type="other">
Rubin DH, Leventhal JM, Sadock RT, Letovsky
E, Schottland P, Clemente I, McCarthy P.
Educational intervention by computer in child-
hood asthma: a randomized clinical trial testing
the use of a new teaching intervention in child-
hood asthma. Pediatrics 77(1 ):1-10 (1986).</mixed-citation>
         </ref>
         <ref id="d8689e1987a1310">
            <label>71</label>
            <mixed-citation id="d8689e1994" publication-type="other">
LeBaron S, Zeltzer LK, Ratner P, Kniker WT. A
controlled study of education for improving
compliance with cromolyn sodium (Intal): the
importance of physician-patient communica-
tion. Ann Allergy 55(6):811-818 (1985).</mixed-citation>
         </ref>
         <ref id="d8689e2013a1310">
            <label>72</label>
            <mixed-citation id="d8689e2020" publication-type="other">
Wilson SR, Starr-Schneidkraut N. State of the
art in asthma education: the US experience.
Chest 106(suppl 4):197S-205S (1994).</mixed-citation>
         </ref>
         <ref id="d8689e2033a1310">
            <label>73</label>
            <mixed-citation id="d8689e2040" publication-type="other">
Mesters I, Meertens R, Kok G, Parcel GS.
Effectiveness of a multidisciplinar education pro-
tocol in children with asthma (0-4 years) in pri-
mary health care. J Asthma 31(5):347-359 (1994).</mixed-citation>
         </ref>
         <ref id="d8689e2056a1310">
            <label>74</label>
            <mixed-citation id="d8689e2063" publication-type="other">
Rakos RF, Grodek MV, Mack KK. The impact of
a self-administered behavioral intervention pro-
gram on pediatric asthma. J Psychosomatic Res
29(1 ):101-108 (1985).</mixed-citation>
         </ref>
         <ref id="d8689e2079a1310">
            <label>75</label>
            <mixed-citation id="d8689e2086" publication-type="other">
Mitchell EA, Ferguson V, Norwood M. Asthma
education by community child health nurses.
Arch Dis Childhood 61 (12):1184-1189 (1986).</mixed-citation>
         </ref>
         <ref id="d8689e2099a1310">
            <label>76</label>
            <mixed-citation id="d8689e2106" publication-type="other">
Mclntosh N, Clark NM, Howatt WF. Reducing
tobacco smoke in the environment of the child
with asthma: assisted minimal contact inter-
vention. J Asthma 6(31 ):453-462 (1994).</mixed-citation>
         </ref>
         <ref id="d8689e2123a1310">
            <label>77</label>
            <mixed-citation id="d8689e2130" publication-type="other">
Jenkinson D, Davison J, Jones S, Hawtin P.
Comparison of effects of a self-management
booklet and audiocassette for patients with
asthma. Br Med J 297(6643):267-270 (1988).</mixed-citation>
         </ref>
         <ref id="d8689e2146a1310">
            <label>78</label>
            <mixed-citation id="d8689e2155" publication-type="other">
Parcel GS, Nader PR, Tiernan K. A health
education program for children with asthma. J
Dev Behav Pediatr 1(3):128-132 (1980). "</mixed-citation>
         </ref>
         <ref id="d8689e2168a1310">
            <label>79</label>
            <mixed-citation id="d8689e2175" publication-type="other">
Evans D, Clark NM, Feldman CH, Rips J, Kaplan
D, Levison MJ, Wasilewski Y, Levin B, Mellins
RB. A school health education program for chil-
dren with asthma aged 8-11 years. Health
Educ Quart 14(3):267-279 (1987).</mixed-citation>
         </ref>
         <ref id="d8689e2194a1310">
            <label>80</label>
            <mixed-citation id="d8689e2201" publication-type="other">
Hughes DM, McLeod M, Garner B, Goldbloom
RB. Controlled trial of a home and ambulatory
program for asthmatic children. Pediatrics
87(1 ):54-61 (1991).</mixed-citation>
         </ref>
         <ref id="d8689e2217a1310">
            <label>81</label>
            <mixed-citation id="d8689e2224" publication-type="other">
Robinson LD. Evaluation of an asthma summer
camp program. Chest 87(suppl):105s (1985).</mixed-citation>
         </ref>
         <ref id="d8689e2234a1310">
            <label>82</label>
            <mixed-citation id="d8689e2241" publication-type="other">
Emerman CL, Cydulka RK, Skobeloff E. Survey
of asthma practice among emergency physi-
cians. Chest 109(3)708-712 (1996).</mixed-citation>
         </ref>
         <ref id="d8689e2255a1310">
            <label>83</label>
            <mixed-citation id="d8689e2262" publication-type="other">
Clark NM, Gong M, Schork MA, Evans D, Roloff
D, Hurwitz M, Maiman L, Mellins RB. Impact of
education for physicians on patient outcomes.
Pediatrics 101(5):831-836 (1998).</mixed-citation>
         </ref>
         <ref id="d8689e2278a1310">
            <label>84</label>
            <mixed-citation id="d8689e2285" publication-type="other">
Eisenberg JD, Moe EL, Stillger CF. Educating
school personnel about asthma. J Asthma
30(5):351-358(1993).</mixed-citation>
         </ref>
         <ref id="d8689e2298a1310">
            <label>85</label>
            <mixed-citation id="d8689e2305" publication-type="other">
Lurie N, Straub MJ, Goodman N, Bauer EJ.
Incorporating asthma education into a tradi-
tional school curriculum. Am J Public Health
88(51:822-823(1998).</mixed-citation>
         </ref>
         <ref id="d8689e2321a1310">
            <label>86</label>
            <mixed-citation id="d8689e2328" publication-type="other">
Wilson SR, Scamagas P, Grado J, Norgaard L,
Starr NJ, Eaton S, Pomaville K. The Fresno
Asthma Project: a model intervention to control
asthma in multiethnic, low-income, inner-city
communities. Health Educ Behav 25(1):79-98
(1998).</mixed-citation>
         </ref>
         <ref id="d8689e2351a1310">
            <label>87</label>
            <mixed-citation id="d8689e2358" publication-type="other">
Fisher EB Jr, Strunk RC, Sussman LK, Arfken C,
Sykes RK, Munro JM, Haywood S, Harrison D,
Bascom S. Acceptability and feasibility of a
community approach to asthma management:
The Neighborhood Asthma Coalition (NAC).
J Asthma 33(6):367-383 (1996).</mixed-citation>
         </ref>
         <ref id="d8689e2381a1310">
            <label>88</label>
            <mixed-citation id="d8689e2388" publication-type="other">
National Asthma Education and Prevention
Program. Asthma Coalitions Workshop, 1-2
November 1998, Bethesda, Maryland.</mixed-citation>
         </ref>
         <ref id="d8689e2402a1310">
            <label>89</label>
            <mixed-citation id="d8689e2411" publication-type="other">
Ford J, McLean DE, Findley SE, Trowers RL.
Fatal asthma in perspective: relation between
individual and community risk factors. In: Fatal
Asthma (Sheffer A, ed). New York:Marcel
Dekker, 1998;46-51.</mixed-citation>
         </ref>
         <ref id="d8689e2430a1310">
            <label>90</label>
            <mixed-citation id="d8689e2437" publication-type="other">
Parker EA, Schulz AJ, Israel BA, Hollis R. East
side Detroit village health worker partnership:
community-based health advisor intervention in
an urban area. Health Educ Behav 25(1):24-45
(1998).</mixed-citation>
         </ref>
         <ref id="d8689e2456a1310">
            <label>91</label>
            <mixed-citation id="d8689e2463" publication-type="other">
Schulz AJ, Israel BA, Selig SM, Bayer IS.
Development and implementation of principles
for community-based research in public health.
In: Research Strategies for Community Practice
(MacNair RH, ed). New York:The Haworth
Press, 1998:83-110.</mixed-citation>
         </ref>
         <ref id="d8689e2486a1310">
            <label>92</label>
            <mixed-citation id="d8689e2493" publication-type="other">
Israel BA, Schulz AJ, Parker EA, Becker AB.
Review of community-based research: assessing
partnership approaches to improve public health.
Annu Rev Public Health 19:173-202 (1998).</mixed-citation>
         </ref>
         <ref id="d8689e2509a1310">
            <label>93</label>
            <mixed-citation id="d8689e2516" publication-type="other">
Israel BA, Checkoway B, Schulz AJ, Zimmerman
MA. Health education and community empow-
erment: conceptualizing and measuring percep-
tions of individual, organizational, and
community control. Health Educ Quart
21:149-170(1994).</mixed-citation>
         </ref>
         <ref id="d8689e2539a1310">
            <label>94</label>
            <mixed-citation id="d8689e2546" publication-type="other">
Minkler M. Wallerstein N. Improving health
through community organization and commu-
nity building. In: Health Behavior and Health
Education: Theory, Research, and Practice
(Glanz K, Lewis FM, Rimer B, eds). San
Francisco:Jossey-Bass, 1997:241-264.</mixed-citation>
         </ref>
         <ref id="d8689e2570a1310">
            <label>95</label>
            <mixed-citation id="d8689e2577" publication-type="other">
Clark NM, McLeroy KR. Creating capacity
through health education: what we know and
what we don't. Health Educ Quart 22:273-289
(1995).</mixed-citation>
         </ref>
         <ref id="d8689e2593a1310">
            <label>96</label>
            <mixed-citation id="d8689e2600" publication-type="other">
James SA. Addressing the public health needs
of a diverse America. Unpublished presentation
at the Annual Minority Health Conference, 8th,
18-19 March 1994, School of Public Health,
University of Michigan, Ann Arbor, MI</mixed-citation>
         </ref>
         <ref id="d8689e2619a1310">
            <label>97</label>
            <mixed-citation id="d8689e2626" publication-type="other">
Williams DR, Collins C. US socioeconomic and
racial differences in health: patterns and expla-
nations. Annu Rev Sociol 21:349-386 (1995).</mixed-citation>
         </ref>
      </ref-list>
   </back>
</article>
