<article xmlns:xsi="http://www.w3.org/2001/XMLSchema-instance"
         xmlns:xlink="http://www.w3.org/1999/xlink"
         xmlns:mml="http://www.w3.org/1998/Math/MathML"
         dtd-version="1.0"
         article-type="research-article">
   <front>
      <journal-meta>
         <journal-id journal-id-type="jstor">envihealpers</journal-id>
         <journal-id journal-id-type="jstor">j100482</journal-id>
         <journal-title-group>
            <journal-title>Environmental Health Perspectives</journal-title>
         </journal-title-group>
         <publisher>
            <publisher-name>National Institute of Environmental Health Sciences</publisher-name>
         </publisher>
         <issn pub-type="ppub">00916765</issn>
      </journal-meta>
      <article-meta>
         <article-id pub-id-type="jstor">25071102</article-id>
         <article-id pub-id-type="pub-doi">10.1289/ehp.11027</article-id>
         <article-categories>
            <subj-group>
               <subject>Research</subject>
            </subj-group>
         </article-categories>
         <title-group>
            <article-title>Diesel Exhaust Inhalation Elicits Acute Vasoconstriction in Vivo</article-title>
         </title-group>
         <contrib-group>
            <contrib>
               <string-name>
                  <given-names>Alon</given-names>
                  <surname>Peretz</surname>
               </string-name>
            </contrib>
            <contrib>
               <string-name>
                  <given-names>Jeffrey H.</given-names>
                  <surname>Sullivan</surname>
               </string-name>
            </contrib>
            <contrib>
               <string-name>
                  <given-names>Daniel F.</given-names>
                  <surname>Leotta</surname>
               </string-name>
            </contrib>
            <contrib>
               <string-name>
                  <given-names>Carol A.</given-names>
                  <surname>Trenga</surname>
               </string-name>
            </contrib>
            <contrib>
               <string-name>
                  <given-names>Fiona N.</given-names>
                  <surname>Sands</surname>
               </string-name>
            </contrib>
            <contrib>
               <string-name>
                  <given-names>Jason</given-names>
                  <surname>Allen</surname>
               </string-name>
            </contrib>
            <contrib>
               <string-name>
                  <given-names>Chris</given-names>
                  <surname>Carlsten</surname>
               </string-name>
            </contrib>
            <contrib>
               <string-name>
                  <given-names>Charles W.</given-names>
                  <surname>Wilkinson</surname>
               </string-name>
            </contrib>
            <contrib>
               <string-name>
                  <given-names>Edward A.</given-names>
                  <surname>Gill</surname>
               </string-name>
            </contrib>
            <contrib>
               <string-name>
                  <given-names>Joel D.</given-names>
                  <surname>Kaufman</surname>
               </string-name>
            </contrib>
         </contrib-group>
         <pub-date>
            <day>1</day>
            <month>7</month>
            <year>2008</year>
         </pub-date>
         <volume>116</volume>
         <issue>7</issue>
         <issue-id>i25071069</issue-id>
         <fpage>937</fpage>
         <lpage>942</lpage>
         <self-uri xlink:href="http://www.jstor.org/stable/25071102"/>
         <abstract>
            <p>Background: Traffic-related air pollution is consistently associated with cardiovascular morbidity and mortality. Recent human and animal studies suggest that exposure to air pollutants affects vascular function. Diesel exhaust (DE) is a major source of traffic-related air pollution. Objectives: Our goal was to study the effects of short-term exposure to DE on vascular reactivity and on mediators of vascular tone. Methods: In a double-blind, crossover, controlled exposure study, 27 adult volunteers (10 healthy and 17 with metabolic syndrome) were exposed in randomized order to filtered air (FA) and each of two levels of diluted DE (100 or 200<tex-math>$\mu {\rm g}/{\rm m}^{3}$</tex-math>of fine particulate matter) in 2-hr sessions. Before and after each exposure, we assessed the brachial artery diameter (BAd) by B-mode ultrasound and collected blood samples for endothelin-1 (ET-1) and catecholamines. Postexposure we also assessed endothelium-dependent flow-mediated dilation (FMD). Results: Compared with FA, DE at<tex-math>$200\ \mu {\rm g}/{\rm m}^{3}$</tex-math>elicited a decrease in BAd (0.11 mm; 95% confidence interval, 0.02-0.18), and the effect appeared linearly dose related with a smaller effect at<tex-math>$100\ \mu {\rm g}/{\rm m}^{3}$</tex-math>. Plasma levels of ET-1 increased after<tex-math>$200\ \mu {\rm g}/{\rm m}^{3}$</tex-math>DE but not after FA (p = 0.01). There was no consistent impact of DE on plasma catecholamines or FMD. Conclusions: These results demonstrate that short-term exposure to DE is associated with acute endothelial response and vasoconstriction of a conductance artery. Elucidation of the signaling pathways controlling vascular tone that underlie this observation requires further study.</p>
         </abstract>
         <kwd-group>
            <kwd>Air pollution</kwd>
            <kwd>Brachial artery</kwd>
            <kwd>Catecholamines</kwd>
            <kwd>Endothelin-1</kwd>
            <kwd>Vasoconstriction</kwd>
         </kwd-group>
         <custom-meta-group>
            <custom-meta>
               <meta-name>lang</meta-name>
               <meta-value>eng</meta-value>
            </custom-meta>
         </custom-meta-group>
      </article-meta>
   </front>
   <back>
      <ref-list>
         <title>References</title>
         <ref id="d5217e304a1310">
            <mixed-citation id="d5217e308" publication-type="other">
Anderson TJ, Uehata A, Gerhard MD, Meredith IT, Knab S,
Delagrange D, et al. 1995. Close relation of endothelial
function in the human coronary and peripheral circula-
tions. J Am Coll Cardiol 26(5):1235-1241.</mixed-citation>
         </ref>
         <ref id="d5217e324a1310">
            <mixed-citation id="d5217e328" publication-type="other">
Anton AH, Sayre DF. 1962. A study of the factors affecting the
aluminum oxide-trihydroxyindole procedure for the analy-
sis of catecholamines. J Pharmacol Exp Ther 138:360-375.</mixed-citation>
         </ref>
         <ref id="d5217e341a1310">
            <mixed-citation id="d5217e345" publication-type="other">
Batalha JR, Saldiva PH, Clarke RW, Coull BA, Steams RC,
Lawrence J, et al. 2002. Concentrated ambient air parti-
cles induce vasoconstriction of small pulmonary arteries
in rats. Environ Health Perspect 110:1191-1197.</mixed-citation>
         </ref>
         <ref id="d5217e361a1310">
            <mixed-citation id="d5217e365" publication-type="other">
Bhatnagar A. 2006. Environmental cardiology: studying mecha-
nistic links between pollution and heart disease. Circ Res
99(7):692-705.</mixed-citation>
         </ref>
         <ref id="d5217e379a1310">
            <mixed-citation id="d5217e383" publication-type="other">
Boomsma F, Alberts G, van Eijk L, Man in't Veld AJ,
Schalekamp MA. 1993. Optimal collection and storage
conditions for catecholamine measurements in human
plasma and urine. Clin Chem 39(12):2503-2508.</mixed-citation>
         </ref>
         <ref id="d5217e399a1310">
            <mixed-citation id="d5217e403" publication-type="other">
Bouthillier L, Vincent R, Goegan P, Adamson IY, Bjarnason S,
Stewart M, et al. 1998. Acute effects of inhaled urban par-
ticles and ozone: lung morphology, macrophage activity,
and plasma endothelin-1. Am J Pathol 153(6):1873-1884.</mixed-citation>
         </ref>
         <ref id="d5217e419a1310">
            <mixed-citation id="d5217e423" publication-type="other">
Brook RD, Brook JR, Urch B, Vincent R, Rajagopalan S,
Silverman F. 2002. Inhalation of fine paniculate air pollu-
tion and ozone causes acute arterial vasoconstriction in
healthy adults. Circulation 105(13):1534-1536.</mixed-citation>
         </ref>
         <ref id="d5217e439a1310">
            <mixed-citation id="d5217e443" publication-type="other">
Calderon-Garciduenas L, Mora-Tiscareno A, Fordham LA,
Valencia-Salazar G, Chung CJ, Rodriguez-Alcaraz A, et al.
2003. Respiratory damage in children exposed to urban
pollution. Pediatr Pulmonol 36(2):148-161.</mixed-citation>
         </ref>
         <ref id="d5217e459a1310">
            <mixed-citation id="d5217e463" publication-type="other">
Campen MJ, Babu NS, Helms GA, Pett S, Wernly J, Mehran R,
et al. 2005. Nonparticulate components of diesel exhaust
promote constriction in coronary arteries from ApoE-/-
mice. Toxicol Sci 88(1):95-102.</mixed-citation>
         </ref>
         <ref id="d5217e479a1310">
            <mixed-citation id="d5217e483" publication-type="other">
Cardillo C, Kilcoyne CM, Cannon RO, 3rd, Panza JA. 2000.
Interactions between nitric oxide and endothelin in the
regulation of vascular tone of human resistance vessels in
vivo. Hypertension 35(6):1237-1241.</mixed-citation>
         </ref>
         <ref id="d5217e500a1310">
            <mixed-citation id="d5217e504" publication-type="other">
Corretti MC, Anderson TJ, Benjamin EJ, Celermajer D,
Charbonneau F, Creager MA, et al. 2002. Guidelines for the
ultrasound assessment of endothelial-dependent flow-
mediated vasodilation of the brachial artery: a report of
the International Brachial Artery Reactivity Task Force.
J Am Coll Cardiol 39(2):257-265.</mixed-citation>
         </ref>
         <ref id="d5217e527a1310">
            <mixed-citation id="d5217e533" publication-type="other">
Dominici F, Peng RD, Bell ML, Pham L, McDermott A, Zeger SL,
et al. 2006. Fine particulate air pollution and hospital
admission for cardiovascular and respiratory diseases.
JAM A 295(10):1127-1134.</mixed-citation>
         </ref>
         <ref id="d5217e549a1310">
            <mixed-citation id="d5217e553" publication-type="other">
Duling LC, Cherng TW, Griego JR, Perrine MF, Kanagy NL. 2006.
Loss of alpha2B-adrenoceptors increases magnitude of
hypertension following nitric oxide synthase inhibition. Am
J Physiol Heart Circ Physiol 291(5):H2403-2408.</mixed-citation>
         </ref>
         <ref id="d5217e569a1310">
            <mixed-citation id="d5217e573" publication-type="other">
Elder A, Gelein R, Finkelstein J, Phipps R, Frampton M, Utell M,
et al. 2004. 0n-road exposure to highway aerosols. 2.
Exposures of aged, compromised rats. Inhal Toxicol
16(suppl 1):41-53.</mixed-citation>
         </ref>
         <ref id="d5217e589a1310">
            <mixed-citation id="d5217e593" publication-type="other">
Goldstein DS, Eisenhofer G, Kopin IJ. 2003. Sources and signifi-
cance of plasma levels of catechols and their metabolites
in humans. J Pharmacol Exp Ther 305(3):800-811.</mixed-citation>
         </ref>
         <ref id="d5217e606a1310">
            <mixed-citation id="d5217e610" publication-type="other">
Gould T, Stewart J, Slater D, McEwen N, Kaufman JD, Larson
T. 2008. A controlled inhalation diesel exhaust exposure
facility with dynamic feedback control of PM concentra-
tion. Inhal Toxicol 19(1):49-52.</mixed-citation>
         </ref>
         <ref id="d5217e627a1310">
            <mixed-citation id="d5217e631" publication-type="other">
Grundy SM, Cleeman JI, Daniels SR, Donato KA, Eckel RH,
Franklin BA, et al. 2005. Diagnosis and management of the
metabolic syndrome: an American Heart Association/
National Heart, Lung, and Blood Institute Scientific
Statement. Circulation 112:2735-2752.</mixed-citation>
         </ref>
         <ref id="d5217e650a1310">
            <mixed-citation id="d5217e654" publication-type="other">
Haak T, Jungmann E, Raab C, Usadel KH. 1994. Elevated
endothelin-1 levels after cigarette smoking. Metab Clin
Exp 43(3):267-269.</mixed-citation>
         </ref>
         <ref id="d5217e667a1310">
            <mixed-citation id="d5217e671" publication-type="other">
Hambrecht R, Wolf A, Gielen S, Linke A, Hofer J, Erbs S, et al.
2000. Effect of exercise on coronary endothelial function in
patients with coronary artery disease. N Engl J Med
342(7):454-460.</mixed-citation>
         </ref>
         <ref id="d5217e687a1310">
            <mixed-citation id="d5217e691" publication-type="other">
Harris KF, Matthews KA. 2004. Interactions between autonomic
nervous system activity and endothelial function: a model
for the development of cardiovascular disease.
Psychosom Med 66(2):153-164.</mixed-citation>
         </ref>
         <ref id="d5217e707a1310">
            <mixed-citation id="d5217e711" publication-type="other">
Health Effects Institute. 1995. Diesel Exhaust: A Critical
Analysis of Emissions, Exposure, and Health Effects.
Cambridge, MA:Health Effects Institute.</mixed-citation>
         </ref>
         <ref id="d5217e724a1310">
            <mixed-citation id="d5217e728" publication-type="other">
Huang Y, Ghio A. 2006. Vascular effects of ambient pollutant
particles and metals. Curr Vase Pharmacol 4:199-203.</mixed-citation>
         </ref>
         <ref id="d5217e739a1310">
            <mixed-citation id="d5217e743" publication-type="other">
Huang YC, Wu W, Ghio AJ, Carter JD, Silbajoris R, Devlin RB,
et al. 2002. Activation of EGF receptors mediates pul-
monary vasoconstriction induced by residual oil fly ash.
Exp Lung Res 28(1):19-38.</mixed-citation>
         </ref>
         <ref id="d5217e759a1310">
            <mixed-citation id="d5217e765" publication-type="other">
Ikeda MWK, Suzuki M, Ito T, Yamasaki H, Sagai M, Tomita T.
1998. Mechanism of pathophysiological effects of diesel
exhaust particles on endothelial cells. Environ Toxicol
Pharmacol 6(2):117-123.</mixed-citation>
         </ref>
         <ref id="d5217e781a1310">
            <mixed-citation id="d5217e785" publication-type="other">
Isomaa B, Almgren P, Tuomi T, Forsen B, Lahti K, Nissen M,
et al. 2001. Cardiovascular morbidity and mortality associ-
ated with the metabolic syndrome. Diabetes Care
24(4):683-689.</mixed-citation>
         </ref>
         <ref id="d5217e801a1310">
            <mixed-citation id="d5217e805" publication-type="other">
Levin ER. 1995. Endothelins. N Engl J Med 333(6):356-363.</mixed-citation>
         </ref>
         <ref id="d5217e812a1310">
            <mixed-citation id="d5217e816" publication-type="other">
Li Z, Carter JD, Dailey LA, Huang YC. 2005. Pollutant particles
produce vasoconstriction and enhance MAPK signaling
via angiotensin type I receptor. Environ Health Perspect
113:1009-1014.</mixed-citation>
         </ref>
         <ref id="d5217e832a1310">
            <mixed-citation id="d5217e836" publication-type="other">
Mancini GB YE, Abbott D, Chan S. 2002. Validation of an auto-
mated method for assessing brachial artery endothelial
dysfunction. Can J Cardiol 18:259-262.</mixed-citation>
         </ref>
         <ref id="d5217e850a1310">
            <mixed-citation id="d5217e854" publication-type="other">
Miller KA, Siscovick DS, Sheppard L, Shepherd K, Sullivan JH,
Anderson GL, et al. 2007. Long-term exposure to air pollu-
tion and incidence of cardiovascular events in women.
N Engl J Med 356(5):447-458.</mixed-citation>
         </ref>
         <ref id="d5217e870a1310">
            <mixed-citation id="d5217e874" publication-type="other">
Mills IM, Törnqvist H, Gonzalez M, Vink E, Robinson S,
Soderberg S, et al. 2007. Ischemic and thrombotic effects
of dilute diesel-exhaust inhalation in men with coronary
heart disease. N Engl J Med 357:1075-1082.</mixed-citation>
         </ref>
         <ref id="d5217e890a1310">
            <mixed-citation id="d5217e894" publication-type="other">
Mills NL, Tornqvist H, Robinson SD, Gonzalez M, Darnley K,
MacNee W, et al. 2005. Diesel exhaust inhalation causes
vascular dysfunction and impaired endogenous fibrinoly-
sis. Circulation 112(25):3930-3936.</mixed-citation>
         </ref>
         <ref id="d5217e910a1310">
            <mixed-citation id="d5217e914" publication-type="other">
O'Neill MS, Veves A, Zanobetti A, Sarnat JA, Gold DR,
Economides PA, et al. 2005. Diabetes enhances vulnerabil-
ity to paniculate air pollution-associated impairment in
vascular reactivity and endothelial function. Circulation
111(22):2913-2920.</mixed-citation>
         </ref>
         <ref id="d5217e933a1310">
            <mixed-citation id="d5217e937" publication-type="other">
Peretz A, Leotta DF, Sullivan JH, Trenga CA, Sands FN, Aulet
MR, et al. 2007. Flow mediated dilation of the brachial
artery: an investigation of methods requiring further stan-
dardization. BMC Cardiovasc Disord 21:7-11.</mixed-citation>
         </ref>
         <ref id="d5217e953a1310">
            <mixed-citation id="d5217e957" publication-type="other">
Pope CA III, Burnett RT, Thun MJ, Calle EE, Krewski D, Ito K,
et al. 2002. Lung cancer, cardiopulmonary mortality, and
long-term exposure to fine paniculate air pollution. JAMA
287(9):1132-1141.</mixed-citation>
         </ref>
         <ref id="d5217e974a1310">
            <mixed-citation id="d5217e978" publication-type="other">
Preik M LT, Heiss C, Tabery S, Strauer BE, Keim M. 2000.
Automated ultrasonic measurement of human arteries for
the determination of endothelial function. Ultraschall Med
21:195-198.</mixed-citation>
         </ref>
         <ref id="d5217e994a1310">
            <mixed-citation id="d5217e1000" publication-type="other">
Proctor SD, Dreher KL, Kelly SE, Russell JC. 2006. Hypersensitivity
of prediabetic JCR:LA-cp rats to fine airborne combustion
particle-induced direct and noradrenergic-mediated vascu-
lar contraction. Toxicol Sci 90(2):385-391.</mixed-citation>
         </ref>
         <ref id="d5217e1016a1310">
            <mixed-citation id="d5217e1020" publication-type="other">
Rajagopalan S, Sun Q, Chen LC. 2005. Paniculate pollution and
endothelial function: deja vu all over again in the air.
Circulation 111(22):2869-2871.</mixed-citation>
         </ref>
         <ref id="d5217e1033a1310">
            <mixed-citation id="d5217e1037" publication-type="other">
Setty S, Sun W, Tune JD. 2003. Coronary blood flow regulation
in the prediabetic metabolic syndrome. Basic Res Cardiol
98(6):416-423.</mixed-citation>
         </ref>
         <ref id="d5217e1050a1310">
            <mixed-citation id="d5217e1054" publication-type="other">
Sonka MLW, Lauer RM. 2002. Automated analysis of brachial
ultrasound image sequences: early detection of cardio-
vascular disease via surrogates of endothelial function.
IEEE Trans Med Imaging 21:1271-1279.</mixed-citation>
         </ref>
         <ref id="d5217e1070a1310">
            <mixed-citation id="d5217e1074" publication-type="other">
Takase B, Uehata A, Akima T, Nagai T, Nishioka T, Hamabe A,
et al. 1998. Endothelium-dependent flow-mediated vasodi-
lation in coronary and brachial arteries in suspected coro-
nary artery disease. Am J Cardiol 82(12):1535-1539.</mixed-citation>
         </ref>
         <ref id="d5217e1091a1310">
            <mixed-citation id="d5217e1095" publication-type="other">
Thomson E, Goegan P, Kumarathasan P, Vincent R. 2004. Air
pollutants increase gene expression of the vasoconstric-
tor endothelin-1 in the lungs. Biochim Biophys Acta
1689(1):75-82.</mixed-citation>
         </ref>
         <ref id="d5217e1111a1310">
            <mixed-citation id="d5217e1115" publication-type="other">
Tornqvist H, Mills NL, Gonzalez M, Miller MR, Robinson SD,
Megson IL, et al. 2007. Persistent endothelial dysfunction
in humans after diesel exhaust inhalation. Am J Respir Crit
Care Med 176(4):395-400.</mixed-citation>
         </ref>
         <ref id="d5217e1131a1310">
            <mixed-citation id="d5217e1135" publication-type="other">
Tzou WS, Douglas PS, Srinivasan SR, Bond MG, Tang R, Chen
W, et al. 2005. Increased subclinical atherosclerosis in
young adults with metabolic syndrome: the Bogalusa
Heart Study. J Am Coll Cardiol 46(3):457-463.</mixed-citation>
         </ref>
         <ref id="d5217e1151a1310">
            <mixed-citation id="d5217e1155" publication-type="other">
Van Guilder G, Hoetzer G, Greiner J, Stauffer B, DeSouza C.
2006. Influence of metabolic syndrome on biomarkers of
oxidative stress and inflammation in obese adults. Obesity
14:2127-2131.</mixed-citation>
         </ref>
         <ref id="d5217e1171a1310">
            <mixed-citation id="d5217e1175" publication-type="other">
Vierhapper H, Wagner O, Nowotny P, Waldhausl W. 1990.
Effect of endothelin-1 in man. Circulation 81(4):1415-1418.</mixed-citation>
         </ref>
         <ref id="d5217e1185a1310">
            <mixed-citation id="d5217e1189" publication-type="other">
Vincent R, Kumarathasan P, Goegan P, Bjarnason SG,
Guenette J, Berube D, et al. 2001. Inhalation toxicology of
urban ambient paniculate matter: acute cardiovascular
effects in rats. Res Rep Health Eff Inst(104):5-54.</mixed-citation>
         </ref>
         <ref id="d5217e1206a1310">
            <mixed-citation id="d5217e1210" publication-type="other">
Wagner OF, Christ G, Wojta J, Vierhapper H, Parzer S, Nowotny
PJ, et al. 1992. Polar secretion of endothelin-1 by cultured
endothelial cells. J Biol Chem 267(23): 16066-16068.</mixed-citation>
         </ref>
      </ref-list>
   </back>
</article>
