<article xmlns:xsi="http://www.w3.org/2001/XMLSchema-instance"
         xmlns:xlink="http://www.w3.org/1999/xlink"
         xmlns:mml="http://www.w3.org/1998/Math/MathML"
         dtd-version="1.0"
         article-type="research-article">
   <front>
      <journal-meta>
         <journal-id journal-id-type="jstor">envihealpers</journal-id>
         <journal-id journal-id-type="jstor">j100482</journal-id>
         <journal-title-group>
            <journal-title>Environmental Health Perspectives</journal-title>
         </journal-title-group>
         <publisher>
            <publisher-name>Public Health Service, U.S. Department of Health and Human Services</publisher-name>
         </publisher>
         <issn pub-type="ppub">00916765</issn>
      </journal-meta>
      <article-meta>
         <article-id pub-id-type="jstor">25071013</article-id>
         <article-categories>
            <subj-group>
               <subject>Indoor Mold and Children's Health</subject>
               <subj-group>
                  <subject>Exposure</subject>
               </subj-group>
            </subj-group>
         </article-categories>
         <title-group>
            <article-title>Review of Methods Applicable to the Assessment of Mold Exposure to Children</article-title>
         </title-group>
         <contrib-group>
            <contrib>
               <string-name>
                  <given-names>H. Kenneth</given-names>
                  <surname>Dillon</surname>
               </string-name>
            </contrib>
            <contrib>
               <string-name>
                  <given-names>J. David</given-names>
                  <surname>Miller</surname>
               </string-name>
            </contrib>
            <contrib>
               <string-name>
                  <given-names>W. G.</given-names>
                  <surname>Sorenson</surname>
               </string-name>
            </contrib>
            <contrib>
               <string-name>
                  <given-names>Jeroen</given-names>
                  <surname>Douwes</surname>
               </string-name>
            </contrib>
            <contrib>
               <string-name>
                  <given-names>Robert R.</given-names>
                  <surname>Jacobs</surname>
               </string-name>
            </contrib>
         </contrib-group>
         <pub-date>
            <day>1</day>
            <month>6</month>
            <year>1999</year>
         </pub-date>
         <volume>107</volume>
         <issue-id>i25071000</issue-id>
         <fpage>473</fpage>
         <lpage>480</lpage>
         <permissions>
            <copyright-statement/>
         </permissions>
         <self-uri xlink:href="http://www.jstor.org/stable/25071013"/>
         <abstract>
            <p>This article presents discussion of the assessment of the exposure of children to fungi, substances derived from fungi, and the environmental conditions that may lead to exposure. The principles driving investigations of fungal contamination and subsequent exposure are presented as well as guidelines for conducting these investigations. A comprehensive description of available research sampling and analysis techniques is also presented.</p>
         </abstract>
         <kwd-group>
            <kwd>(1→3)-β-D-glucans</kwd>
            <kwd>Children</kwd>
            <kwd>Ergosterol</kwd>
            <kwd>Exposure assessment</kwd>
            <kwd>Fungi</kwd>
            <kwd>Mold extracellular polysaccharides</kwd>
            <kwd>Mycotoxins</kwd>
            <kwd>Tricothecenes</kwd>
            <kwd>Water damage</kwd>
         </kwd-group>
         <custom-meta-group>
            <custom-meta>
               <meta-name>lang</meta-name>
               <meta-value>eng</meta-value>
            </custom-meta>
         </custom-meta-group>
      </article-meta>
   </front>
   <back>
      <ref-list>
         <title>References and Notes</title>
         <ref id="d8598e207a1310">
            <label>1</label>
            <mixed-citation id="d8598e214" publication-type="other">
Brunekreef B, Dockery DW, Speizer FE, Ware
JH, Spengler JD, Ferris BG. Home dampness
and respiratory morbidity in children. Am Rev
Respir Dis 140(5):1363-1367 (1989).</mixed-citation>
         </ref>
         <ref id="d8598e230a1310">
            <label>2</label>
            <mixed-citation id="d8598e237" publication-type="other">
Dales R, Miller JD, White M, Dulberg C,
Lazarovitis Al. The influence of residential fun-
gal contamination on peripheral blood lympho-
cyte populations in children. Arch Environ
Health 53(3):190-195 (1998).</mixed-citation>
         </ref>
         <ref id="d8598e256a1310">
            <label>3</label>
            <mixed-citation id="d8598e263" publication-type="other">
Dales RE, Zwanenburg H, Burnett R, Franklin
CA. Respiratory health effects of home damp-
ness and molds among Canadian children. Am
J Epidemiol 134:196-203 (1991).</mixed-citation>
         </ref>
         <ref id="d8598e279a1310">
            <label>4</label>
            <mixed-citation id="d8598e286" publication-type="other">
Verhoeff AP, van Strien RT, van Wijnen JH,
Brunekreef B. Damp housing and childhood res-
piratory symptoms: the role of sensitization to
dust mites and molds. Am J Epidemiol
141(2):103-110 (1995).</mixed-citation>
         </ref>
         <ref id="d8598e306a1310">
            <label>5</label>
            <mixed-citation id="d8598e313" publication-type="other">
Verhoeff AP, Burge HA. Health risk assessment
of fungi in home environments. Ann Allergy
Asthma Immunol 78(6):544-556 (1997).</mixed-citation>
         </ref>
         <ref id="d8598e326a1310">
            <label>6</label>
            <mixed-citation id="d8598e333" publication-type="other">
Flannigan B, McCabe EM, McGarry F. Allergenic
and toxigenic micro-organisms in houses. J Appl
Bacteriol Sympos 70:61S-73S (1991).</mixed-citation>
         </ref>
         <ref id="d8598e346a1310">
            <label>7</label>
            <mixed-citation id="d8598e353" publication-type="other">
Samson RA. Mycotoxins: a mycologist's per-
spective. J Med Vet Mycol 30:9-18 (1992).</mixed-citation>
         </ref>
         <ref id="d8598e363a1310">
            <label>8</label>
            <mixed-citation id="d8598e370" publication-type="other">
Miller JD. Fungi as contaminants in indoor air.
Atmos Environ 26A:2163-2172 (1992).</mixed-citation>
         </ref>
         <ref id="d8598e380a1310">
            <label>9</label>
            <mixed-citation id="d8598e387" publication-type="other">
Rylander R, Persson K, Goto H, Yuasa K, Tanaka
S. Airborne β-1,3-glucan may be related to
symptoms in sick buildings. Indoor Environ
1:263-267 (1992).</mixed-citation>
         </ref>
         <ref id="d8598e403a1310">
            <label>10</label>
            <mixed-citation id="d8598e410" publication-type="other">
Leggiadro RJ, Kline MW, Hughes WT.
Extrapulmonary cryptococcosis in children with
acquired immunodeficiency syndrome. Pediatr
Infect Dis J 10(9):658-662 (1991).</mixed-citation>
         </ref>
         <ref id="d8598e427a1310">
            <label>11</label>
            <mixed-citation id="d8598e434" publication-type="other">
Taccone A, Occhi M, Garaventa A, Manfredini
L, Viscoli C. CT of invasive pulmonary
aspergillosis in children with cancer. Pediatr
Radiol 23(3):177-180 (1993).</mixed-citation>
         </ref>
         <ref id="d8598e450a1310">
            <label>12</label>
            <mixed-citation id="d8598e457" publication-type="other">
Tobon AM, Franco L, Espinal D, Gomez I, Arango
M, Trujillo H, Restrepo A. Disseminated histo-
plasmosis in children: the role of itraconazole
therapy. Pediatr Infect Dis J 15(11):1002-1008
(1996).</mixed-citation>
         </ref>
         <ref id="d8598e476a1310">
            <label>13</label>
            <mixed-citation id="d8598e483" publication-type="other">
Wright M, Fikrig S, Haller JO. Aspergillosis in
children with acquired immune deficiency.
Pediatr Radiol 23(6):492-494 (1993).</mixed-citation>
         </ref>
         <ref id="d8598e496a1310">
            <label>14</label>
            <mixed-citation id="d8598e503" publication-type="other">
Dillon HK, Heinsohn PA, Miller JD, eds. Field
Guide for the Determination of Biological
Contaminants in Environmental Samples.
Fairfax, VA:American Industrial Hygiene
Association, 1996.</mixed-citation>
         </ref>
         <ref id="d8598e522a1310">
            <label>15</label>
            <mixed-citation id="d8598e529" publication-type="other">
ISIAQ. Control of Moisture Problems Affecting
Biological Indoor Air Quality. TFI-1996. Ottawa,
Canada:International Society of Indoor Air
Quality and Climate, 1996.</mixed-citation>
         </ref>
         <ref id="d8598e545a1310">
            <label>16</label>
            <mixed-citation id="d8598e552" publication-type="other">
American Conference of Governmental
Industrial Hygienists—Bioaersols Committee.
Bioaerosls: Assessment and Control (Macher J,
ed). Cincinnati:ACGIH, 1998.</mixed-citation>
         </ref>
         <ref id="d8598e569a1310">
            <label>17</label>
            <mixed-citation id="d8598e576" publication-type="other">
Dillon HK. Indoor microbiological contamination
as a public health issue. In: Sick Buildings: A
Modern Health Threat—Course Materials. Vol
2. Toronto:American Bar Association, 1998.</mixed-citation>
         </ref>
         <ref id="d8598e592a1310">
            <label>18</label>
            <mixed-citation id="d8598e599" publication-type="other">
Miller JD, Haisley P, Rhinehardt J. Unpublished
data.</mixed-citation>
         </ref>
         <ref id="d8598e609a1310">
            <label>19</label>
            <mixed-citation id="d8598e616" publication-type="other">
Eudey L, Su HJ, Burge HA. Biostatistics and
bioaerosols. In: Bioaerosols (Burge HA, ed). Boca
Raton, FL:Lewis Publishers, 1995;269-307.</mixed-citation>
         </ref>
         <ref id="d8598e629a1310">
            <label>20</label>
            <mixed-citation id="d8598e636" publication-type="other">
Hodgson JJ. Clinical investigations of emerging
diseases in patients and buildings: management
of patients, exposure, and remediation. In: Fungi
and Bacteria in Indoor Air Environments
(Johanning E, Yang CS, eds). New York:Eastern
New York Occupational Health Program,
1995;183-193.</mixed-citation>
         </ref>
         <ref id="d8598e662a1310">
            <label>21</label>
            <mixed-citation id="d8598e669" publication-type="other">
Perkins JL. Modern Industrial Hygiene. Vol I:
Recognition and Evaluation of Chemical
Agents. New York:Van Nostrand Reinhold,
1997.</mixed-citation>
         </ref>
         <ref id="d8598e685a1310">
            <label>22</label>
            <mixed-citation id="d8598e692" publication-type="other">
Verhoeff AP, van Wijnen JH, Hoekstra ES,
Samson RA, van Strien RT, Brunekreef B.
Fungal propagules in house dust: relation with
home characteristics. In: Health Implications of
Fungi in Indoor Environments (Samson RA,
Flannigan B, Flannigan ME, Verhoeff AP, Adan
OCG, Hoekstra ES, eds). Amsterdam:Elsevier,
1994;129-140.</mixed-citation>
         </ref>
         <ref id="d8598e722a1310">
            <label>23</label>
            <mixed-citation id="d8598e729" publication-type="other">
Yoshida K, Ando M, Ito K, Sakata T, Arima K,
Araki S, Uchida K. Hypersensitivity pneumoni-
tis of a mushroom worker due to Aspergillus
glaucus. Arch Environ Health 45(4):245-247
(1990).</mixed-citation>
         </ref>
         <ref id="d8598e748a1310">
            <label>24</label>
            <mixed-citation id="d8598e755" publication-type="other">
Nolard N, Beguin H, Wery L. Calender of fungal
spores in the air of Brussels. In: Expressions.
Brussels:Louis Pasteur Scientific Institute of
Public Health, 1997.</mixed-citation>
         </ref>
         <ref id="d8598e771a1310">
            <label>25</label>
            <mixed-citation id="d8598e778" publication-type="other">
Taylor A Some aspects of the chemistry and
biology of the genus hypocrea and its
anamorphs, Trichoderma and Gliocladium. Proc
Nova Scotia Inst Sci 36:27-58. 1986.</mixed-citation>
         </ref>
         <ref id="d8598e794a1310">
            <label>26</label>
            <mixed-citation id="d8598e801" publication-type="other">
Kjoller A, Struwe S. Microfungi in ecosystems:
fungal occurrence and activity in litter and soil.
Okios 39:391-422 (1982).</mixed-citation>
         </ref>
         <ref id="d8598e814a1310">
            <label>27</label>
            <mixed-citation id="d8598e821" publication-type="other">
Warcup JH. Growth and reproduction of soil
microorganisms in relation to substrate. In:
Ecology of Soil-borne Plant Pathogens (Baker
RF, Snyder WC, eds). Berkeley, CA:University of
California (Berkeley) Press, 1965;52-68.</mixed-citation>
         </ref>
         <ref id="d8598e840a1310">
            <label>28</label>
            <mixed-citation id="d8598e847" publication-type="other">
Chew GL, Muilenberg ML, Gold D, Burge HA. Is
dust sampling a good surrogate for exposure to
airborne fungi. J Allergy Clin Immunol 97:419
(1996).</mixed-citation>
         </ref>
         <ref id="d8598e864a1310">
            <label>29</label>
            <mixed-citation id="d8598e871" publication-type="other">
Flannigan B, Vicars S, Pasanen A, Pasanen P.
Bioaerosols from house dust. In: Health
Implications of Fungi in Indoor Environments
(Samson RA, Flannigan B, Flannigan ME,
Verhoeff AP, Adan OCG, Hoekstra ES, eds).
Amsterdam:Elsevier, 1994;65-74.</mixed-citation>
         </ref>
         <ref id="d8598e894a1310">
            <label>30</label>
            <mixed-citation id="d8598e901" publication-type="other">
Brewer D, Taylor A. Ovine ill-thrift in Nova
Scotia 6, quantitative description of the fungal
flora of soils of permanent pasture. Proc Nova
Scotia Inst Sci 30:101-133 (1980).</mixed-citation>
         </ref>
         <ref id="d8598e917a1310">
            <label>31</label>
            <mixed-citation id="d8598e924" publication-type="other">
Gao P, Dillon HK, Farthing WE. Development and
evaluation of an inhalable bioaerosol manifold
sampler. Am Ind Hyg Assoc J 58(3):196-206
(1997).</mixed-citation>
         </ref>
         <ref id="d8598e940a1310">
            <label>32</label>
            <mixed-citation id="d8598e947" publication-type="other">
Morris KJ. Modern microscopic methods of
bioaerosol analysis. In: Bioaerosols Handbook.
Boca Raton, FL:Lewis Publishers, 1995;285-316.</mixed-citation>
         </ref>
         <ref id="d8598e960a1310">
            <label>33</label>
            <mixed-citation id="d8598e967" publication-type="other">
Eduard W, Heederik D. Methods for quantitative
assessment of airborne levels of noninfectious
microorganisms in highly contaminated work
environments. Am Ind Hyg Assoc J 59(2):
113-127 (1998).</mixed-citation>
         </ref>
         <ref id="d8598e986a1310">
            <label>34</label>
            <mixed-citation id="d8598e993" publication-type="other">
Miller JD, Young JC. The use of ergosterol to
measure exposure to fungal propagules. Am Ind
Hyg Assoc J 58:39-43 (1997).</mixed-citation>
         </ref>
         <ref id="d8598e1007a1310">
            <label>35</label>
            <mixed-citation id="d8598e1014" publication-type="other">
Newell SY. Estimating fungal biomass and pro-
ductivity in decomposing litter. In: The Fungal
Community (Carroll GC, Wicklow DT, eds). New
York:Marcel Dekker, 1992;535-539.</mixed-citation>
         </ref>
         <ref id="d8598e1030a1310">
            <label>36</label>
            <mixed-citation id="d8598e1037" publication-type="other">
Saraf A, Larsson L, Burge H, Milton D.
Quantification of ergosterol and 3-hydroxy fatty
acids in settled house dust by gas chromatogra-
phy-mass spectrometry: comparison with fun-
gal culture and determination of endotoxin by a
Limulus amebocyte lysate assay. Appl Environ
Microbiol 63:2554-2559 (1997).</mixed-citation>
         </ref>
         <ref id="d8598e1063a1310">
            <label>37</label>
            <mixed-citation id="d8598e1070" publication-type="other">
Rylander R. Airborne (1→3)-β-D-glucan and air-
way disease in a day-care center before and
after renovation. Arch Environ Health 52(4):
281-285 (1997).</mixed-citation>
         </ref>
         <ref id="d8598e1086a1310">
            <label>38</label>
            <mixed-citation id="d8598e1093" publication-type="other">
Douwes J, Doekes G, Montijn R, Heederik D,
Brunekreef B. Measurement of (1→3)-β-D-glu-
cans in occupational and home environments
with an inhibition enzyme immunoassay. Appl
Environ Microbiol 62(9):3176-3182 (1996).</mixed-citation>
         </ref>
         <ref id="d8598e1112a1310">
            <label>39</label>
            <mixed-citation id="d8598e1119" publication-type="other">
Douwes J, van der Sluis B, Doekes G, Leusden
F, Wijnands L, van Strien R, Verhoeff A,
Brunekreef B. Fungal extracellular polysaccha-
rides in house dust as a marker for exposure to
fungi: relations with culturable fungi, reported
home dampness and respiratory symptoms. J
Allergy Clin Immunol (in press).</mixed-citation>
         </ref>
         <ref id="d8598e1145a1310">
            <label>40</label>
            <mixed-citation id="d8598e1152" publication-type="other">
Notermans S, Veeneman GH, van Zuylen CW,
Hoogerhout P, van Boom JH. (1→5)-linked
β-D-galactofuranosides are immunodominant in
extracellular polysaccharides of Penicillium and
Aspergillus species. Mol Immunol 25(10):
975-979 (1988).</mixed-citation>
         </ref>
         <ref id="d8598e1176a1310">
            <label>41</label>
            <mixed-citation id="d8598e1183" publication-type="other">
Notermans S, Heuvelman CF, Beumer RR, Maas
R. Immunological detection of moulds in food:
relation between antigen production and
growth. Int J Food Microbiol 3:253-261 (1986).</mixed-citation>
         </ref>
         <ref id="d8598e1199a1310">
            <label>42</label>
            <mixed-citation id="d8598e1206" publication-type="other">
Kamphuis HJ, de Ruiter GA, Veeneman GH, van
Boom JH, Rombouts FM, Notermans SHW.
Detection of Aspergillus and Penicillium extra-
cellular polysaccharides (EPS) by ELISA using
antibodies raised against acid hydrolyzed EPS.
Antoine van Leeuwenhoek 61:323-332 (1992).</mixed-citation>
         </ref>
         <ref id="d8598e1229a1310">
            <label>43</label>
            <mixed-citation id="d8598e1238" publication-type="other">
Norback D, Edling C, Wieslander G. Asthma
symptoms and the sick building syndrome
(SBS)—the significance of microorganisms in
the indoor environment. In: Health Implications
of Fungi in Indoor Environments (Samson RA,
Flannigan B, Flannigan ME, Verhoeff AP, Adan
OCG, Hoekstra ES, eds). Amsterdam:Elsevier,
1994;229-239.</mixed-citation>
         </ref>
         <ref id="d8598e1267a1310">
            <label>44</label>
            <mixed-citation id="d8598e1274" publication-type="other">
Jarvis BB. Mycotoxins in the air: keep your
buildings dry or the bogeyman will get you. In:
Fungi and Bacteria in Indoor Air Environments
(Johanning E, Yang CS, eds). New York:Eastern
New York Occupational Health Program,
1995;35-44.</mixed-citation>
         </ref>
         <ref id="d8598e1297a1310">
            <label>45</label>
            <mixed-citation id="d8598e1304" publication-type="other">
Krishnamurthy T, Beck DJ, Isensee RK, Jarvis
BB. Mass spectral investigations on tri-
cothecene mycotoxins, VII. J Chromatogr 469:
209-222(1989).</mixed-citation>
         </ref>
         <ref id="d8598e1320a1310">
            <label>46</label>
            <mixed-citation id="d8598e1327" publication-type="other">
Krishnamurthy T, Sarver EW, Greene SL, Jarvis
BB. Mass spectral investigations on tri-
cothecenes mycotoxins. II: Detection and quan-
titation of macrocyclic tricothecenes by gas
chromatography/negative ion chemical ioniza-
tion mass spectrometry. J Assoc Off Anal Chem
70(1):132-140 (1987).</mixed-citation>
         </ref>
         <ref id="d8598e1354a1310">
            <label>47</label>
            <mixed-citation id="d8598e1361" publication-type="other">
Frisvad JC, Gravesen S. Penicillium and
Aspergillus from Danish homes and working
places with indoor air problems: identification
and mycotoxin determination. In: Health
Implications of Fungi in Indoor Environments
(Samson RA, Flannigan B, Flannigan ME,
Verhoeff AP, Adan OCG, Hoekstra ES, eds).
Amsterdam:Elsevier, 1994;281-290.</mixed-citation>
         </ref>
         <ref id="d8598e1390a1310">
            <label>48</label>
            <mixed-citation id="d8598e1397" publication-type="other">
Pasanen A, Hintikka E, Flannigan B. Collection
of airborne mycotoxins on membrane filters. In:
Health Implications of Fungi in Indoor
Environments (Samson RA, Flannigan B,
Flannigan ME, Verhoeff AP, Adan OCG,
Hoekstra ES, eds). Amsterdam:Elsevier,
1994:317-324.</mixed-citation>
         </ref>
         <ref id="d8598e1423a1310">
            <label>49</label>
            <mixed-citation id="d8598e1430" publication-type="other">
Yike I, Allan T, Sorenson WG, and Dearborn
DG. Highly sensitive protein translation assay
for trichothecene toxicity in airborne particu-
lates. Comparison with cytotoxicity assays.
Appl Environ Microbiol 65(1):88-94 (1999).</mixed-citation>
         </ref>
         <ref id="d8598e1449a1310">
            <label>50</label>
            <mixed-citation id="d8598e1456" publication-type="other">
Hamilton RG, Eggleston PA. Environmental
allergen analysis. Methods 13(1):53-60 (1997).</mixed-citation>
         </ref>
         <ref id="d8598e1466a1310">
            <label>51</label>
            <mixed-citation id="d8598e1473" publication-type="other">
Larsen L. Fungal allergens. In: Health
Implications of Fungi in Indoor Environments
(Samson RA, Flannigan B, Flannigan ME,
Verhoeff AP, Adan OCG, Hoekstra ES, eds).
Amsterdam:Elsevier, 1994;215-220.</mixed-citation>
         </ref>
         <ref id="d8598e1492a1310">
            <label>52</label>
            <mixed-citation id="d8598e1499" publication-type="other">
Schonian G, Tietz HJ, Thanos M, Graser Y.
Application of molecular biological methods for
diagnosis and epidemiology of human fungal
infections [German]. Mycoses 39(suppl
1)73-80 (1996).</mixed-citation>
         </ref>
         <ref id="d8598e1519a1310">
            <label>53</label>
            <mixed-citation id="d8598e1526" publication-type="other">
Murayama SY, Hanazawa R, Yamaguchi H,
Makimura K, Hashimoto K, Ueda G. Genetic
diagnosis of aspergillosis [Japanese]. Kekkaku
72(2):83-90 (1997).</mixed-citation>
         </ref>
         <ref id="d8598e1542a1310">
            <label>54</label>
            <mixed-citation id="d8598e1549" publication-type="other">
Prariyachatigul C, Chaiprasert A, Meevootisom
V, Pattanakitsakul S. Assessment of a PCR
technique for the detection and identification of
Cryptococcus neoformans. J Med Veterin
Mycol 34(4):251-258 (1996).</mixed-citation>
         </ref>
         <ref id="d8598e1568a1310">
            <label>55</label>
            <mixed-citation id="d8598e1575" publication-type="other">
Pedersen LH, Skouboe P, Boysen M, Soule J,
Rossen L. Detection of Penicillium species in
complex food samples using the polymerase
chain reaction. Int J Food Microbiol 35(2):
169-177 (1997).</mixed-citation>
         </ref>
         <ref id="d8598e1594a1310">
            <label>56</label>
            <mixed-citation id="d8598e1601" publication-type="other">
Gaskell GJ, Carter DA, Britton WJ, Tovey ER,
Benyon FH, Lovborg U. Analysis of the internal
transcribed spacer regions of ribosomal DNA in
common airborne allergenic fungi. Electro-
phoresis 18(9):1567-1569 (1997).</mixed-citation>
         </ref>
         <ref id="d8598e1620a1310">
            <label>57</label>
            <mixed-citation id="d8598e1627" publication-type="other">
Evans JL, Moclock MA, Gealt MA. The fatty
acid composition of the conidia and mycelia of
the fungus Aspergillus nidulans. Can J
Microbiol 32(2):179-181 (1986).</mixed-citation>
         </ref>
         <ref id="d8598e1643a1310">
            <label>58</label>
            <mixed-citation id="d8598e1650" publication-type="other">
Feofilova EP, Bab'eva EN, Abyzov SS,
Odintsova EV. Dependence of the fatty acid
composition of the lipids in fungi of the genus
Penicillium on their natural habitat conditions
[Russian]. Mikrobiologiia 54(5):763-769
(1985).</mixed-citation>
         </ref>
         <ref id="d8598e1674a1310">
            <label>59</label>
            <mixed-citation id="d8598e1681" publication-type="other">
Chattopadhyay P, Banerjee SK, Sen K,
Chakrabarti P. Lipid profiles of Aspergillus niger
and its unsaturated fatty acid auxotroph, UFA2.
Can J Microbiol 31(4):352-355 (1985)</mixed-citation>
         </ref>
         <ref id="d8598e1697a1310">
            <label>60</label>
            <mixed-citation id="d8598e1704" publication-type="other">
Fox A, Wright L, Fox K. Gas chromatography-
tandem mass spectrometry for trace detection
of muramic acid, a peptidoglycan chemical
marker, in organic dust. J Microbiol Meth
22:11-26 (1995).</mixed-citation>
         </ref>
         <ref id="d8598e1723a1310">
            <label>61</label>
            <mixed-citation id="d8598e1730" publication-type="other">
Cohen BS, Hering SV, eds. Air Sampling
Instruments for Evaluation of Atmospheric
Contaminants, 8th ed. Cincinnati:American
Conference of Governmental Industrial
Hygienists, 1995.</mixed-citation>
         </ref>
      </ref-list>
   </back>
</article>
