<article xmlns:xsi="http://www.w3.org/2001/XMLSchema-instance"
         xmlns:xlink="http://www.w3.org/1999/xlink"
         xmlns:mml="http://www.w3.org/1998/Math/MathML"
         dtd-version="1.0"
         article-type="research-article">
   <front>
      <journal-meta>
         <journal-id journal-id-type="jstor">envihealpers</journal-id>
         <journal-id journal-id-type="jstor">j100482</journal-id>
         <journal-title-group>
            <journal-title>Environmental Health Perspectives</journal-title>
         </journal-title-group>
         <publisher>
            <publisher-name>National Institute of Environmental Health Sciences</publisher-name>
         </publisher>
         <issn pub-type="ppub">00916765</issn>
      </journal-meta>
      <article-meta>
         <article-id pub-id-type="jstor">25071148</article-id>
         <article-id pub-id-type="pub-doi">10.1289/ehp.11007</article-id>
         <article-categories>
            <subj-group>
               <subject>Research</subject>
               <subj-group>
                  <subject>Children's Health</subject>
               </subj-group>
            </subj-group>
         </article-categories>
         <title-group>
            <article-title>Prenatal Phenol and Phthalate Exposures and Birth Outcomes</article-title>
         </title-group>
         <contrib-group>
            <contrib>
               <string-name>
                  <given-names>Mary S.</given-names>
                  <surname>Wolff</surname>
               </string-name>
            </contrib>
            <contrib>
               <string-name>
                  <given-names>Stephanie M.</given-names>
                  <surname>Engel</surname>
               </string-name>
            </contrib>
            <contrib>
               <string-name>
                  <given-names>Gertrud S.</given-names>
                  <surname>Berkowitz</surname>
               </string-name>
            </contrib>
            <contrib>
               <string-name>
                  <given-names>Xiaoyun</given-names>
                  <surname>Ye</surname>
               </string-name>
            </contrib>
            <contrib>
               <string-name>
                  <given-names>Manori J.</given-names>
                  <surname>Silva</surname>
               </string-name>
            </contrib>
            <contrib>
               <string-name>
                  <given-names>Chenbo</given-names>
                  <surname>Zhu</surname>
               </string-name>
            </contrib>
            <contrib>
               <string-name>
                  <given-names>James</given-names>
                  <surname>Wetmur</surname>
               </string-name>
            </contrib>
            <contrib>
               <string-name>
                  <given-names>Antonia M.</given-names>
                  <surname>Calafat</surname>
               </string-name>
            </contrib>
         </contrib-group>
         <pub-date>
            <day>1</day>
            <month>8</month>
            <year>2008</year>
         </pub-date>
         <volume>116</volume>
         <issue>8</issue>
         <issue-id>i25071114</issue-id>
         <fpage>1092</fpage>
         <lpage>1097</lpage>
         <self-uri xlink:href="http://www.jstor.org/stable/25071148"/>
         <abstract>
            <p>Background: Many phthalates and phenols are hormonally active and are suspected to alter the course of development. Objective: We investigated prenatal exposures to phthalate and phenol metabolites and their associations with body size measures of the infants at birth. Methods: We measured 5 phenol and 10 phthalate urinary metabolites in a multiethnic cohort of 404 women in New York City during their third trimester of pregnancy and recorded size of infants at birth. Results: Median urinary concentrations were &gt; 10 μg/L for 2 of 5 phenols and 6 of 10 phthalate monoester metabolites. Concentrations of low-molecular-weight phthalate monoesters (low-MWP) were approximately 5-fold greater than those of high-molecular-weight metabolites. Low-MWP metabolites had a positive association with gestational age [0.97 day gestational age per ln-biomarker; 95% confidence interval (CI), 0.07-1.9 days, multivariate adjusted] and with head circumference. Higher prenatal exposures to 2,5-dichlorophenol (2,5-DCP) predicted lower birth weight in boys (-210 g average birth weight difference between the third tertile and first tertile of 2,5-DCP; 95% CI, 71-348 g). Higher maternal benzophenone-3 (BP3) concentrations were associated with a similar decrease in birth weight among girls but with greater birth weight in boys. Conclusions: We observed a range of phthalate and phenol exposures during pregnancy in our population, but few were associated with birth size. The association of 2,5-DCP and BP3 with reduced or increased birth weight could be important in very early or small-size births. In addition, positive associations of urinary metabolites with some outcomes may be attributable partly to unresolved confounding with maternal anthropometric factors.</p>
         </abstract>
         <kwd-group>
            <kwd>2,5-DCP</kwd>
            <kwd>Birth length</kwd>
            <kwd>Birth weight</kwd>
            <kwd>BMI</kwd>
            <kwd>Creatinine</kwd>
            <kwd>Phenols</kwd>
            <kwd>Phthalates</kwd>
            <kwd>Pregnancy</kwd>
            <kwd>Urinary biomarker</kwd>
         </kwd-group>
         <custom-meta-group>
            <custom-meta>
               <meta-name>lang</meta-name>
               <meta-value>eng</meta-value>
            </custom-meta>
         </custom-meta-group>
      </article-meta>
   </front>
   <back>
      <ref-list>
         <title>References</title>
         <ref id="d9875e253a1310">
            <mixed-citation id="d9875e257" publication-type="other">
Apelberg BJ, Goldman LR, Calafat AM, Herbstman JB,
Kuklenyik Z, Heidler J, et al. 2007. Determinants of fetal
exposure to polyfluoroalkyl compounds in Baltimore,
Maryland. Environ Sci Technol 41:3891-3897.</mixed-citation>
         </ref>
         <ref id="d9875e273a1310">
            <mixed-citation id="d9875e277" publication-type="other">
Arcadi FA, Costa C, Imperatore C, Marchese A, Rapisarda A,
Salemi M, et al. 1998. Oral toxicity of bis(2-ethylhexyl)
phthalate during pregnancy and suckling in the Long-
Evans rat. Food Chem Toxicol 36:963-970.</mixed-citation>
         </ref>
         <ref id="d9875e293a1310">
            <mixed-citation id="d9875e297" publication-type="other">
Barr DB, Wilder LC, Caudill SP, Gonzalez AJ, Needham LL,
Pirkle JL 2005. Urinary creatinine concentrations in the
U.S. population: implications for urinary biologic monitor-
ing measurements. Environ Health Perspect 113:192-200.</mixed-citation>
         </ref>
         <ref id="d9875e313a1310">
            <mixed-citation id="d9875e317" publication-type="other">
Berkowitz GS, Wetmur JG, Birman-Deych E, Obel J, Lapinski
RH, Godbold JH, et al. 2004. In utero pesticide exposure,
maternal paraoxonase activity, and head circumference.
Environ Health Perspect 112:388-391.</mixed-citation>
         </ref>
         <ref id="d9875e334a1310">
            <mixed-citation id="d9875e338" publication-type="other">
Bernstein IM, Mongeon JA, Badger GJ, Solomon L, Heil SH,
Higgins ST. 2005. Maternal smoking and its association
with birth weight. Obstet Gynecol 106:986-991.</mixed-citation>
         </ref>
         <ref id="d9875e351a1310">
            <mixed-citation id="d9875e355" publication-type="other">
Bornatowicz N, Antes A, Winker N, Hofer H. 1994. A 2-genera-
tion fertility study with 1,4-dichlorobenzene in rats [in
German]. Wien Klin Wochenschr 106:345-353.</mixed-citation>
         </ref>
         <ref id="d9875e368a1310">
            <mixed-citation id="d9875e372" publication-type="other">
Bradman A, Barr DB, Claus Henn BG, Drumheller T, Curry C,
Eskenazi B. 2003. Measurement of pesticides and other
toxicants in amniotic fluid as a potential biomarker of pre-
natal exposure: a validation study. Environ Health Perspect
111:1779-1782.</mixed-citation>
         </ref>
         <ref id="d9875e391a1310">
            <mixed-citation id="d9875e395" publication-type="other">
Bradman A, Eskenazi B, Barr DB, Bravo R, Castorina R,
Chevrier J, et al. 2005. Organophosphate urinary metabo-
lite levels during pregnancy and after delivery in women
living in an agricultural community. Environ Health
Perspect 113:1802-1807.</mixed-citation>
         </ref>
         <ref id="d9875e414a1310">
            <mixed-citation id="d9875e418" publication-type="other">
Carrieri M, Trevisan A, Bartolucci GB. 2001. Adjustment to con-
centration-dilution of spot urine samples: correlation
between specific gravity and creatinine. Int Arch Occup
Environ Health 74:63-67.</mixed-citation>
         </ref>
         <ref id="d9875e434a1310">
            <mixed-citation id="d9875e438" publication-type="other">
Centers for Disease Control and Prevention. 2005. Third National
Report on Human Exposure to Environmental Chemicals.
NCEH Pub. No. 05-0570. Atlanta, GA:National Center for
Environmental Health Division of Laboratory Sciences.</mixed-citation>
         </ref>
         <ref id="d9875e455a1310">
            <mixed-citation id="d9875e459" publication-type="other">
Chen J, Ahn KC, Gee NA, Gee SJ, Hammock BD, Lasley BL
2007. Antiandrogenic properties of parabens and other
phenolic containing small molecules in personal care
products. Toxicol Appl Pharmacol 221:278-284.</mixed-citation>
         </ref>
         <ref id="d9875e475a1310">
            <mixed-citation id="d9875e479" publication-type="other">
Dalgaard M, Hass U, Vinggaard AM, Jarfelt K, Lam HR,
Sorensen IK, et al. 2003. Di(2-ethylhexyl) adipate (DEHA)
induced developmental toxicity but not antiandrogenic
effects in pre- and postnatally exposed Wistar rats.
Reprod Toxicol 17:163-170.</mixed-citation>
         </ref>
         <ref id="d9875e498a1310">
            <mixed-citation id="d9875e502" publication-type="other">
Elliott L, Longnecker MP, Kissling GE, London SJ. 2006. Volatile
organic compounds and pulmonary function in the Third
National Health and Nutrition Examination Survey,
1988-1994. Environ Health Perspect 114:1210-1214.</mixed-citation>
         </ref>
         <ref id="d9875e518a1310">
            <mixed-citation id="d9875e522" publication-type="other">
Engel SM, Levy B, Liu Z, Kaplan D, Wolff MS. 2006. Xenobiotic
phenols in early pregnancy amniotic fluid. Reprod Toxicol
21:110-112.</mixed-citation>
         </ref>
         <ref id="d9875e535a1310">
            <mixed-citation id="d9875e539" publication-type="other">
Eskenazi B, Harley K, Bradman A, Weltzien E, Jewell NP, Barr
DB, et al. 2004. Association of in utero organophosphate
pesticide exposure and fetal growth and length of gesta-
tion in an agricultural population. Environ Health Perspect
112:1116-1124.</mixed-citation>
         </ref>
         <ref id="d9875e558a1310">
            <mixed-citation id="d9875e562" publication-type="other">
Fang H, Tong W, Perkins R, Soto AM, Prechtl NV, Sheehan DM.
2000. Quantitative comparisons of in vitro assays for estro-
genic activities. Environ Health Perspect 108:723-729.</mixed-citation>
         </ref>
         <ref id="d9875e576a1310">
            <mixed-citation id="d9875e580" publication-type="other">
Fenster L, Eskenazi B. 2006. Association of in utero organochlo-
rine pesticide exposure and fetal growth and length of
gestation in an agricultural population. Environ Health
Perspect 114:597-602.</mixed-citation>
         </ref>
         <ref id="d9875e596a1310">
            <mixed-citation id="d9875e600" publication-type="other">
Ferguson SA, Flynn KM, Delclos KB, Newbold RR. 2000.
Maternal and offspring toxicity but few sexually dimorphic
behavioral alterations result from nonylphenol exposure.
Neurotoxicol Teratol 22:583-591.</mixed-citation>
         </ref>
         <ref id="d9875e616a1310">
            <mixed-citation id="d9875e620" publication-type="other">
Ge RS, Chen GR, Dong Q, Akingbemi B, Sottas CM, Santos M,
et al. 2007. Biphasic effects of postnatal exposure to
diethylhexylphthalate on the timing of puberty in male rats.
J Androl 28:513-520.</mixed-citation>
         </ref>
         <ref id="d9875e636a1310">
            <mixed-citation id="d9875e640" publication-type="other">
Hauser R, Meeker JD, Duty S, Silva MJ, Calafat AM. 2006.
Altered semen quality in relation to urinary concentrations
of phthalate monoester and oxidative metabolites.
Epidemiology 17:682-691.</mixed-citation>
         </ref>
         <ref id="d9875e656a1310">
            <mixed-citation id="d9875e660" publication-type="other">
Hauser R, Meeker JD, Park S, Silva MJ, Calafat AM. 2004.
Temporal variability of urinary phthalate metabolite levels
in men of reproductive age. Environ Health Perspect
112:1734-1740.</mixed-citation>
         </ref>
         <ref id="d9875e676a1310">
            <mixed-citation id="d9875e682" publication-type="other">
Hill RH Jr, Ashley DL, Head SL, Needham LL, Pirkle JL 1995.
p-Dichlorobenzene exposure among 1,000 adults in the
United States. Arch Environ Health 50:277-280.</mixed-citation>
         </ref>
         <ref id="d9875e696a1310">
            <mixed-citation id="d9875e700" publication-type="other">
Holmes TJ, Rainsford KD. 2001. Differential effects of non-
genotoxic carcinogens and proliferating agents on cell
growth, survival and apoptosis in hepatic cells in vitro. Life
Sci 69:2975-2992.</mixed-citation>
         </ref>
         <ref id="d9875e716a1310">
            <mixed-citation id="d9875e720" publication-type="other">
Hoppin JA, Brock JW, Davis BJ, Baird DD. 2002. Reproducibility
of urinary phthalate metabolites in first morning urine sam-
ples. Environ Health Perspect 110:515-518.</mixed-citation>
         </ref>
         <ref id="d9875e733a1310">
            <mixed-citation id="d9875e737" publication-type="other">
Hoshino N, Iwai M, Okazaki Y. 2005. A two-generation repro-
ductive toxicity study of dicyclohexyl phthalate in rats.
J Toxicol Sci 30:79-96.</mixed-citation>
         </ref>
         <ref id="d9875e750a1310">
            <mixed-citation id="d9875e754" publication-type="other">
Hsieh MH, Grantham EC, Liu B, Macapagal R, Willingham E,
Baskin LS. 2007. In utero exposure to benzophenone-2
causes hypospadias through an estrogen receptor depen-
dent mechanism. J Urol 178:1637-1642.</mixed-citation>
         </ref>
         <ref id="d9875e770a1310">
            <mixed-citation id="d9875e774" publication-type="other">
Kato K, Silva MJ, Needham LL, Calafat AM. 2005. Determination
of 16 phthalate metabolites in urine using automated sample
preparation and on-line preconcentration/high-performance
liquid chromatography/tandem mass spectrometry. Anal
Chem 77:2985-2991.</mixed-citation>
         </ref>
         <ref id="d9875e793a1310">
            <mixed-citation id="d9875e797" publication-type="other">
Kuklenyik Z, Ekong J, Cutchins CD, Needham LL, Calafat AM.
2003. Simultaneous measurement of urinary bisphenol A
and alkylphenols by automated solid-phase extractive
derivatization gas chromatography/mass spectrometry.
Anal Chem 75:6820-6825.</mixed-citation>
         </ref>
         <ref id="d9875e817a1310">
            <mixed-citation id="d9875e821" publication-type="other">
Latendresse JR, Newbold RR, Weis CC, Delclos KB. 2001.
Polycystic kidney disease induced in F(1) Sprague-Dawley
rats fed para-nonylphenol in a soy-free, casein-containing
diet. Toxicol Sci 62:140-147.</mixed-citation>
         </ref>
         <ref id="d9875e837a1310">
            <mixed-citation id="d9875e841" publication-type="other">
Latini G, De Felice C, Presta G, Del Vecchio A, Paris I, Ruggieri
F, et al. 2003. In utero exposure to di-(2-ethylhexyl)phtha-
late and duration of human pregnancy. Environ Health
Perspect 111:1783-1785.</mixed-citation>
         </ref>
         <ref id="d9875e857a1310">
            <mixed-citation id="d9875e861" publication-type="other">
Latini G, Del Vecchio A, Massaro M, Verrotti A, De Felice C.
2006. In utero exposure to phthalates and fetal develop-
ment Curr Med Chem 13:2527-2534.</mixed-citation>
         </ref>
         <ref id="d9875e874a1310">
            <mixed-citation id="d9875e878" publication-type="other">
Lee CK, Kim SH, Moon DH, Kim JH, Son BC, Kim DH, et al.
2005. Effects of bisphenol A on the placental function and
reproduction in rats [in Korean]. J Prev Med Pub Health
38:330-336.</mixed-citation>
         </ref>
         <ref id="d9875e894a1310">
            <mixed-citation id="d9875e898" publication-type="other">
Liu Z, Wolff MS, Moline J. 2005. Analysis of environmental bio-
markers in urine using an electrochemical detector.
J Chromatogr B Analyt Technol Biomed Life Sci 819:155-159.</mixed-citation>
         </ref>
         <ref id="d9875e911a1310">
            <mixed-citation id="d9875e915" publication-type="other">
Longnecker MP, Klebanoff MA, Gladen BC, Berendes HW.
1999. Serial levels of serum organochlorines during preg-
nancy and postpartum. Arch Environ Health 54:110-114.</mixed-citation>
         </ref>
         <ref id="d9875e929a1310">
            <mixed-citation id="d9875e933" publication-type="other">
Main KM, Mortensen GK, Kaleva MM, Boisen KA, Damgaard
IN, Chellakooty M, et al. 2006. Human breast milk contami-
nation with phthalates and alterations of endogenous
reproductive hormones in infants three months of age.
Environ Health Perspect 114:270-276.</mixed-citation>
         </ref>
         <ref id="d9875e952a1310">
            <mixed-citation id="d9875e956" publication-type="other">
Marsman D. 1995. NTP technical report on the toxicity studies
of dibutyl phthalate (CAS No. 84-74-2) administered in feed
to F344/N Rats and B6C3F1 Mice. Toxic Rep Ser 30:1-G5.</mixed-citation>
         </ref>
         <ref id="d9875e969a1310">
            <mixed-citation id="d9875e973" publication-type="other">
Matsumoto A, Kunugita N, Kitagawa K, Isse T, Oyama T,
Foureman GL, et al. 2003. Bisphenol A levels in human
urine. Environ Health Perspect 111:101-104.</mixed-citation>
         </ref>
         <ref id="d9875e986a1310">
            <mixed-citation id="d9875e990" publication-type="other">
Muckle G, Ayotte P, Dewailly EE, Jacobson SW, Jacobson JL
2001. Prenatal exposure of the northern Quebec Inuit
infants to environmental contaminants. Environ Health
Perspect 109:1291-1299.</mixed-citation>
         </ref>
         <ref id="d9875e1006a1310">
            <mixed-citation id="d9875e1010" publication-type="other">
National Toxicology Program. 2005. 1,4-Dichlorobenzene CAS
No. 106-46-7. Available: http://ntp.niehs.nih.gov/ntp/roc/
eleventh/profiles/s062dich.pdf [accessed 2 July 2008].</mixed-citation>
         </ref>
         <ref id="d9875e1023a1310">
            <mixed-citation id="d9875e1027" publication-type="other">
Ogawa Y, Kawamura Y, Wakui C, Mutsuga M, Nishimura T,
Tanamoto K. 2006. Estrogenic activities of chemicals
related to food contact plastics and rubbers tested by the
yeast two-hybrid assay. Food Addit Contam 23:422-430.</mixed-citation>
         </ref>
         <ref id="d9875e1044a1310">
            <mixed-citation id="d9875e1048" publication-type="other">
Oken E, Kleinman KP, Rich-Edwards J, Gillman MW. 2003. A nearly
continuous measure of birth weight for gestational age using
a United States national reference. BMC Pediatr 3:6.</mixed-citation>
         </ref>
         <ref id="d9875e1061a1310">
            <mixed-citation id="d9875e1067" publication-type="other">
Ouchi K, Watanabe S. 2002. Measurement of bisphenol A in
human urine using liquid chromatography with multi-chan-
nel coulometric electrochemical detection. J Chromatogr
B Analyt Technol Biomed Life Sci 780:365-370.</mixed-citation>
         </ref>
         <ref id="d9875e1083a1310">
            <mixed-citation id="d9875e1087" publication-type="other">
Paris F, Balaguer P, Terouanne B, Servant N, Lacoste C,
Cravedi JP, et al. 2002. Phenylphenols, biphenols, bisphe-
nol-A and 4-tert-octylphenol exhibit alpha and beta estro-
gen activities and antiandrogen activity in reporter cell
lines. Mol Cell Endocrinol 193:43-49.</mixed-citation>
         </ref>
         <ref id="d9875e1106a1310">
            <mixed-citation id="d9875e1110" publication-type="other">
Savabieasfahani M, Kannan K, Astapova O, Evans NP,
Padmanabhan V. 2006. Developmental programming: dif-
ferential effects of prenatal exposure to bisphenol-A or
methoxychlor on reproductive function. Endocrinology
147:5956-5966.</mixed-citation>
         </ref>
         <ref id="d9875e1129a1310">
            <mixed-citation id="d9875e1133" publication-type="other">
Seidlova-Wuttke D, Jarry H, Christoffel J, Rimoldi G, Wuttke W.
2005. Effects of bisphenol-A (BPA), dibutylphtalate (DBP),
benzophenone-2 (BP2), procymidone (Proc), and linurone
(Lin) on fat tissue, a variety of hormones and metabolic
parameters: a 3 months comparison with effects of estra-
diol (E2) in ovariectomized (ovx) rats. Toxicology 213:13-24.</mixed-citation>
         </ref>
         <ref id="d9875e1156a1310">
            <mixed-citation id="d9875e1160" publication-type="other">
Sharpe RM, Fisher JS, Millar MM, Jobling S, Sumpter JP. 1995.
Gestational and lactational exposure of rats to xenoestro-
gens results in reduced testicular size and sperm produc-
tion. Environ Health Perspect 103:1136-1143.</mixed-citation>
         </ref>
         <ref id="d9875e1177a1310">
            <mixed-citation id="d9875e1181" publication-type="other">
Silva MJ, Barr DB, Reidy JA, Malek NA, Hodge CC, Caudill SP,
et al. 2004. Urinary levels of seven phthalate metabolites in
the U.S. population from the National Health and Nutrition
Examination Survey (NHANES) 1999-2000. Environ Health
Perspect 112:331-338.</mixed-citation>
         </ref>
         <ref id="d9875e1200a1310">
            <mixed-citation id="d9875e1204" publication-type="other">
Stahlhut RW, van Wijngaarden E, Dye TD, Cook S, Swan SH.
2007. Concentrations of urinary phthalate metabolites are
associated with increased waist circumference and insulin
resistance in adult U.S. males. Environ Health Perspect
115:876-882.</mixed-citation>
         </ref>
         <ref id="d9875e1223a1310">
            <mixed-citation id="d9875e1227" publication-type="other">
Swan SH, Main KM, Liu F, Stewart SL, Kruse RL, Calafat AM,
et al. 2005. Decrease in anogenital distance among male
infants with prenatal phthalate exposure. Environ Health
Perspect 113:1056-1061.</mixed-citation>
         </ref>
         <ref id="d9875e1243a1310">
            <mixed-citation id="d9875e1247" publication-type="other">
Tanaka T. 2002. Reproductive and neurobehavioural toxicity
study of bis(2-ethylhexyl) phthalate (DEHP) administered
to mice in the diet. Food Chem Toxicol 40:1499-1506.</mixed-citation>
         </ref>
         <ref id="d9875e1260a1310">
            <mixed-citation id="d9875e1264" publication-type="other">
Tanaka T. 2003. Effects of bis(2-ethylhexyl) phthalate (DEHP) on
secondary sex ratio of mice in a cross-mating study. Food
Chem Toxicol 41:1429-1432.</mixed-citation>
         </ref>
         <ref id="d9875e1277a1310">
            <mixed-citation id="d9875e1281" publication-type="other">
Tanaka T. 2005. Reproductive and neurobehavioural effects of
bis(2-ethylhexyl) phthalate (DEHP) in a cross-mating toxic-
ity study of mice. Food Chem Toxicol 43:581-589.</mixed-citation>
         </ref>
         <ref id="d9875e1295a1310">
            <mixed-citation id="d9875e1299" publication-type="other">
'Teitelbaum SL, Britton JA, Calafat AM, Ye X, Silva MJ, Reidy JA,
et al. 2007. Temporal variability in urinary concentrations of
phthalate metabolites, phytoestrogens and phenols among
minority children in the United States. Environ Res
doi:10.1016/j.envres.2007.09.010 [Online 31 October 2007].</mixed-citation>
         </ref>
         <ref id="d9875e1318a1310">
            <mixed-citation id="d9875e1322" publication-type="other">
Tyl RW, Myers CB, Marr MC, Fail PA, Seely JC, Brine DR, et al.
2004. Reproductive toxicity evaluation of dietary butyl ben-
zyl phthalate (BBP) in rats. Reprod Toxicol 18:241-264.</mixed-citation>
         </ref>
         <ref id="d9875e1335a1310">
            <mixed-citation id="d9875e1339" publication-type="other">
van Meeuwen JA, Ter BW, Piersma AH, van den BM, Sanderson
JT. 2007. Mixture effects of estrogenic compounds on pro-
liferation and pS2 expression of MCF-7 human breast can-
cer cells. Food Chem Toxicol 45(11):2319-2330.</mixed-citation>
         </ref>
         <ref id="d9875e1355a1310">
            <mixed-citation id="d9875e1359" publication-type="other">
Wolff MS, Engel S, Berkowitz G, Teitelbaum S, Siskind J, Barr
DB, et al. 2007a. Prenatal pesticide and PCB exposures
and birth outcomes. Pediatr Res 61:243-250.</mixed-citation>
         </ref>
         <ref id="d9875e1372a1310">
            <mixed-citation id="d9875e1376" publication-type="other">
Wolff MS, Teitelbaum SL, Windham G, Pinney SM, Britton JA,
Chelimo C, et al. 2007b. Pilot study of urinary biomarkers of
phytoestrogens, phthalates, and phenols in girls. Environ
Health Perspect 115:116-121.</mixed-citation>
         </ref>
         <ref id="d9875e1392a1310">
            <mixed-citation id="d9875e1396" publication-type="other">
Ye X, KuklenyikZ, Needham LL, Calafat AM. 2005. Quantification
of urinary conjugates of bisphenol A, 2,5-dichlorophenol,
and 2-hydroxy-4-methoxybenzophenone in humans by
online solid phase extraction-high performance liquid
chromatography-tandem mass spectrometry. Anal Bioanal
Chem 383:638-644.</mixed-citation>
         </ref>
      </ref-list>
   </back>
</article>
