<article dtd-version="1.0" article-type="research-article">
   <front>
      <journal-meta>
         <journal-id xmlns:xlink="http://www.w3.org/1999/xlink" journal-id-type="jstor">envihealpers</journal-id>
         <journal-id xmlns:xlink="http://www.w3.org/1999/xlink" journal-id-type="jstor">j100482</journal-id>
         <journal-title-group xmlns:xlink="http://www.w3.org/1999/xlink">
            <journal-title>Environmental Health Perspectives</journal-title>
         </journal-title-group>
         <publisher>
            <publisher-name>National Institute of Environmental Health Sciences</publisher-name>
         </publisher>
         <issn xmlns:xlink="http://www.w3.org/1999/xlink" pub-type="ppub">00916765</issn>
      </journal-meta>
      <article-meta>
         <article-id xmlns:xlink="http://www.w3.org/1999/xlink" pub-id-type="jstor">25071049</article-id>
         <article-id pub-id-type="pub-doi">10.1289/ehp.10994</article-id>
         <article-categories>
            <subj-group>
               <subject>Research</subject>
            </subj-group>
         </article-categories>
         <title-group>
            <article-title>Microbial Risk Assessment Framework for Exposure to Amended Sludge Projects</article-title>
         </title-group>
         <contrib-group>
            <contrib>
               <string-name xmlns:xlink="http://www.w3.org/1999/xlink">
                  <given-names>Joseph N. S.</given-names>
                  <surname>Eisenberg</surname>
               </string-name>
            </contrib>
            <contrib>
               <string-name xmlns:xlink="http://www.w3.org/1999/xlink">
                  <given-names>Kelly</given-names>
                  <surname>Moore</surname>
               </string-name>
            </contrib>
            <contrib>
               <string-name xmlns:xlink="http://www.w3.org/1999/xlink">
                  <given-names>Jeffery A.</given-names>
                  <surname>Soller</surname>
               </string-name>
            </contrib>
            <contrib>
               <string-name xmlns:xlink="http://www.w3.org/1999/xlink">
                  <given-names>Don</given-names>
                  <surname>Eisenberg</surname>
               </string-name>
            </contrib>
            <contrib>
               <string-name xmlns:xlink="http://www.w3.org/1999/xlink">
                  <given-names>John M.</given-names>
                  <surname>Colford,</surname>
                  <suffix>Jr.</suffix>
               </string-name>
            </contrib>
         </contrib-group>
         <pub-date xmlns:xlink="http://www.w3.org/1999/xlink">
            <day>1</day>
            <month>6</month>
            <year>2008</year>
         </pub-date>
         <volume>116</volume>
         <issue>6</issue>
         <issue-id xmlns:xlink="http://www.w3.org/1999/xlink">i25071023</issue-id>
         <fpage>727</fpage>
         <lpage>733</lpage>
         <self-uri xmlns:xlink="http://www.w3.org/1999/xlink"
                   xlink:href="http://www.jstor.org/stable/25071049"/>
         <abstract>
            <p>Background: Although the U.S. Environmental Protection Agency has a long history of using risk-based approaches for regulatory purposes, pollutant limits for pathogens in biosolids are not currently based on quantitative risk assessments. Objectives: We developed and demonstrated a risk-based methodology for assessing the risk to human health from exposure to pathogens via biosolids. Materials: Four models were developed, incorporating direct ingestion, groundwater, and aerosol exposure pathways. Three sources of environmental data were used to estimate risk: pathogen monitoring of sludge, efficacy of sludge treatment, and pathogen monitoring of biosolids. Results: Risk estimates were obtainable even for Class A biosolids, where posttreatment monitoring data are below detectable levels, demonstrating that risk assessments for biosolids exposure are practical. Model analyses suggest that: a) a two-digester design decreases the probability of risks $&gt;10^{-4}$ compared with one-digester designs, b) risks associated with exposures to groundwater and aerosol pathways were, in general, lower than exposures to the direct ingestion pathway, and c) secondary transmission can be an important factor in risk estimation. Conclusions: The risk-based approach presented here provides a tool to a) help biosolids producers interpret the results of biosolids monitoring data in terms of its health implications, b) help treatment plant engineers evaluate the risk-based benefits of operational changes to existing or projected treatment processes, and c) help environmental managers evaluate potential capital improvements and/or land application site placement issues. Regulation of pathogens can now be based on human health risk in a manner parallel to other water-related risks.</p>
         </abstract>
         <kwd-group>
            <kwd>Environment</kwd>
            <kwd>Microbial</kwd>
            <kwd>Risk assessment</kwd>
            <kwd>Sludge</kwd>
         </kwd-group>
         <custom-meta-group xmlns:xlink="http://www.w3.org/1999/xlink">
            <custom-meta>
               <meta-name>lang</meta-name>
               <meta-value>eng</meta-value>
            </custom-meta>
         </custom-meta-group>
      </article-meta>
   </front>
   <back>
      <ref-list>
         <title>References</title>
         <ref id="d3760e283a1310">
            <mixed-citation id="d3760e287" publication-type="other">
Brooks J, Tanner B, Gerba C, Haas C, Pepper I. 2005.
Estimation of bioaerosol risk of infection to residents adja-
cent to a land applied biosolids site using an empirically
derived transport model. J Appl Microbiol 98(2):397-405.</mixed-citation>
         </ref>
         <ref id="d3760e303a1310">
            <mixed-citation id="d3760e307" publication-type="other">
Eisenberg JIMS, Moore K, Soller JA, Colford J, Eisenberg D.
2006. Application of A Dynamic Model to Assess Microbial
Health Risks Associated with Beneficial Uses of Biosolids:
Phase II. Report 98-REM-1. Alexandria, VA:Water
Environment Research Foundation.</mixed-citation>
         </ref>
         <ref id="d3760e326a1310">
            <mixed-citation id="d3760e330" publication-type="other">
Eisenberg JNS, Soller JA, Scott J, Eisenberg D, Colford J. 2004. A
dynamic model to assess microbial health risks associated
with beneficial uses of biosolids. Risk Anal 24(1):221 -236.</mixed-citation>
         </ref>
         <ref id="d3760e343a1310">
            <mixed-citation id="d3760e347" publication-type="other">
Gerba CP, Pepper IL, Whitehead LF. 2002. A risk assessment of
emerging pathogens of concern in the land application of
biosolids [Review]. Water Sci Technol 46(10):225-230.</mixed-citation>
         </ref>
         <ref id="d3760e361a1310">
            <mixed-citation id="d3760e365" publication-type="other">
Goddard MR, Bates J, Butler M. 1981. Recovery of indigenous
enteroviruses from raw and digested sewage sludges.
Appl Environ Microbiol 47(6): 1023-1028.</mixed-citation>
         </ref>
         <ref id="d3760e378a1310">
            <mixed-citation id="d3760e382" publication-type="other">
Hurst CJ. 1989. Fate of viruses during wastewater sludge treat-
ment processes. CRC Crit Rev Environ Control 18(4):317-343.</mixed-citation>
         </ref>
         <ref id="d3760e392a1310">
            <mixed-citation id="d3760e396" publication-type="other">
NRC (National Research Council). 2002. Biosolids Applied to
Land: Advancing Standards and Practices. Washington,
DC:National Academies Press.</mixed-citation>
         </ref>
         <ref id="d3760e409a1310">
            <mixed-citation id="d3760e413" publication-type="other">
Regli S, Rose JB, Haas CN, Gerba CP. 1991. Modeling the risk
from Giardia and viruses in drinking water. J Am Water
Works Assoc 83(11):76-84.</mixed-citation>
         </ref>
         <ref id="d3760e426a1310">
            <mixed-citation id="d3760e430" publication-type="other">
Shumway RH, Azari RS, Kayhanian M. 2002. Statistical
approaches to estimating mean water quality con-
centrations with detection limits. Environ Sei Technol
36(15):3345-3353.</mixed-citation>
         </ref>
         <ref id="d3760e446a1310">
            <mixed-citation id="d3760e450" publication-type="other">
Soller JA, Eisenberg JNS. 2008. An evaluation of parsimony for
microbial risk assessment models. Environmetrics
19(1):61-78.</mixed-citation>
         </ref>
         <ref id="d3760e464a1310">
            <mixed-citation id="d3760e468" publication-type="other">
Sorber CA, Moore B. 1986. Survival and Transport of
Pathogens in Sludge-Amended Soil, A Critical Literature
Review. Cooperative Agreement No CR811918-01-0.
Washington, DC:U.S. Environmental Protection Agency,
Office of Research and Development.</mixed-citation>
         </ref>
         <ref id="d3760e487a1310">
            <mixed-citation id="d3760e491" publication-type="other">
U.S. EPA. 1989. Pathogen Risk Assessment for Land
Application of Municipal Sludge. Vol I: Methodology and
Computer Model PB90-17190. Washington, DC:U.S.
Environmental Protection Agency.</mixed-citation>
         </ref>
         <ref id="d3760e507a1310">
            <mixed-citation id="d3760e511" publication-type="other">
U.S. EPA. 1991. Preliminary Risk Assessment for Bacteria in
Municipal Sewage Sludge Applied to Land. EPA/600/S6-
91/006. Washington, DC:Office of Health and Environmental
Assessment, U.S. Environmental Protection Agency.</mixed-citation>
         </ref>
         <ref id="d3760e527a1310">
            <mixed-citation id="d3760e531" publication-type="other">
U.S. EPA. 1992. Technical Support Document for Reduction of
Pathogens and Vector Attraction in Sewage Sludge. EPA
822/R-93-004. Washington, DC:Office of Health and
Environmental Assessment, U.S. Environmental Protection
Agency.</mixed-citation>
         </ref>
         <ref id="d3760e550a1310">
            <mixed-citation id="d3760e554" publication-type="other">
U.S. EPA. 1993. Standards for the Use of Disposal of Sewage
Sludge, Final Rules 40 CFR Part 257. Washington, DC:U.S.
Environmental Protection Agency.</mixed-citation>
         </ref>
         <ref id="d3760e567a1310">
            <mixed-citation id="d3760e571" publication-type="other">
U.S. EPA. 1995. A Guide to the Biosolids Risk Assessment for
the EPA Part 503 Rule EPA/832-B-93-005. Washington,
DC:U.S. Environmental Protection Agency.</mixed-citation>
         </ref>
      </ref-list>
   </back>
</article>
