<article dtd-version="1.0" article-type="research-article">
   <front>
      <journal-meta>
         <journal-id xmlns:xlink="http://www.w3.org/1999/xlink" journal-id-type="jstor">envihealpers</journal-id>
         <journal-id xmlns:xlink="http://www.w3.org/1999/xlink" journal-id-type="jstor">j100482</journal-id>
         <journal-title-group xmlns:xlink="http://www.w3.org/1999/xlink">
            <journal-title>Environmental Health Perspectives</journal-title>
         </journal-title-group>
         <publisher>
            <publisher-name>National Institute of Environmental Health Sciences</publisher-name>
         </publisher>
         <issn xmlns:xlink="http://www.w3.org/1999/xlink" pub-type="ppub">00916765</issn>
      </journal-meta>
      <article-meta>
         <article-id xmlns:xlink="http://www.w3.org/1999/xlink" pub-id-type="jstor">25071046</article-id>
         <article-id pub-id-type="pub-doi">10.1289/ehp.11016</article-id>
         <article-categories>
            <subj-group>
               <subject>Research</subject>
            </subj-group>
         </article-categories>
         <title-group>
            <article-title>Exposure to Concentrated Ambient Particles Does Not Affect Vascular Function in Patients with Coronary Heart Disease</article-title>
         </title-group>
         <contrib-group>
            <contrib>
               <string-name xmlns:xlink="http://www.w3.org/1999/xlink">
                  <given-names>Nicholas L.</given-names>
                  <surname>Mills</surname>
               </string-name>
            </contrib>
            <contrib>
               <string-name xmlns:xlink="http://www.w3.org/1999/xlink">
                  <given-names>Simon D.</given-names>
                  <surname>Robinson</surname>
               </string-name>
            </contrib>
            <contrib>
               <string-name xmlns:xlink="http://www.w3.org/1999/xlink">
                  <given-names>Paul H. B.</given-names>
                  <surname>Fokkens</surname>
               </string-name>
            </contrib>
            <contrib>
               <string-name xmlns:xlink="http://www.w3.org/1999/xlink">
                  <given-names>Daan L. A. C.</given-names>
                  <surname>Leseman</surname>
               </string-name>
            </contrib>
            <contrib>
               <string-name xmlns:xlink="http://www.w3.org/1999/xlink">
                  <given-names>Mark R.</given-names>
                  <surname>Miller</surname>
               </string-name>
            </contrib>
            <contrib>
               <string-name xmlns:xlink="http://www.w3.org/1999/xlink">
                  <given-names>David</given-names>
                  <surname>Anderson</surname>
               </string-name>
            </contrib>
            <contrib>
               <string-name xmlns:xlink="http://www.w3.org/1999/xlink">
                  <given-names>Evelyn J.</given-names>
                  <surname>Freney</surname>
               </string-name>
            </contrib>
            <contrib>
               <string-name xmlns:xlink="http://www.w3.org/1999/xlink">
                  <given-names>Mathew R.</given-names>
                  <surname>Heal</surname>
               </string-name>
            </contrib>
            <contrib>
               <string-name xmlns:xlink="http://www.w3.org/1999/xlink">
                  <given-names>Robert J.</given-names>
                  <surname>Donovan</surname>
               </string-name>
            </contrib>
            <contrib>
               <string-name xmlns:xlink="http://www.w3.org/1999/xlink">
                  <given-names>Anders</given-names>
                  <surname>Blomberg</surname>
               </string-name>
            </contrib>
            <contrib>
               <string-name xmlns:xlink="http://www.w3.org/1999/xlink">
                  <given-names>Thomas</given-names>
                  <surname>Sandström</surname>
               </string-name>
            </contrib>
            <contrib>
               <string-name xmlns:xlink="http://www.w3.org/1999/xlink">
                  <given-names>William</given-names>
                  <surname>MacNee</surname>
               </string-name>
            </contrib>
            <contrib>
               <string-name xmlns:xlink="http://www.w3.org/1999/xlink">
                  <given-names>Nicholas A.</given-names>
                  <surname>Boon</surname>
               </string-name>
            </contrib>
            <contrib>
               <string-name xmlns:xlink="http://www.w3.org/1999/xlink">
                  <given-names>Ken</given-names>
                  <surname>Donaldson</surname>
               </string-name>
            </contrib>
            <contrib>
               <string-name xmlns:xlink="http://www.w3.org/1999/xlink">
                  <given-names>David E.</given-names>
                  <surname>Newby</surname>
               </string-name>
            </contrib>
            <contrib>
               <string-name xmlns:xlink="http://www.w3.org/1999/xlink">
                  <given-names>Flemming R.</given-names>
                  <surname>Cassee</surname>
               </string-name>
            </contrib>
         </contrib-group>
         <pub-date xmlns:xlink="http://www.w3.org/1999/xlink">
            <day>1</day>
            <month>6</month>
            <year>2008</year>
         </pub-date>
         <volume>116</volume>
         <issue>6</issue>
         <issue-id xmlns:xlink="http://www.w3.org/1999/xlink">i25071023</issue-id>
         <fpage>709</fpage>
         <lpage>715</lpage>
         <self-uri xmlns:xlink="http://www.w3.org/1999/xlink"
                   xlink:href="http://www.jstor.org/stable/25071046"/>
         <abstract>
            <p>Background: Exposure to fine particulate air pollution is associated with increased cardiovascular morbidity and mortality. We previously demonstrated that exposure to dilute diesel exhaust causes vascular dysfunction in humans. Objectives: We conducted a study to determine whether exposure to ambient particulate matter causes vascular dysfunction. Methods: Twelve male patients with stable coronary heart disease and 12 age-matched volunteers were exposed to concentrated ambient fine and ultrafine particles (CAPs) or filtered air for 2 hr using a randomized, double-blind cross-over study design. We measured peripheral vascular vasomotor and fibrinolytic function, and inflammatory variables-including circulating leukocytes, serum C-reactive protein, and exhaled breath 8-isoprostane and nitrotyrosine-6-8 hr after both exposures. Results: Particulate concentrations (mean ± SE) in the exposure chamber &lt;tex-math&gt;$(190\pm 37\ \mu {\rm g}/{\rm m}^{3})$&lt;/tex-math&gt; were higher than ambient levels &lt;tex-math&gt;$(31\pm 8\ \mu {\rm g}/{\rm m}^{3})$&lt;/tex-math&gt; and levels in filtered air &lt;tex-math&gt;$(0.5\pm 0.4\ \mu {\rm g}/{\rm m}^{3};p&lt;0.001)$&lt;/tex-math&gt;. Chemical analysis of CAPs identified low levels of elemental carbon. Exhaled breath 8-isoprostane concentrations increased after exposure to CAPs (16.9 ± 8.5 vs. 4.9 ± 1.2 pg/mL, p &lt; 0.05), but markers of systemic inflammation were largely unchanged. Although there was a dose-dependent increase in blood flow and plasma tissue plasminogen activator release (p &lt; 0.001 for all), CAPs exposure had no effect on vascular function in either group. Conclusions: Despite achieving marked increases in particulate matter, exposure to CAPs-low in combustion-derived particles-did not affect vasomotor or fibrinolytic function in either middle-aged healthy volunteers or patients with coronary heart disease. These findings contrast with previous exposures to dilute diesel exhaust and highlight the importance of particle composition in determining the vascular effects of particulate matter in humans.</p>
         </abstract>
         <kwd-group>
            <kwd>Air pollution</kwd>
            <kwd>Blood flow</kwd>
            <kwd>Endothelium</kwd>
            <kwd>Fibrinolysis</kwd>
            <kwd>Inflammation</kwd>
         </kwd-group>
         <custom-meta-group xmlns:xlink="http://www.w3.org/1999/xlink">
            <custom-meta>
               <meta-name>lang</meta-name>
               <meta-value>eng</meta-value>
            </custom-meta>
         </custom-meta-group>
      </article-meta>
   </front>
   <back>
      <ref-list>
         <title>References</title>
         <ref id="d3578e365a1310">
            <mixed-citation id="d3578e369" publication-type="other">
Anderson HR, Deleon AP, Bland JM, Bower JS, Strachan DP.
1996. Air-pollution and daily mortality in London 1987-92.
BMJ 312:665-669.</mixed-citation>
         </ref>
         <ref id="d3578e382a1310">
            <mixed-citation id="d3578e386" publication-type="other">
Behndig AF, Mudway IS, Brown JL, Stentors N, Helleday R,
Duggan ST, et al. 2006. Airway antioxidant and inflammatory
responses to diesel exhaust exposure in healthy humans.
Eur Respir J 27(2):359-365.</mixed-citation>
         </ref>
         <ref id="d3578e402a1310">
            <mixed-citation id="d3578e406" publication-type="other">
Brook RD, Brook JR, Urch B, Vincent R, Rajagopalan S,
Silverman F. 2002. Inhalation of fine particulate air pollution
and ozone causes acute arterial vasoconstriction in healthy
adults. Circulation 105(13): 1534-1536.</mixed-citation>
         </ref>
         <ref id="d3578e422a1310">
            <mixed-citation id="d3578e426" publication-type="other">
Bruce RA. 1971. Exercise testing of patients with coronary
artery disease. Ann Clin Res 3:323-332.</mixed-citation>
         </ref>
         <ref id="d3578e437a1310">
            <mixed-citation id="d3578e441" publication-type="other">
Brunekreef B, Holgate ST. 2002. Air pollution and health.
Lancet 360(9341):1233-1242.</mixed-citation>
         </ref>
         <ref id="d3578e451a1310">
            <mixed-citation id="d3578e455" publication-type="other">
Campeau L. 1976. Grading of angina pectoris. Circulation
52:522-523.</mixed-citation>
         </ref>
         <ref id="d3578e465a1310">
            <mixed-citation id="d3578e469" publication-type="other">
Cassee FR, Boere AJ, Bos J, Fokkens PH, Dormans JA,
van Loveren H. 2002. Effects of diesel exhaust enriched con-
centrated PM2.5 in ozone preexposed or monocrotaline-
treated rats. InhalToxicol 14(7):721-743.</mixed-citation>
         </ref>
         <ref id="d3578e485a1310">
            <mixed-citation id="d3578e489" publication-type="other">
Cassee FR, Boere AJ, Fokkens PH, Leseman DL, Sioutas C,
Kooter IM, et al. 2005. Inhalation of concentrated particu-
late matter produces pulmonary inflammation and sys-
temic biological effects in compromised rats. J Toxicol
Environ Health A 68(10):773-796.</mixed-citation>
         </ref>
         <ref id="d3578e508a1310">
            <mixed-citation id="d3578e512" publication-type="other">
Devlin RB, Ghio AJ, Kehrl H, Sanders G, Cascio W. 2003. Elderly
humans exposed to concentrated air pollution particles
have decreased heart rate variability. Eur Respir J
21(40 suppl):76S-80S.</mixed-citation>
         </ref>
         <ref id="d3578e528a1310">
            <mixed-citation id="d3578e532" publication-type="other">
Dockery DW, Pope CA III, Xu XP, Spengler JD, Ware JH, Fay ME,
et al. 1993. An association between air-pollution and mortal-
ity in 6 U.S. cities. N Engl J Med 329:1753-1759.</mixed-citation>
         </ref>
         <ref id="d3578e546a1310">
            <mixed-citation id="d3578e550" publication-type="other">
Donaldson K, Mills N, MacNee W, Robinson S, Newby D. 2005a.
Role of inflammation in cardiopulmonary health effects of
PM. Toxicol Appl Pharmacol 207(suppl 1):483-488.</mixed-citation>
         </ref>
         <ref id="d3578e563a1310">
            <mixed-citation id="d3578e567" publication-type="other">
Donaldson K, Tran L, Jimenez LA, Duffin R, Newby DE, Mills N,
et al. 2005b. Combustion-derived nanoparticles: a review
of their toxicology following inhalation exposure. Part
Fibre Toxicol 2:10:10; doi:10.1186/1743-8977-2-10 [Online
21 October 2005].</mixed-citation>
         </ref>
         <ref id="d3578e586a1310">
            <mixed-citation id="d3578e590" publication-type="other">
Duffin R, Tran L, Brown D, Stone V, Donaldson K. 2007.
Proinflammogenic effects of low-toxicity and metal nano-
particles in vivo and in vitro: highlighting the role of particle
surface area and surface reactivity. Inhal Toxicol
19(10):849-856.</mixed-citation>
         </ref>
         <ref id="d3578e609a1310">
            <mixed-citation id="d3578e613" publication-type="other">
Elder AC, Gelein R, Azadniv M, Frampton M, Finkelstein J,
Oberdorster G. 2004. Systemic effects of inhaled ultrafine
particles in two compromised, aged rat strains. Inhal
Toxicol 16(6-7):461-471.</mixed-citation>
         </ref>
         <ref id="d3578e629a1310">
            <mixed-citation id="d3578e633" publication-type="other">
Frampton MW, Stewart JC, Oberdorster G, Morrow PE,
Chalupa D, Pietropaoli AP, et al. 2006. Inhalation of ultrafine
particles alters blood leukocyte expression of adhesion
molecules in humans. Environ Health Perspect 114:51-58.</mixed-citation>
         </ref>
         <ref id="d3578e649a1310">
            <mixed-citation id="d3578e653" publication-type="other">
Freney EJ, Heal MR, Donovan RJ, Mills NL, Donaldson K,
Newby DE, et al. 2006. A single-particle characterization of
a mobile Versatile Aerosol Concentration Enrichment
System for exposure studies. Part Fibre Toxicol 3:8;
doi:10.1186/1743-8977-3-8 [Online 24 May 2005].</mixed-citation>
         </ref>
         <ref id="d3578e673a1310">
            <mixed-citation id="d3578e677" publication-type="other">
Fuster V, Badimon L, Badimon JJ, Chesebro JH. 1992. The
pathogenesis of coronary artery disease and the acute
coronary syndromes. N Engl J Med 326(4):242-250.</mixed-citation>
         </ref>
         <ref id="d3578e690a1310">
            <mixed-citation id="d3578e694" publication-type="other">
Geller MD, Sardar SB, Phuleria H, Fine PM, Sioutas C. 2005.
Measurements of particle number and mass concentra-
tions and size distributions in a tunnel environment.
Environ Sci Technol 39(22):8653-8663.</mixed-citation>
         </ref>
         <ref id="d3578e710a1310">
            <mixed-citation id="d3578e714" publication-type="other">
Ghio AJ, Kim C, Devlin RB. 2000. Concentrated ambient air parti-
cles induce mild pulmonary inflammation in healthy human
volunteers. Am J Respir Crit Care Med 162(3):981-988.</mixed-citation>
         </ref>
         <ref id="d3578e727a1310">
            <mixed-citation id="d3578e731" publication-type="other">
Gong H Jr, Linn WS, Sioutas C, Terrell SL, Clark KW, Anderson
KR, et al. 2003. Controlled exposures of healthy and asth-
matic volunteers to concentrated ambient fine particles in
Los Angeles. Inhal Toxicol 15(4):305-325.</mixed-citation>
         </ref>
         <ref id="d3578e747a1310">
            <mixed-citation id="d3578e751" publication-type="other">
Harding SA, Sarma J, Josephs DH, Cruden NL, Din JN, Twomey
PJ, et al. 2004. Upregulation of the CD40/CD40 ligand dyad
and platelet-monocyte aggregation in cigarette smokers.
Circulation 109(16): 1926-1929.</mixed-citation>
         </ref>
         <ref id="d3578e767a1310">
            <mixed-citation id="d3578e771" publication-type="other">
Heitzer T, Schlinzig T, Krohn K, Meinertz T, Munzel T. 2001.
Endothelial dysfunction, oxidative stress, and risk of cardio-
vascular events in patients with coronary artery disease.
Circulation 104(22):2673-2678.</mixed-citation>
         </ref>
         <ref id="d3578e788a1310">
            <mixed-citation id="d3578e792" publication-type="other">
Kim S, Jaques PA, Chang MC, Froines JR, Sioutas C. 2001.
Versatile Aerosol Concentration Enrichment System
(VACES) for simultaneous in vivo and in vitro evaluation of
toxic effects of ultrafine, fine and coarse ambient particles.
Part I: Development and laboratory characterization.
J Aerosol Sci 32:1281-1297.</mixed-citation>
         </ref>
         <ref id="d3578e815a1310">
            <mixed-citation id="d3578e819" publication-type="other">
Lanki T, de Hartog JJ, Heinrich J, Hoek G, Janssen NA, Peters A,
et al. 2006. Can we identify sources of fine particles respon-
sible for exercise-induced ischemia on days with elevated
air pollution? The ULTRA study. Environ Health Perspect
114:655-660.</mixed-citation>
         </ref>
         <ref id="d3578e838a1310">
            <mixed-citation id="d3578e842" publication-type="other">
Manning AJ RD, Derwent RG, Simmonds PG, O'Doherty S. 2003.
Estimating European emissions of ozone-depleting and
greenhouse gases using observations and a modeling
back-attribution technique. J Geophys Res 108:4405;
doi:10.1029/2002JD002312.</mixed-citation>
         </ref>
         <ref id="d3578e861a1310">
            <mixed-citation id="d3578e865" publication-type="other">
Mills NL, Tornqvist H, Gonzalez MC, Vink E, Robinson SD,
Soderberg S, et al. 2007. Ischemic and thrombotic effects
of dilute diesel-exhaust inhalation in men with coronary
heart disease. N Engl J Med 357:1075-1082.</mixed-citation>
         </ref>
         <ref id="d3578e881a1310">
            <mixed-citation id="d3578e885" publication-type="other">
Mills NL, Tornqvist H, Robinson SD, Gonzalez M, Darnley K,
MacNee W, et al. 2005. Diesel exhaust inhalation causes
vascular dysfunction and impaired endogenous fibrinolysis.
Circulation 112(25):3930-3936.</mixed-citation>
         </ref>
         <ref id="d3578e901a1310">
            <mixed-citation id="d3578e905" publication-type="other">
Ministry of Health. 1954. Mortality and Morbidity during the
London Fog of December 1952. London:HMSO.</mixed-citation>
         </ref>
         <ref id="d3578e916a1310">
            <mixed-citation id="d3578e920" publication-type="other">
Montuschi P, Corradi M, Ciabattoni G, Nightingale J,
Kharitonov SA, Barnes PJ. 1999. Increased 8-isoprostane,
a marker of oxidative stress, in exhaled condensate of
asthma patients. Am J Respir Crit Care Med 160(1):216-220.</mixed-citation>
         </ref>
         <ref id="d3578e936a1310">
            <mixed-citation id="d3578e940" publication-type="other">
Nemmar A, Nemery B, Hoet PHM, Vermylen J, Hoylaerts MF.
2003. Pulmonary inflammation and thrombogenicity
caused by diesel particles in hamsters: role of histamine.
Am J Respir Crit Care Med 168(11): 1366-1372.</mixed-citation>
         </ref>
         <ref id="d3578e956a1310">
            <mixed-citation id="d3578e960" publication-type="other">
Newby DE, Wright RA, Labinjoh C, Ludlam CA, Fox KA,
Boon NA, et al. 1999. Endothelial dysfunction, impaired
endogenous fibrinolysis, and cigarette smoking: a mecha-
nism for arterial thrombosis and myocardial infarction.
Circulation 99(11):1411-1415.</mixed-citation>
         </ref>
         <ref id="d3578e979a1310">
            <mixed-citation id="d3578e983" publication-type="other">
Newby DE, Wright RA, Ludlam CA, Fox KA, Boon NA, Webb DJ.
1997. An in vivo model for the assessment of acute fibrino-
lytic capacity of the endothelium. Thromb Haemost
78(4):1242-1248.</mixed-citation>
         </ref>
         <ref id="d3578e999a1310">
            <mixed-citation id="d3578e1003" publication-type="other">
Oberdorster G, Oberdorster E, Oberdorster J. 2005.
Nanotoxicology: an emerging discipline evolving from
studies of ultrafine particles. Environ Health Perspect
113:823-839.</mixed-citation>
         </ref>
         <ref id="d3578e1019a1310">
            <mixed-citation id="d3578e1023" publication-type="other">
Oliver JJ, Webb DJ, Newby DE. 2005. Stimulated tissue
plasminogen activator release as a marker of endothelial
function in humans. Arterioscler Thromb Vase Biol
25(12):2470-2479.</mixed-citation>
         </ref>
         <ref id="d3578e1040a1310">
            <mixed-citation id="d3578e1046" publication-type="other">
Pekkanen J, Brunner EJ, Anderson HR, Tiittanen P,
Atkinson RW. 2000. Daily concentrations of air pollution
and plasma fibrinogen in London. Occup Environ Med
57(12):818-822.</mixed-citation>
         </ref>
         <ref id="d3578e1062a1310">
            <mixed-citation id="d3578e1066" publication-type="other">
Pekkanen J, Peters A, Hoek G, Tiittanen P, Brunekreef B,
de Hartog J, et al. 2002. Particulate air pollution and risk of
ST-segment depression during repeated submaximal exer-
cise tests among subjects with coronary heart disease: the
Exposure and Risk Assessment for Fine and Ultrafine
Particles in Ambient Air (ULTRA) study. Circulation
106(8):933-938.</mixed-citation>
         </ref>
         <ref id="d3578e1092a1310">
            <mixed-citation id="d3578e1096" publication-type="other">
Peters A, Dockery DW, Muller JE, Mittleman MA. 2001a.
Increased particulate air pollution and the triggering of
myocardial infarction. Circulation 103:2810-2815.</mixed-citation>
         </ref>
         <ref id="d3578e1109a1310">
            <mixed-citation id="d3578e1113" publication-type="other">
Peters A, Doring A, Wichmann HE, Koenig W. 1997. Increased
plasma viscosity during an air pollution episode: a link to
mortality? Lancet 349:1582-1587.</mixed-citation>
         </ref>
         <ref id="d3578e1126a1310">
            <mixed-citation id="d3578e1130" publication-type="other">
Peters A, Frohlich M, Doring A, Immervoll T, Wichmann HE,
Hutchinson WL, et al. 2001b. Particulate air pollution is asso-
ciated with an acute phase response in men; results from
the MONICA-Augsburg Study. Eur Heart J 22(14):1198-1204.</mixed-citation>
         </ref>
         <ref id="d3578e1146a1310">
            <mixed-citation id="d3578e1150" publication-type="other">
Pope CA III. 2000. Epidemiology of fine particulate air pollution
and human health: biologic mechanisms and who's at risk?
Environ Health Perspect 108(suppl 4):713-723).</mixed-citation>
         </ref>
         <ref id="d3578e1164a1310">
            <mixed-citation id="d3578e1168" publication-type="other">
Pope CA, Burnett RT, Thun MJ, Calle EE, Krewski D, Ito K, et al.
2002. Lung cancer, cardiopulmonary mortality, and long-
term exposure to fine particulate air pollution. JAMA
287(9):1132-1141.</mixed-citation>
         </ref>
         <ref id="d3578e1184a1310">
            <mixed-citation id="d3578e1188" publication-type="other">
Ridker PM, Cushman M, Stampfer MJ, Tracy RP,
Hennekens CH. 1997. Inflammation, aspirin, and the risk of
cardiovascular disease in apparently healthy men. N Engl
J Med 336:973-979.</mixed-citation>
         </ref>
         <ref id="d3578e1204a1310">
            <mixed-citation id="d3578e1208" publication-type="other">
Robinson SD, Ludlam CA, Boon NA, Newby DE. 2007.
Endothelial fibrinolytic capacity predicts future adverse
cardiovascular events in patients with coronary heart
disease. Arterioscler Thromb Vase Biol 27(7):1651-1656.</mixed-citation>
         </ref>
         <ref id="d3578e1224a1310">
            <mixed-citation id="d3578e1228" publication-type="other">
Salvi S, Blomberg A, Rudell B, Kelly F, Sandstrom T,
Holgate ST, et al. 1999. Acute inflammatory responses in
the airways and peripheral blood after short-term expo-
sure to diesel exhaust in healthy human volunteers. Am J
Respir Crit Care Med 159(3):702-709.</mixed-citation>
         </ref>
         <ref id="d3578e1247a1310">
            <mixed-citation id="d3578e1251" publication-type="other">
Sarma J, Laan CA, Alam S, Jha A, Fox KAA, Dransfield I. 2002.
Increased platelet binding to circulating monocytes in
acute coronary syndromes. Circulation 105(18):2166-2171.</mixed-citation>
         </ref>
         <ref id="d3578e1264a1310">
            <mixed-citation id="d3578e1268" publication-type="other">
Schwartz J. 2001. Air pollution and blood markers of cardio-
vascular risk. Environ Health Perspect 109(suppl 3):405-409.</mixed-citation>
         </ref>
         <ref id="d3578e1279a1310">
            <mixed-citation id="d3578e1283" publication-type="other">
Seaton A, Soutar CA, Crawford V, Elton R, McNerlan S, Cherrie J,
et al. 1999. Particulate air pollution and the blood. Thorax
54(11):1027-1032.</mixed-citation>
         </ref>
         <ref id="d3578e1296a1310">
            <mixed-citation id="d3578e1300" publication-type="other">
Sioutas C, Koutrakis P, Burton RM. 1995. A technique to expose
animals to concentrated fine ambient aerosols. Environ
Health Perspect 103:172-177.</mixed-citation>
         </ref>
         <ref id="d3578e1313a1310">
            <mixed-citation id="d3578e1317" publication-type="other">
Sioutas C, Koutrakis P, Godleski JJ, Ferguson ST, Kim CS,
Burton RM. 1997. Fine particle concentrators for inhalation
exposures—effect of particle size and composition.
J Aerosol Sci 28:1057-1071.</mixed-citation>
         </ref>
         <ref id="d3578e1333a1310">
            <mixed-citation id="d3578e1337" publication-type="other">
Stone PH. 2004. Triggering myocardial infarction. N Engl J Med
351(17):1716-1718.</mixed-citation>
         </ref>
         <ref id="d3578e1347a1310">
            <mixed-citation id="d3578e1351" publication-type="other">
Toner SM, Sodeman DA, Prather KA. 2006. Single particle char-
acterization of ultrafine and accumulation mode particles
from heavy duty diesel vehicles using aerosol time-of-flight
mass spectrometry. Environ Sci Technol 40(12):3912-3921.</mixed-citation>
         </ref>
         <ref id="d3578e1367a1310">
            <mixed-citation id="d3578e1371" publication-type="other">
Tornqvist H, Mills NL, Gonzalez M, Miller MR, Robinson SD,
Megson IL, et al. 2007. Persistent endothelial dysfunction
in humans after diesel exhaust inhalation. Am J Respir Crit
Care Med 176(4):395-400.</mixed-citation>
         </ref>
         <ref id="d3578e1388a1310">
            <mixed-citation id="d3578e1392" publication-type="other">
Urch B, Silverman F, Corey P, Brook JR, Lukic KZ, Rajagopalan S,
et al. 2005. Acute blood pressure responses in healthy
adults during controlled air pollution exposures. Environ
Health Perspect 113:1052-1055.</mixed-citation>
         </ref>
         <ref id="d3578e1408a1310">
            <mixed-citation id="d3578e1412" publication-type="other">
U.S. EPA (Environmental Protection Agency). 2008. National
Ambient Air Quality Standards. Available: http://www.epa.
gov/air/criteria.html [accessed 18 April 2008].</mixed-citation>
         </ref>
         <ref id="d3578e1425a1310">
            <mixed-citation id="d3578e1429" publication-type="other">
Warheit DB, Webb TR, Reed KL, Frerichs S, Sayes CM. 2007.
Pulmonary toxicity study in rats with three forms of ultra-
fine-Ti02 particles: differential responses related to surface
properties. Toxicology 230(1):90-104.</mixed-citation>
         </ref>
         <ref id="d3578e1445a1310">
            <mixed-citation id="d3578e1449" publication-type="other">
World Medical Association. 2000. Declaration of Helsinki.
Available: http://www.wma.net/e/policy/b3.htm [accessed
17 April 2008].</mixed-citation>
         </ref>
      </ref-list>
   </back>
</article>
