<article dtd-version="1.0" article-type="research-article">
   <front>
      <journal-meta>
         <journal-id xmlns:xlink="http://www.w3.org/1999/xlink" journal-id-type="jstor">envihealpers</journal-id>
         <journal-id xmlns:xlink="http://www.w3.org/1999/xlink" journal-id-type="jstor">j100482</journal-id>
         <journal-title-group xmlns:xlink="http://www.w3.org/1999/xlink">
            <journal-title>Environmental Health Perspectives</journal-title>
         </journal-title-group>
         <publisher>
            <publisher-name>National Institute of Environmental Health Sciences</publisher-name>
         </publisher>
         <issn xmlns:xlink="http://www.w3.org/1999/xlink" pub-type="ppub">00916765</issn>
      </journal-meta>
      <article-meta>
         <article-id xmlns:xlink="http://www.w3.org/1999/xlink" pub-id-type="jstor">25071180</article-id>
         <article-id pub-id-type="pub-doi">10.1289/ehp.11451</article-id>
         <article-categories>
            <subj-group>
               <subject>Research</subject>
            </subj-group>
         </article-categories>
         <title-group>
            <article-title>Exposure of Neonatal Rats to Parathion Elicits Sex-Selective Impairment of Acetylcholine Systems in Brain Regions during Adolescence and Adulthood</article-title>
         </title-group>
         <contrib-group>
            <contrib>
               <string-name xmlns:xlink="http://www.w3.org/1999/xlink">
                  <given-names>Theodore A.</given-names>
                  <surname>Slotkin</surname>
               </string-name>
            </contrib>
            <contrib>
               <string-name xmlns:xlink="http://www.w3.org/1999/xlink">
                  <given-names>Bethany E.</given-names>
                  <surname>Bodwell</surname>
               </string-name>
            </contrib>
            <contrib>
               <string-name xmlns:xlink="http://www.w3.org/1999/xlink">
                  <given-names>Ian T.</given-names>
                  <surname>Ryde</surname>
               </string-name>
            </contrib>
            <contrib>
               <string-name xmlns:xlink="http://www.w3.org/1999/xlink">
                  <given-names>Edward D.</given-names>
                  <surname>Levin</surname>
               </string-name>
            </contrib>
            <contrib>
               <string-name xmlns:xlink="http://www.w3.org/1999/xlink">
                  <given-names>Frederic J.</given-names>
                  <surname>Seidler</surname>
               </string-name>
            </contrib>
         </contrib-group>
         <pub-date xmlns:xlink="http://www.w3.org/1999/xlink">
            <day>1</day>
            <month>10</month>
            <year>2008</year>
         </pub-date>
         <volume>116</volume>
         <issue>10</issue>
         <issue-id xmlns:xlink="http://www.w3.org/1999/xlink">i25071156</issue-id>
         <fpage>1308</fpage>
         <lpage>1314</lpage>
         <self-uri xmlns:xlink="http://www.w3.org/1999/xlink"
                   xlink:href="http://www.jstor.org/stable/25071180"/>
         <abstract>
            <p>Background: Organophosphates elicit developmental neurotoxicity through multiple mechanisms other than their shared property as cholinesterase inhibitors. Accordingly, these agents may differ in their effects on specific brain circuits. Objectives: We gave parathion to neonatal rats [postnatal days (PNDs) 1-4], at daily doses of 0.1 or 0.2 mg/kg, spanning the threshold for barely detectable cholinesterase inhibition and systemic effects. Methods: We assessed neurochemical indices related to the function of acetylcholine (ACh) synapses (choline acetyltransferase, presynaptic high-affinity choline transporter, nicotinic cholinergic receptors) in brain regions comprising all the major ACh projections, with determinations carried out from adolescence to adulthood (PNDs 30, 60, and 100). Results: Parathion exposure elicited lasting alterations in ACh markers in the frontal/parietal cortex, temporal/occipital cortex, midbrain, hippocampus, and striatum. In cerebrocortical areas, midbrain, and hippocampus, effects in males were generally greater than in females, whereas in the striatum, females were targeted preferentially. Superimposed on this general pattern, the cerebrocortical effects showed a nonmonotonic dose-response relationship, with regression of the defects at the higher parathion dose; this relationship has been seen also after comparable treatments with chlorpyrifos and diazinon and likely represents the involvement of cholinesterase-related actions that mask or offset the effects of lower doses. Conclusions: Neonatal exposure to parathion, at doses straddling the threshold for cholinesterase inhibition, compromises indices of ACh synaptic function in adolescence and adulthood. Differences between the effects of parathion compared with chlorpyrifos or diazinon and the non-monotonic dose-effect relationships reinforce the conclusion that various organophosphates diverge in their effects on neurodevelopment, unrelated to their anticholinesterase actions.</p>
         </abstract>
         <kwd-group>
            <kwd>Acetylcholine</kwd>
            <kwd>Brain development</kwd>
            <kwd>Organophosphate insecticides</kwd>
            <kwd>Parathion</kwd>
         </kwd-group>
         <custom-meta-group xmlns:xlink="http://www.w3.org/1999/xlink">
            <custom-meta>
               <meta-name>lang</meta-name>
               <meta-value>eng</meta-value>
            </custom-meta>
         </custom-meta-group>
      </article-meta>
   </front>
   <back>
      <ref-list>
         <title>References</title>
         <ref id="d8064e231a1310">
            <mixed-citation id="d8064e235" publication-type="other">
Aldridge JE, Levin ED, Seidler FJ, Slotkin TA. 2005.
Developmental exposure of rats to chlorpyrifos leads to
behavioral alterations in adulthood, involving serotonergic
mechanisms and resembling animal models of depression.
Environ Health Perspect 113:527-531.</mixed-citation>
         </ref>
         <ref id="d8064e254a1310">
            <mixed-citation id="d8064e258" publication-type="other">
Aldridge JE, Seidler FJ, Slotkin TA. 2004. Developmental
exposure to chlorpyrifos elicits sex-selective alterations of
serotonergic synaptic function in adulthood: critical periods
and regional selectivity for effects on the serotonin trans-
porter, receptor subtypes, and cell signaling. Environ Health
Perspect 112:148-155.</mixed-citation>
         </ref>
         <ref id="d8064e281a1310">
            <mixed-citation id="d8064e285" publication-type="other">
Amateau SK, McCarthy MM. 2002. A novel mechanism of den-
dritic spine plasticity involving estradiol induction of
prostaglandin-E2. J Neurosci 22:8586-8596.</mixed-citation>
         </ref>
         <ref id="d8064e298a1310">
            <mixed-citation id="d8064e302" publication-type="other">
Buisson B, Bertrand D. 2001. Chronic exposure to nicotine
upregulates the human α4α2 nicotinic acetylcholine
receptor function. J Neurosci 21:1819-1829.</mixed-citation>
         </ref>
         <ref id="d8064e316a1310">
            <mixed-citation id="d8064e320" publication-type="other">
Buisson B, Bertrand D. 2002. Nicotine addiction: the possible
role of functional upregulation. Trends Pharmacol Sci
23:130-136.</mixed-citation>
         </ref>
         <ref id="d8064e333a1310">
            <mixed-citation id="d8064e337" publication-type="other">
Chanda SM, Pope CN. 1996. Neurochemical and neurobehavioral
effects of repeated gestational exposure to chlorpyrifos in
maternal and developing rats. Pharmacol Biochem Behav
53:771-776.</mixed-citation>
         </ref>
         <ref id="d8064e353a1310">
            <mixed-citation id="d8064e357" publication-type="other">
Dam K, Garcia SJ, Seidler FJ, Slotkin TA. 1999. Neonatal chlor-
pyrifos exposure alters synaptic development and neuronal
activity in cholinergic and catecholaminergic pathways.
Dev Brain Res 116:9-20.</mixed-citation>
         </ref>
         <ref id="d8064e373a1310">
            <mixed-citation id="d8064e377" publication-type="other">
Dam K, Seidler FJ, Slotkin TA. 2000. Chlorpyrifos exposure dur-
ing a critical neonatal period elicits gender-selective
deficits in the development of coordination skills and loco-
motor activity. Dev Brain Res 121:179-187.</mixed-citation>
         </ref>
         <ref id="d8064e393a1310">
            <mixed-citation id="d8064e397" publication-type="other">
Dani JA, De Biasi M. 2001. Cellular mechanisms of nicotine
addiction. Pharmacol Biochem Behav 70:439-446.</mixed-citation>
         </ref>
         <ref id="d8064e407a1310">
            <mixed-citation id="d8064e411" publication-type="other">
Eskenazi B, Marks AR, Bradman A, Harley K, Barr DB, Johnson C,
et al. 2007. Organophosphate pesticide exposure and neuro-
development in young Mexican-American children. Environ
Health Perspect 115:792-798.</mixed-citation>
         </ref>
         <ref id="d8064e428a1310">
            <mixed-citation id="d8064e432" publication-type="other">
Fenster CP, Whitworth TL, Sheffield EB, Quick MW, Lester RAJ.
1999. Upregulation of surface α4 β2 nicotinic receptors is
initiated by receptor desensitization after chronic expo-
sure to nicotine. J Neurosci 19:4804-4814.</mixed-citation>
         </ref>
         <ref id="d8064e448a1310">
            <mixed-citation id="d8064e452" publication-type="other">
Flores CM, Rogers SW, Pabreza LÁ, Wolfe BB, Kellar KJ. 1992.
A subtype of nicotinic cholinergic receptor in rat brain is
composed of α4 and β2 subunits and is upregulated by
chronic nicotine treatment. Mol Pharmacol 41:31-37.</mixed-citation>
         </ref>
         <ref id="d8064e468a1310">
            <mixed-citation id="d8064e472" publication-type="other">
Guo-Ross SX, Chambers JE, Meek EC, Carr RL 2007. Altered
muscarinic acetylcholine receptor subtype binding in
neonatal rat brain following exposure to chlorpyrifos or
methyl parathion. Toxicol Sci 100:118-127.</mixed-citation>
         </ref>
         <ref id="d8064e488a1310">
            <mixed-citation id="d8064e492" publication-type="other">
Happe HK, Murrin LC. 1992. High-affinity choline transport regu-
lation by drug administration during postnatal development.
J Neurochem 58:2053-2059.</mixed-citation>
         </ref>
         <ref id="d8064e505a1310">
            <mixed-citation id="d8064e509" publication-type="other">
Happe HK, Peters JL, Bergman DA, Murrin LC. 1994. Localization
of nicotinic cholinergic receptors in rat brain: autoradio-
graphie studies with [3H]cytisine. Neuroscience 62:929-944.</mixed-citation>
         </ref>
         <ref id="d8064e522a1310">
            <mixed-citation id="d8064e526" publication-type="other">
Hilton GD, Ndubuizu AN, McCarthy MM. 2004. Neuroprotective
effects of estradiol in newborn female rat hippocampus.
Dev Brain Res 150:191-198.</mixed-citation>
         </ref>
         <ref id="d8064e540a1310">
            <mixed-citation id="d8064e544" publication-type="other">
Hohmann CF. 2003. A morphogenetic role for acetylcholine in
mouse cerebral neocortex. Neurosci Biobehav Rev
27:351-363.</mixed-citation>
         </ref>
         <ref id="d8064e557a1310">
            <mixed-citation id="d8064e561" publication-type="other">
Jameson RR, Seidler FJ, Qiao D, Slotkin TA. 2006. Chlorpyrifos
affects phenotypic outcomes in a model of mammalian
neurodevelopment: critical stages targeting differentiation
in PC12 cells. Environ Health Perspect 114:667-672.</mixed-citation>
         </ref>
         <ref id="d8064e577a1310">
            <mixed-citation id="d8064e581" publication-type="other">
Jameson RR, Seidler FJ, Slotkin TA. 2007. Nonenzymatic functions
of acetylcholinesterase splice variants in the developmental
neurotoxicity of organophosphates: chlorpyrifos, chlorpyrifos
oxon and diazinon. Environ Health Perspect 115:65-70.</mixed-citation>
         </ref>
         <ref id="d8064e597a1310">
            <mixed-citation id="d8064e601" publication-type="other">
Jett DA, Navoa RV, Beckles RA, McLemore GL 2001. Cognitive
function and cholinergic neurochemistry in weanling rats
exposed to chlorpyrifos. Toxicol Appl Pharmacol 174:89-98.</mixed-citation>
         </ref>
         <ref id="d8064e614a1310">
            <mixed-citation id="d8064e618" publication-type="other">
Kacham R, Karanth S, Baireddy P, Liu J, Pope C. 2006.
Interactive toxicity of chlorpyrifos and parathion in neonatal
rats: role of esterases in exposure sequence-dependent
toxicity. Toxicol Appl Pharmacol 210:142-149.</mixed-citation>
         </ref>
         <ref id="d8064e634a1310">
            <mixed-citation id="d8064e638" publication-type="other">
Karanth S, Pope C. 2003. Age-related effects of chlorpyrifos
and parathion on acetylcholine synthesis in rat striatum.
Neurotoxicol Teratol 25:599-606.</mixed-citation>
         </ref>
         <ref id="d8064e652a1310">
            <mixed-citation id="d8064e656" publication-type="other">
Klemm N, Kuhar MJ. 1979. Post-mortem changes in high affinity
choline uptake. J Neurochem 32:1487-1494.</mixed-citation>
         </ref>
         <ref id="d8064e666a1310">
            <mixed-citation id="d8064e670" publication-type="other">
Landrigan PJ. 2001. Pesticides and polychlorinated biphenyls
(PCBs): an analysis of the evidence that they impair chil-
dren's neurobehavioral development. Mol Genet Metab
73:11-17.</mixed-citation>
         </ref>
         <ref id="d8064e686a1310">
            <mixed-citation id="d8064e690" publication-type="other">
Lauder JM, Schambra UB. 1999. Morphogenetic roles of
acetylcholine. Environ Health Perspect 107(suppl 1):65-69.</mixed-citation>
         </ref>
         <ref id="d8064e700a1310">
            <mixed-citation id="d8064e706" publication-type="other">
Laviola G, Adriani W, Gaudino C, Marino R, Keller F. 2006.
Paradoxical effects of prenatal acetylcholinesterase block-
ade on neuro-behavioral development and drug-induced
stereotypies in reeler mutant mice. Psychopharmacojogy
187:331-344.</mixed-citation>
         </ref>
         <ref id="d8064e725a1310">
            <mixed-citation id="d8064e729" publication-type="other">
Legault G, Smith CT, Beninger RJ. 2006. Post-training intra-striatal
scopolamine or flupenthixol impairs radial maze learning in
rat. Behav Brain Res 170:148-155.</mixed-citation>
         </ref>
         <ref id="d8064e742a1310">
            <mixed-citation id="d8064e746" publication-type="other">
Levin ED, Addy N, Baruah A, Elias A, Christopher NC, Seidler FJ,
et al. 2002. Prenatal chlorpyrifos exposure in rats causes
persistent behavioral alterations. Neurotoxicol Teratol
24:733-741.</mixed-citation>
         </ref>
         <ref id="d8064e763a1310">
            <mixed-citation id="d8064e767" publication-type="other">
Levin ED, Addy N, Christopher NC, Seidler FJ, Slotkin TA. 2001.
Persistent behavioral consequences of neonatal chlor-
pyrifos exposure in rats. Dev Brain Res 130:83-89.</mixed-citation>
         </ref>
         <ref id="d8064e780a1310">
            <mixed-citation id="d8064e784" publication-type="other">
Liu J, Olivier K, Pope CN. 1999. Comparative neurochemical
effects of repeated methyl parathion or chlorpyrifos expo-
sures in neonatal and adult rats. Toxicol Appl Pharmacol
158:186-196.</mixed-citation>
         </ref>
         <ref id="d8064e800a1310">
            <mixed-citation id="d8064e804" publication-type="other">
Liu J, Pope CN. 1996. Effects of chlorpyrifos on high-affinity
choline uptake and [3H]hemicholinium-3 binding in rat brain.
Fundam Appl Toxicol 34:84-90.</mixed-citation>
         </ref>
         <ref id="d8064e817a1310">
            <mixed-citation id="d8064e821" publication-type="other">
Liu J, Pope CN. 1998. Comparative presynaptic neurochemical
changes in rat striatum following exposure to chlorpyrifos
or parathion. J Toxicol Environ Health 53:531-544.</mixed-citation>
         </ref>
         <ref id="d8064e834a1310">
            <mixed-citation id="d8064e838" publication-type="other">
McEwen BS. 2002. Sex, stress and the hippocampus: allostasis,
allostatic load and the aging process. Neurobiol Aging
23:921-939.</mixed-citation>
         </ref>
         <ref id="d8064e851a1310">
            <mixed-citation id="d8064e855" publication-type="other">
Meek WH, Williams CL 1997. Characterization of the faculta-
tive effects of perinatal choline supplementation on timing
and temporal memory. Neuroreport 8:2831-2835.</mixed-citation>
         </ref>
         <ref id="d8064e869a1310">
            <mixed-citation id="d8064e873" publication-type="other">
Monnet-Tschudi F, Zurich MG, Schilter B, Costa LG, Honegger P.
2000. Maturation-dependent effects of chlorpyrifos and
parathion and their oxygen analogs on acetylcholinesterase
and neuronal and glial markers in aggregating brain cell
cultures. Toxicol Appl Pharmacol 165:175-183.</mixed-citation>
         </ref>
         <ref id="d8064e892a1310">
            <mixed-citation id="d8064e896" publication-type="other">
Montoya DAC, White AM, Williams CL, Blusztajn JK, Meek WH,
Swartzwelder HS. 2000. Prenatal choline exposure alters
hippocampal responsiveness to cholinergic stimulation in
adulthood. Dev Brain Res 123:25-32.</mixed-citation>
         </ref>
         <ref id="d8064e912a1310">
            <mixed-citation id="d8064e916" publication-type="other">
Moser VC, Chanda SM, Mortensen SR, Padilla S. 1998. Age- and
gender-related differences in sensitivity to chlorpyrifos in
the rat reflect developmental profiles of esterase activities.
Toxicol Sei 46:211-222.</mixed-citation>
         </ref>
         <ref id="d8064e932a1310">
            <mixed-citation id="d8064e936" publication-type="other">
Nunez JL, McCarthy MM. 2003. Sex differences and hormonal
effects in a model of preterm infant brain injury. Ann NY
Acad Sei 1008:281-284.</mixed-citation>
         </ref>
         <ref id="d8064e949a1310">
            <mixed-citation id="d8064e953" publication-type="other">
Palencia CA, Ragozzino ME. 2006. The effect of N-methyl-D-
aspartate receptor blockade on acetylcholine efflux in the
dorsomedial striatum during response reversal learning.
Neuroscience 143:671-678.</mixed-citation>
         </ref>
         <ref id="d8064e969a1310">
            <mixed-citation id="d8064e973" publication-type="other">
Passetti F, Dalley JW, O'Connell MT, Everitt BJ, Robbins TW.
2000. Increased acetylcholine release in the rat medial pre-
frontal cortex during performance of a visual attentional
task. Eur J Neurosci 12:3051-3058.</mixed-citation>
         </ref>
         <ref id="d8064e990a1310">
            <mixed-citation id="d8064e994" publication-type="other">
Picciotto MR, Zoli M. 2008. Neuroprotection via nAChRs: the
role of nAChRs in neurodegenerative disorders such as
Alzheimer's and Parkinson's disease. Frontiers Biosci
13:492-504.</mixed-citation>
         </ref>
         <ref id="d8064e1010a1310">
            <mixed-citation id="d8064e1014" publication-type="other">
Pocivavsek A, Icenogle L, Levin ED. 2006. Hippocampal a7 and
α4β2 nicotinic receptors and clozapine effects on memory.
Psychopharmacology188(4):597-604.</mixed-citation>
         </ref>
         <ref id="d8064e1027a1310">
            <mixed-citation id="d8064e1031" publication-type="other">
Qiao D, Seidler FJ, Abreu-Villaça Y, Tate CA, Cousins MM,
Slotkin TA. 2004. Chlorpyrifos exposure during neurulation:
cholinergic synaptic dysfunction and cellular alterations in
brain regions at adolescence and adulthood. Dev Brain
Res 148:43-52.</mixed-citation>
         </ref>
         <ref id="d8064e1050a1310">
            <mixed-citation id="d8064e1054" publication-type="other">
Qiao D, Seidler FJ, Padilla S, Slotkin TA. 2002. Developmental
neurotoxicity of chlorpyrifos: what is the vulnerable
period? Environ Health Perspect 110:1097-1103.</mixed-citation>
         </ref>
         <ref id="d8064e1067a1310">
            <mixed-citation id="d8064e1071" publication-type="other">
Qiao D, Seidler FJ, Tate CA, Cousins MM, Slotkin TA. 2003. Fetal
chlorpyrifos exposure: adverse effects on brain cell develop-
ment and cholinergic biomarkers emerge postnatally and
continue into adolescence and adulthood. Environ Health
Perspect 111:536-544.</mixed-citation>
         </ref>
         <ref id="d8064e1090a1310">
            <mixed-citation id="d8064e1094" publication-type="other">
Quick MW, Lester RA. 2002. Desensitization of neuronal nicotinic
receptors. J Neurobiol 53:457-478.</mixed-citation>
         </ref>
         <ref id="d8064e1105a1310">
            <mixed-citation id="d8064e1109" publication-type="other">
Rauh VA, Garfinkel R, Perera R, Andrews H, Hoepner L, Barr D,
et al. 2006. Impact of prenatal chlorpyrifos exposure on
neurodevelopment in the first 3 years of life among inner-
city children. Pediatrics 118:1845-1859.</mixed-citation>
         </ref>
         <ref id="d8064e1125a1310">
            <mixed-citation id="d8064e1131" publication-type="other">
Rhodes MC, Seidler FJ, Qiao D, Täte CA, Cousins MM, Slotkin TA.
2004. Does pharmacotherapy for preterm labor sensitize the
developing brain to environmental neurotoxicants? Cellular
and synaptic effects of sequential exposure to terbutaline
and chlorpyrifos in neonatal rats. Toxicol Appl Pharmacol
195:203-217.</mixed-citation>
         </ref>
         <ref id="d8064e1154a1310">
            <mixed-citation id="d8064e1158" publication-type="other">
Ricceri L, Venerosi A, Capone F, Cometa MF, Lorenzini P,
Fortuna S, et al. 2006. Developmental neurotoxicity of
organophosphorous pesticides: fetal and neonatal expo-
sure to chlorpyrifos alters sex-specific behaviors at adult-
hood in mice. Toxicol Sei 93:105-113.</mixed-citation>
         </ref>
         <ref id="d8064e1177a1310">
            <mixed-citation id="d8064e1181" publication-type="other">
Richardson JR, Chambers JE. 2005. Effects of repeated oral
postnatal exposure to chlorpyrifos on cholinergic neuro-
chemistry in developing rats. Toxicol Sei 84:352-359.</mixed-citation>
         </ref>
         <ref id="d8064e1194a1310">
            <mixed-citation id="d8064e1198" publication-type="other">
Rodier PM. 1988. Structural-functional relationships in experi-
mentally induced brain damage. Prog Brain Res 73:335-348.</mixed-citation>
         </ref>
         <ref id="d8064e1208a1310">
            <mixed-citation id="d8064e1212" publication-type="other">
Roegge CS, Timofeeva OA, Seidler FJ, Slotkin TA, Levin ED.
2008. Developmental diazinon neurotoxicity in rats: later
effects on emotional response. Brain Res Bull 75:166-172.</mixed-citation>
         </ref>
         <ref id="d8064e1226a1310">
            <mixed-citation id="d8064e1230" publication-type="other">
Simon JR, Atweh S, Kuhar MJ. 1976. Sodium-dependent high
affinity choline uptake: a regulatory step in the synthesis
of acetylcholine. J Neurochem 26:909-922.</mixed-citation>
         </ref>
         <ref id="d8064e1243a1310">
            <mixed-citation id="d8064e1247" publication-type="other">
Slotkin TA. 1999. Developmental cholinotoxicants: nicotine and
chlorpyrifos. Environ Health Perspect 107(suppl 1):71-80.</mixed-citation>
         </ref>
         <ref id="d8064e1257a1310">
            <mixed-citation id="d8064e1261" publication-type="other">
Slotkin TA. 2004. Cholinergic systems in brain development and
disruption by neurotoxicants: nicotine, environmental
tobacco smoke, organophosphates. Toxicol Appl Pharmacol
198:132-151.</mixed-citation>
         </ref>
         <ref id="d8064e1277a1310">
            <mixed-citation id="d8064e1281" publication-type="other">
Slotkin TA. 2005. Developmental neurotoxicity of organophos-
phates: a case study of chlorpyrifos. In: Toxicity of
Organophosphate and Carbamate Pesticides (Gupta RC,
ed). San Diego:Elsevier Academic Press, 293-314.</mixed-citation>
         </ref>
         <ref id="d8064e1297a1310">
            <mixed-citation id="d8064e1301" publication-type="other">
Slotkin TA, Bodwell BE, Levin ED, Seidler FJ. 2008a. Neonatal
exposure to low doses of diazinon: long-term effects on
neural cell development and acetylcholine systems.
Environ Health Perspect 116:340-348.</mixed-citation>
         </ref>
         <ref id="d8064e1317a1310">
            <mixed-citation id="d8064e1321" publication-type="other">
Slotkin TA, Cousins MM, Tate CA, Seidler FJ. 2001. Persistent
cholinergic presynaptic deficits after neonatal chlorpyrifos
exposure. Brain Res 902:229-243.</mixed-citation>
         </ref>
         <ref id="d8064e1335a1310">
            <mixed-citation id="d8064e1341" publication-type="other">
Slotkin TA, Levin ED, Seidler FJ. 2006a. Comparative developmental
neurotoxicity of organophosphate insecticides: effects on
brain development are separable from systemic toxicity.
Environ Health Perspect 114:746-751.</mixed-citation>
         </ref>
         <ref id="d8064e1357a1310">
            <mixed-citation id="d8064e1361" publication-type="other">
Slotkin TA, MacKillop EA, Ryde IT, Tate CA, Seidler FJ. 2007a.
Screening for developmental neurotoxicity using PC12 cells:
comparisons of organophosphates with a carbamate, an
organochlorine and divalent nickel. Environ Health Perspect
115:93-101.</mixed-citation>
         </ref>
         <ref id="d8064e1380a1310">
            <mixed-citation id="d8064e1384" publication-type="other">
Slotkin TA, Ryde IT, Levin ED, Seidler FJ. 2008b. Developmental
neurotoxicity of low-dose diazinon exposure of neonatal
rats: effects on serotonin systems in adolescence and
adulthood. Brain Res Bull 75:640-647.</mixed-citation>
         </ref>
         <ref id="d8064e1400a1310">
            <mixed-citation id="d8064e1404" publication-type="other">
Slotkin TA, Ryde IT, Seidler FJ. 2007b. Separate or sequential
exposure to nicotine prenatally and in adulthood: persistent
effects on acetylcholine systems in rat brain regions. Brain
Res Bull 74:91-103.</mixed-citation>
         </ref>
         <ref id="d8064e1420a1310">
            <mixed-citation id="d8064e1424" publication-type="other">
Slotkin TA, Seidler FJ. 2005. The alterations in CNS serotonergic
mechanisms caused by neonatal chlorpyrifos exposure are
permanent. Dev Brain Res 158:115-119.</mixed-citation>
         </ref>
         <ref id="d8064e1437a1310">
            <mixed-citation id="d8064e1441" publication-type="other">
Slotkin TA, Seidler FJ. 2007a. Comparative developmental neuro-
toxicity of organophosphates in vivo: transcriptional
responses of pathways for brain cell development, cell sig-
naling, cytotoxicity and neurotransmitter systems. Brain
Res Bull 72:232-274.</mixed-citation>
         </ref>
         <ref id="d8064e1461a1310">
            <mixed-citation id="d8064e1465" publication-type="other">
Slotkin TA, Seidler FJ. 2007b. Prenatal chlorpyrifos exposure
elicits presynaptic serotonergic and dopaminergic hyper-
activity at adolescence: critical periods for regional and
sex-selective effects. Reprod Toxicol 23:421-427.</mixed-citation>
         </ref>
         <ref id="d8064e1481a1310">
            <mixed-citation id="d8064e1485" publication-type="other">
Slotkin TA, Seidler FJ, Fumagalli F. 2007c. Exposure to
organophosphates reduces the expression of neuro-
trophic factors in neonatal rat brain regions: similarities
and differences in the effects of chlorpyrifos and diazinon
on the fibroblast growth factor superfamily. Environ Health
Perspect 115:909-916.</mixed-citation>
         </ref>
         <ref id="d8064e1508a1310">
            <mixed-citation id="d8064e1514" publication-type="other">
Slotkin TA, Seidler FJ, Fumagalli F. 2008c. Targeting of neuro-
trophic factors, their receptors, and signaling pathways in
the developmental neurotoxicity of organophosphates
in vivo and in vitro. Brain Res Bull 76:424-438.</mixed-citation>
         </ref>
         <ref id="d8064e1530a1310">
            <mixed-citation id="d8064e1534" publication-type="other">
Slotkin TA, Täte CA, Cousins MM, Seidler FJ. 2002. Functional
alterations in CNS catecholamine systems in adolescence
and adulthood after neonatal chlorpyrifos exposure. Dev
Brain Res 133:163-173.</mixed-citation>
         </ref>
         <ref id="d8064e1550a1310">
            <mixed-citation id="d8064e1554" publication-type="other">
Slotkin TA, Tate CA, Ryde IT, Levin ED, Seidler FJ. 2006b.
Organophosphate insecticides target the serotonergic
system in developing rat brain regions: disparate effects
of diazinon and parathion at doses spanning the threshold
for cholinesterase inhibition. Environ Health Perspect
114:1542-1546.</mixed-citation>
         </ref>
         <ref id="d8064e1577a1310">
            <mixed-citation id="d8064e1581" publication-type="other">
Smith PK, Krohn Rl, Hermanson GT, Mallia AK, Gartner FH,
Provenzano MD, et al. 1985. Measurement of protein using
bicinchoninic acid. Anal Biochem 150:76-85.</mixed-citation>
         </ref>
         <ref id="d8064e1595a1310">
            <mixed-citation id="d8064e1599" publication-type="other">
Tanapat P, Hastings NB, Reeves AJ, Gould E. 1999. Estrogen
stimulates a transient increase in the number of new neurons
in the dentate gyrus of the adult female rat. J Neurosci
19:5792-5801.</mixed-citation>
         </ref>
         <ref id="d8064e1615a1310">
            <mixed-citation id="d8064e1619" publication-type="other">
Timofeeva OA, Roegge CS, Seidler FJ, Slotkin TA, Levin ED.
2008. Persistent cognitive alterations in rats after early
postnatal exposure to low doses of the organophosphate
pesticide, diazinon. Neurotoxicol Teratol 30:38-45.</mixed-citation>
         </ref>
         <ref id="d8064e1635a1310">
            <mixed-citation id="d8064e1639" publication-type="other">
Whiting P, Lindstrom J. 1987. Purification and characterization
of a nicotinic acetylcholine receptor from rat brain. Proc
Nati Acad Sei USA 84:595-599.</mixed-citation>
         </ref>
         <ref id="d8064e1652a1310">
            <mixed-citation id="d8064e1656" publication-type="other">
Whiting PR, Lindstrom J. 1988. Characterization of bovine and
human neuronal nicotinic acetylcholine receptors using
monoclonal antibodies. J Neurosci 8:3395-3404.</mixed-citation>
         </ref>
         <ref id="d8064e1669a1310">
            <mixed-citation id="d8064e1673" publication-type="other">
Whitney KD, Seidler FJ, Slotkin TA. 1995. Developmental neuro-
toxicity of chlorpyrifos: cellular mechanisms. Toxicol Appl
Pharmacol 134:53-62.</mixed-citation>
         </ref>
         <ref id="d8064e1686a1310">
            <mixed-citation id="d8064e1690" publication-type="other">
Young JG, Eskenazi B, Gladstone EA, Bradman A, Pedersen L,
Johnson C, et al. 2005. Association between in utero organo-
phosphate pesticide exposure and abnormal reflexes in
neonates. Neurotoxicology 26:199-209.</mixed-citation>
         </ref>
      </ref-list>
   </back>
</article>
