<article xmlns:xsi="http://www.w3.org/2001/XMLSchema-instance"
         xmlns:xlink="http://www.w3.org/1999/xlink"
         xmlns:mml="http://www.w3.org/1998/Math/MathML"
         dtd-version="1.0"
         article-type="research-article">
   <front>
      <journal-meta>
         <journal-id journal-id-type="jstor">envihealpers</journal-id>
         <journal-id journal-id-type="jstor">j100482</journal-id>
         <journal-title-group>
            <journal-title>Environmental Health Perspectives</journal-title>
         </journal-title-group>
         <publisher>
            <publisher-name>National Institute of Environmental Health Sciences</publisher-name>
         </publisher>
         <issn pub-type="ppub">00916765</issn>
      </journal-meta>
      <article-meta>
         <article-id pub-id-type="jstor">25071090</article-id>
         <article-id pub-id-type="pub-doi">10.1289/eph.10467</article-id>
         <article-categories>
            <subj-group>
               <subject>Research</subject>
            </subj-group>
         </article-categories>
         <title-group>
            <article-title>The Protective Mechanism of Antioxidants in Cadmium-Induced Ototoxicity in vitro and in Vivo</article-title>
         </title-group>
         <contrib-group>
            <contrib>
               <string-name>
                  <given-names>Su-Jin</given-names>
                  <surname>Kim</surname>
               </string-name>
            </contrib>
            <contrib>
               <string-name>
                  <given-names>Hyun-Ja</given-names>
                  <surname>Jeong</surname>
               </string-name>
            </contrib>
            <contrib>
               <string-name>
                  <given-names>Noh-Yil</given-names>
                  <surname>Myung</surname>
               </string-name>
            </contrib>
            <contrib>
               <string-name>
                  <given-names>Min-chol</given-names>
                  <surname>Kim</surname>
               </string-name>
            </contrib>
            <contrib>
               <string-name>
                  <given-names>Jeong-Han</given-names>
                  <surname>Lee</surname>
               </string-name>
            </contrib>
            <contrib>
               <string-name>
                  <given-names>Hong-seob</given-names>
                  <surname>So</surname>
               </string-name>
            </contrib>
            <contrib>
               <string-name>
                  <given-names>Rae-Kil</given-names>
                  <surname>Park</surname>
               </string-name>
            </contrib>
            <contrib>
               <string-name>
                  <given-names>Hyung-Min</given-names>
                  <surname>Kim</surname>
               </string-name>
            </contrib>
            <contrib>
               <string-name>
                  <given-names>Jae-Young</given-names>
                  <surname>Um</surname>
               </string-name>
            </contrib>
            <contrib>
               <string-name>
                  <given-names>Seung-Heon</given-names>
                  <surname>Hong</surname>
               </string-name>
            </contrib>
         </contrib-group>
         <pub-date>
            <day>1</day>
            <month>7</month>
            <year>2008</year>
         </pub-date>
         <volume>116</volume>
         <issue>7</issue>
         <issue-id>i25071069</issue-id>
         <fpage>854</fpage>
         <lpage>862</lpage>
         <self-uri xlink:href="http://www.jstor.org/stable/25071090"/>
         <abstract>
            <p>Background: Several heavy metals have been shown to have toxic effects on the peripheral and central auditory system. Cadmium<tex-math>$({\rm Cd}^{2+})$</tex-math>is an environmental contaminant showing a variety of adverse effects. Given the current rate of release into the environment, the amount of<tex-math>${\rm Cd}^{2+}$</tex-math>present in the human body and the incidence of<tex-math>${\rm Cd}^{2+}\text{-related}$</tex-math>diseases are expected to increase. Objective: The overall aim of this study was to gain further insights into the mechanism of<tex-math>${\rm Cd}^{2+}\text{-induced}$</tex-math>ototoxicity. Methods: Cell viability, reactive oxygen species (ROS), mitochondrial membrane potential (MMP), cytochrome c (cyt c), phosphorylated extracellular signal-regulated protein kinase (p-ERK), caspases, morphologic change, and functional changes in HEI-OC1 cells, rat cochlear explants, and mouse cochlea after<tex-math>${\rm Cd}^{2+}$</tex-math>exposure were measured by flow cytometry, immunohistochemical staining, Western blot analysis, and auditory brainstem response (ABR) recording. Mechanisms underlying<tex-math>${\rm Cd}^{2+}$</tex-math>ototoxicity were studied using inhibitors of different signaling pathways, caspases, and antioxidants. Results:<tex-math>${\rm Cd}^{2+}$</tex-math>exposure caused cell death, ROS generation, MMP loss, cyt c release, activation of caspases, ERK activation, apoptosis, and finally auditory threshold shift.<tex-math>${\rm Cd}^{2+}$</tex-math>toxicity interfered with inhibitors of cellular signaling pathways, such as ERK and c-jun N-terminal kinase, and with caspase inhibitors, especially inhibitors of caspase-9 and caspase-3. The antioxidants N-acetyl-L-cysteine and ebselen showed a significant protective effect on the<tex-math>${\rm Cd}^{2+}$</tex-math>toxicity. Conclusions:<tex-math>${\rm Cd}^{2+}$</tex-math>is ototoxic with a complex underlying mechanism. However, ROS generation may be the cause of the toxicity, and application of antioxidants can prevent the toxic effect.</p>
         </abstract>
         <kwd-group>
            <kwd>Auditory cells</kwd>
            <kwd>Cadmium</kwd>
            <kwd>Caspase-3</kwd>
            <kwd>Caspase-9</kwd>
            <kwd>ERK</kwd>
            <kwd>Extracellular signal-regulated protein kinase</kwd>
            <kwd>Organ of Corti</kwd>
            <kwd>Reactive oxygen species</kwd>
         </kwd-group>
         <custom-meta-group>
            <custom-meta>
               <meta-name>lang</meta-name>
               <meta-value>eng</meta-value>
            </custom-meta>
         </custom-meta-group>
      </article-meta>
   </front>
   <back>
      <ref-list>
         <title>References</title>
         <ref id="d5140e515a1310">
            <mixed-citation id="d5140e519" publication-type="other">
Abbate C, Concetto G, Fortunato M, Brecciaroli R, Tringali MA,
Beninato G, et al. 2005. Influence of environmental factors
on the evolution of industrial noise-induced hearing loss.
Environ Monit Assess 107(1-3):351-361.</mixed-citation>
         </ref>
         <ref id="d5140e535a1310">
            <mixed-citation id="d5140e539" publication-type="other">
ATSDR. 1999. Toxicological Profile for Cadmium. Atlanta,
GA:Agency for Toxic Substances and Disease Registry.</mixed-citation>
         </ref>
         <ref id="d5140e549a1310">
            <mixed-citation id="d5140e553" publication-type="other">
Bertin G, Averbeck D. 2006. Cadmium: cellular effects, modifi-
cations of biomolecules, modulation of DNA repair and
genotoxic consequences. Biochimie 88(11):1549-1559.</mixed-citation>
         </ref>
         <ref id="d5140e566a1310">
            <mixed-citation id="d5140e570" publication-type="other">
Bourre JM, Durand G, Erre JP, Aran JM. 1999. Changes in
auditory brainstem responses in alpha-linolenic acid defi-
ciency as a function of age in rats. Audiology 38(1):13-18.</mixed-citation>
         </ref>
         <ref id="d5140e584a1310">
            <mixed-citation id="d5140e588" publication-type="other">
Christophe M, Nicolas S. 2006. Mitochondria: a target for neuro-
protective interventions in cerebral ischemia-reperfusion.
Curr Pharm Des 12(6):739-757.</mixed-citation>
         </ref>
         <ref id="d5140e601a1310">
            <mixed-citation id="d5140e605" publication-type="other">
Chuang SM, Yang JL 2001. Comparison of roles of three mitogen-
activated protein kinases induced by chromium (VI) and
cadmium in non-small-cell lung carcinoma cells. Mol Cell
Biochem 222:85-95.</mixed-citation>
         </ref>
         <ref id="d5140e621a1310">
            <mixed-citation id="d5140e625" publication-type="other">
Delivani P, Martin SJ. 2006. Mitochondrial membrane remodel-
ing in apoptosis: an inside story. Cell Death Differ
13(12):2007-2010.</mixed-citation>
         </ref>
         <ref id="d5140e638a1310">
            <mixed-citation id="d5140e642" publication-type="other">
de Vries W, Römkens PF, Schütze G. 2007. Critical soil concen-
trations of cadmium, lead, and mercury in view of health
effects on humans and animals. Rev Environ Contam
Toxicol 191:91-130.</mixed-citation>
         </ref>
         <ref id="d5140e658a1310">
            <mixed-citation id="d5140e662" publication-type="other">
De Martinis M, Franceschi C, Monti D, Ginaldi L. 2007.
Apoptosis remodeling in immunosenescence: implica-
tions for strategies to delay ageing. Curr Med Chem
14(13):1389-1397.</mixed-citation>
         </ref>
         <ref id="d5140e678a1310">
            <mixed-citation id="d5140e682" publication-type="other">
FDA. 2006. Total Diet Study Statistics on Element Results.
Revision 4. College Park, MD:U.S. Food and Drug
Administration.</mixed-citation>
         </ref>
         <ref id="d5140e696a1310">
            <mixed-citation id="d5140e700" publication-type="other">
Garrido C, Galluzzi L, Brunei M, Puig PE, Didelot C, Kroemer G.
2006. Mechanisms of cytochrome c release from mito-
chondria. Cell Death Differ 13:1423-1433.</mixed-citation>
         </ref>
         <ref id="d5140e713a1310">
            <mixed-citation id="d5140e717" publication-type="other">
Gatzka M, Walsh CM. 2007. Apoptotic signal transduction and
T cell tolerance. Autoimmunity 40(6):442-452.</mixed-citation>
         </ref>
         <ref id="d5140e727a1310">
            <mixed-citation id="d5140e731" publication-type="other">
Harstad EB, Klaassen CD. 2002. Tumor necrosis factor-alpha-
null mice are not resistant to cadmium chloride-induced
hepatotoxicity. Toxicol Appl Pharmacol 179:155-162.</mixed-citation>
         </ref>
         <ref id="d5140e744a1310">
            <mixed-citation id="d5140e748" publication-type="other">
Hirano S, Sun X, DeGuzman CA, Ransom RF, McLeish KR, Smoyer
WE, et al. 2005. p38 MAPK/HSP25 signaling mediates
cadmium-induced contraction of mesangial cells and renal
glomeruli. Am J Physiol Renal Physiol 288:F1133-F1143.</mixed-citation>
         </ref>
         <ref id="d5140e764a1310">
            <mixed-citation id="d5140e768" publication-type="other">
Hodgkinson L, Prasher D. 2006. Effects of industrial solvents on
hearing and balance: a review. Noise Health 8(32):114-133.</mixed-citation>
         </ref>
         <ref id="d5140e778a1310">
            <mixed-citation id="d5140e782" publication-type="other">
Hong O. 2005. Hearing loss among operating engineers in
American construction industry. Int Arch Occup Environ
Health 78(7):565-574.</mixed-citation>
         </ref>
         <ref id="d5140e796a1310">
            <mixed-citation id="d5140e800" publication-type="other">
Horiguchi H, Oguma E, Kayama F. 2006. Cadmium and cisplatin
damage erythropoietin-producing proximal renal tubular
cells. Arch Toxicol 80:680-686.</mixed-citation>
         </ref>
         <ref id="d5140e813a1310">
            <mixed-citation id="d5140e817" publication-type="other">
Institute of Laboratory Animal Resources. 1985. Guide for the
Care and Use of Laboratory Animals. Bethesda, MD:National
Institutes of Health.</mixed-citation>
         </ref>
         <ref id="d5140e830a1310">
            <mixed-citation id="d5140e834" publication-type="other">
Javadov S, Karmazyn M. 2007. Mitochondrial permeability tran-
sition pore opening as an endpointto initiate cell death
and as a putative target for cardioprotection. Cell Physiol
Biochem 20:1-22.</mixed-citation>
         </ref>
         <ref id="d5140e850a1310">
            <mixed-citation id="d5140e854" publication-type="other">
Kalinec GM, Webster P, Lim DJ, Kalinec F. 2003. A cochlear cell
line as an in vitro system for drug ototoxicity screening.
Audiol Neurootol 8:177-189.</mixed-citation>
         </ref>
         <ref id="d5140e867a1310">
            <mixed-citation id="d5140e871" publication-type="other">
Kim J, Kim SH, Johnson VJ, Sharma RP. 2005. Extracellular signal-
regulated kinase-signaling-dependent G2/M arrest and cell
death in murine macrophages by cadmium. Environ Toxicol
Chem 24(12):3069-3077.</mixed-citation>
         </ref>
         <ref id="d5140e887a1310">
            <mixed-citation id="d5140e891" publication-type="other">
Kim MS, Kim BJ, Woo HN, Kim KW, Kim KB, Kim IK, et al. 2000.
Cadmium induces caspase-mediated cell death: suppres-
sion by Bcl-2. Toxicology 145:27-37.</mixed-citation>
         </ref>
         <ref id="d5140e905a1310">
            <mixed-citation id="d5140e909" publication-type="other">
Kondoh M, Araragi S, Sato K, Higashimoto M, Takiguchi M,
Sato M. 2002. Cadmium induces apoptosis partly via cas-
pase-9 activation in HL-60 cells. Toxicology 170:111-117.</mixed-citation>
         </ref>
         <ref id="d5140e922a1310">
            <mixed-citation id="d5140e926" publication-type="other">
Kroemer G, Martin SJ. 2005. Caspase-independent cell death.
Nat Med 11:725-730.</mixed-citation>
         </ref>
         <ref id="d5140e936a1310">
            <mixed-citation id="d5140e940" publication-type="other">
Lee JS, Zhang MH, Yun EK, Geum D, Kim K, Kim TH, et al. 2005.
Heat shock protein 27 interacts with vimentin and prevents
insolubilization of vimentin subunits induced by cadmium.
Exp Mol Med 37:427-435</mixed-citation>
         </ref>
         <ref id="d5140e956a1310">
            <mixed-citation id="d5140e960" publication-type="other">
Lemarie A, Lagadic-Gossmann D, Morzadec C, Allain N, Fardel O,
Vernhet L. 2004. Cadmium induces caspase-independent
apoptosis in liver Hep3B cells: role for calcium in signaling
oxidative stress-related impairment of mitochondria and
relocation of endonuclease G and apoptosis-inducing factor.
Free Radie Biol Med 36:1517-1531.</mixed-citation>
         </ref>
         <ref id="d5140e983a1310">
            <mixed-citation id="d5140e987" publication-type="other">
Leret ML, Millan JA, Antonio MT. 2003. Perinatal exposure to lead
and cadmium affects anxiety-like behaviour. Toxicology
186:125-130.</mixed-citation>
         </ref>
         <ref id="d5140e1000a1310">
            <mixed-citation id="d5140e1004" publication-type="other">
Li M, Kondo T, Zhao QL, Li FJ, Tanabe K, Arai Y, et al. 2000.
Apoptosis induced by cadmium in human lymphoma U937
cells through Ca2+-calpain and caspase-mitochondria-
dependent pathways. J Biol Chem 275:39702-39709.</mixed-citation>
         </ref>
         <ref id="d5140e1021a1310">
            <mixed-citation id="d5140e1027" publication-type="other">
McCubrey JA, Steelman LS, Chappell WH, Abrams SL, Wong EW,
Chang F, et al. 2007. Roles of the Raf/MEK/ERK pathway in
cell growth, malignant transformation and drug resistance.
Biochim Biophys Acta 1773(8):1263-1284.</mixed-citation>
         </ref>
         <ref id="d5140e1043a1310">
            <mixed-citation id="d5140e1047" publication-type="other">
Misra UK, Gawdi G., Akabani G, Pizzo SV. 2002. Cadmium-induced
DNA synthesis and cell proliferation in macrophages: the
role of intracellular calcium and signal transduction mecha-
nisms. Cell Signal 14:327-340.</mixed-citation>
         </ref>
         <ref id="d5140e1063a1310">
            <mixed-citation id="d5140e1067" publication-type="other">
Nishijo M, Morikawa Y, Nakagawa H, Tawara K, Miura K, Kido T,
et al. 2006. Causes of death and renal tubular dysfunction in
residents exposed to cadmium in the environment. Occup
Environ Med 63:545-550.</mixed-citation>
         </ref>
         <ref id="d5140e1083a1310">
            <mixed-citation id="d5140e1087" publication-type="other">
Orrenius S. 2007. Reactive oxygen species in mitochondria-
mediated cell death. Drug Metab Rev 39:443-455.</mixed-citation>
         </ref>
         <ref id="d5140e1097a1310">
            <mixed-citation id="d5140e1101" publication-type="other">
OSHA (Occupational Safety and Health Administration). 1990.
Occupational exposure to cadmium; proposed rule and
notice of hearing. Fed Reg 55:4052-4146.</mixed-citation>
         </ref>
         <ref id="d5140e1114a1310">
            <mixed-citation id="d5140e1118" publication-type="other">
OSHA. 1992. Occupational exposure to cadmium. Washington,
DC:Occupational Safety and Health Administration, Office
of Regulatory Analysis.</mixed-citation>
         </ref>
         <ref id="d5140e1132a1310">
            <mixed-citation id="d5140e1136" publication-type="other">
Ozcaglar HU, Agirdir B, Dine O, Turhan M, Kilincarslan S, Oner G.
2001. Effects of cadmium on the hearing system. Acta
Otolaryngol 121:393-397.</mixed-citation>
         </ref>
         <ref id="d5140e1149a1310">
            <mixed-citation id="d5140e1153" publication-type="other">
Pathak N, Khandelwal S. 2006. Influence of cadmium on murine
thymocytes: potentiation of apoptosis and oxidative stress.
Toxicol Lett 165:121-132.</mixed-citation>
         </ref>
         <ref id="d5140e1166a1310">
            <mixed-citation id="d5140e1170" publication-type="other">
Puddicombe SM, Davies DE. 2000. The role of MAP kinases in
intracellular signal transduction in bronchial epithelium.
Clin Exp Allergy 30:7-11.</mixed-citation>
         </ref>
         <ref id="d5140e1183a1310">
            <mixed-citation id="d5140e1187" publication-type="other">
Pulido MD, Parrish AR. 2003. Metal-induced apoptosis: mecha-
nisms. Mutat Res 533:227-241.</mixed-citation>
         </ref>
         <ref id="d5140e1197a1310">
            <mixed-citation id="d5140e1201" publication-type="other">
Roux PP, Blenis J. 2004. ERK and p38 MAPK-activated protein
kinases: a family of protein kinases with diverse biological
functions. Microbiol Mol Biol Rev 68:320-344.</mixed-citation>
         </ref>
         <ref id="d5140e1214a1310">
            <mixed-citation id="d5140e1218" publication-type="other">
Satarug S, Baker JR, Urbenjapol S, Haswell-Elkins M, Reilly PE,
Williams DJ, et al. 2003. A global perspective on cadmium
pollution and toxicity in non-occupationally exposed popu-
lation. Toxicol Lett 137:65-83.</mixed-citation>
         </ref>
         <ref id="d5140e1235a1310">
            <mixed-citation id="d5140e1239" publication-type="other">
Shih CM, Wu JS, Ko WC, Wang LF, Liang HF, Chen YC, et al. 2003.
Mitochondria-mediated caspase independent apoptosis
induced by cadmium in normal human lung cells. J Cell
Biochem 89:335-347.</mixed-citation>
         </ref>
         <ref id="d5140e1255a1310">
            <mixed-citation id="d5140e1259" publication-type="other">
Szeszenia-Dabrowska N, Wilczynska U, Szymczak W,
Peplońska B. 2004. Occupational diseases in Poland, 2003
[in Polish]. Med Pr 55:299-306.</mixed-citation>
         </ref>
         <ref id="d5140e1272a1310">
            <mixed-citation id="d5140e1276" publication-type="other">
Van Heemst D, den Reijer PM, Westendorp RG. 2007. Ageing or
cancer: a review on the role of caretakers and gatekeep-
ers. Eur J Cancer 43:2144-2152.</mixed-citation>
         </ref>
         <ref id="d5140e1289a1310">
            <mixed-citation id="d5140e1293" publication-type="other">
Viaene MK, Masschelein R, Leenders J, De Groof M, Swerts LJ,
Roels HA. 2000. Neurobehavioural effects of occupational
exposure to cadmium: a cross sectional epidemiological
study. Occup Environ Med 57:19-27.</mixed-citation>
         </ref>
         <ref id="d5140e1309a1310">
            <mixed-citation id="d5140e1313" publication-type="other">
Wada T, Penninger JM. 2004. Mitogen-activated protein
kinases in apoptosis regulation. Oncogene 23;2838-2849.</mixed-citation>
         </ref>
         <ref id="d5140e1323a1310">
            <mixed-citation id="d5140e1327" publication-type="other">
Zheng JL, Gao WQ. 1996. Differential damage to auditory neu-
rons and hair cells by ototoxins and neuroprotection by
specific neurotrophins in rat cochlear organotypic cul-
tures. Eur J Neurosci 8:1897-1905.</mixed-citation>
         </ref>
      </ref-list>
   </back>
</article>
