<article xmlns:xsi="http://www.w3.org/2001/XMLSchema-instance"
         xmlns:xlink="http://www.w3.org/1999/xlink"
         xmlns:mml="http://www.w3.org/1998/Math/MathML"
         dtd-version="1.0"
         article-type="research-article">
   <front>
      <journal-meta>
         <journal-id journal-id-type="jstor">envihealpers</journal-id>
         <journal-id journal-id-type="jstor">j100482</journal-id>
         <journal-title-group>
            <journal-title>Environmental Health Perspectives</journal-title>
         </journal-title-group>
         <publisher>
            <publisher-name>National Institute of Environmental Health Sciences</publisher-name>
         </publisher>
         <issn pub-type="ppub">00916765</issn>
      </journal-meta>
      <article-meta>
         <article-id pub-id-type="jstor">25071144</article-id>
         <article-id pub-id-type="pub-doi">10.1289/ehp.10497</article-id>
         <article-categories>
            <subj-group>
               <subject>Research</subject>
               <subj-group>
                  <subject>Children's Health</subject>
               </subj-group>
            </subj-group>
         </article-categories>
         <title-group>
            <article-title>Ambient Ozone Concentrations Cause Increased Hospitalizations for Asthma in Children: An 18-Year Study in Southern California</article-title>
         </title-group>
         <contrib-group>
            <contrib>
               <string-name>
                  <given-names>Kelly</given-names>
                  <surname>Moore</surname>
               </string-name>
            </contrib>
            <contrib>
               <string-name>
                  <given-names>Romain</given-names>
                  <surname>Neugebauer</surname>
               </string-name>
            </contrib>
            <contrib>
               <string-name>
                  <given-names>Fred</given-names>
                  <surname>Lurmann</surname>
               </string-name>
            </contrib>
            <contrib>
               <string-name>
                  <given-names>Jane</given-names>
                  <surname>Hall</surname>
               </string-name>
            </contrib>
            <contrib>
               <string-name>
                  <given-names>Vic</given-names>
                  <surname>Brajer</surname>
               </string-name>
            </contrib>
            <contrib>
               <string-name>
                  <given-names>Sianna</given-names>
                  <surname>Alcorn</surname>
               </string-name>
            </contrib>
            <contrib>
               <string-name>
                  <given-names>Ira</given-names>
                  <surname>Tager</surname>
               </string-name>
            </contrib>
         </contrib-group>
         <pub-date>
            <day>1</day>
            <month>8</month>
            <year>2008</year>
         </pub-date>
         <volume>116</volume>
         <issue>8</issue>
         <issue-id>i25071114</issue-id>
         <fpage>1063</fpage>
         <lpage>1070</lpage>
         <self-uri xlink:href="http://www.jstor.org/stable/25071144"/>
         <abstract>
            <p>Background: Asthma is the most important chronic disease of childhood. The U.S. Environmental Protection Agency has concluded that children with asthma continue to be susceptible to ozone-associated adverse effects on their disease. Objectives: This study was designed to evaluate time trends in associations between declining warm-season<tex-math>${\rm O}_{3}$</tex-math>concentrations and hospitalization for asthma in children. Methods: We undertook an ecologic study of hospital discharges for asthma during the high<tex-math>${\rm O}_{3}$</tex-math>seasons in California's South Coast Air Basin (SoCAB) in children who ranged in age from birth to 19 years from 1983 to 2000. We used standard association and causal statistical analysis methods. Hospital discharge data were obtained from the State of California; air pollution data were obtained from the California Air Resources Board, and demographic data from the 1980, 1990, and 2000 U.S. Census. SoCAB was divided into 195 spatial grids, and quarterly average<tex-math>${\rm O}_{3}$</tex-math>, sulfur dioxide, particulate matter with aerodynamic diameter ≤ 10 μm, nitrogen dioxide, and carbon monoxide were assigned to each unit for 3-month periods along with demographic variables. Results:<tex-math>${\rm O}_{3}$</tex-math>was the only pollutant associated with increased hospital admissions over the study period. Inclusion of a variety of demographic and weather variables accounted for all of the non-<tex-math>${\rm O}_{3}$</tex-math>temporal changes in hospitalizations. We found a time-independent, constant effect of ambient levels of<tex-math>${\rm O}_{3}$</tex-math>and quarterly hospital discharge rates for asthma. We estimate that the average effect of a 10-ppb mean increase in any given mean quarterly 1-hr maximum<tex-math>${\rm O}_{3}$</tex-math>over the 18-year median of 87.7 ppb was a 4.6% increase in the same quarterly outcome. Conclusions: Our data indicate that at current levels of<tex-math>${\rm O}_{3}$</tex-math>experienced in Southern California,<tex-math>${\rm O}_{3}$</tex-math>contributes to an increased risk of hospitalization for children with asthma.</p>
         </abstract>
         <kwd-group>
            <kwd>Air pollution</kwd>
            <kwd>Asthma</kwd>
            <kwd>Children</kwd>
            <kwd>Epidemiology</kwd>
            <kwd>Ozone</kwd>
         </kwd-group>
         <custom-meta-group>
            <custom-meta>
               <meta-name>lang</meta-name>
               <meta-value>eng</meta-value>
            </custom-meta>
         </custom-meta-group>
      </article-meta>
   </front>
   <back>
      <ref-list>
         <title>References</title>
         <ref id="d9777e281a1310">
            <mixed-citation id="d9777e285" publication-type="other">
Atkinson R. 1997. Gas-phase tropospheric chemistry of organic
compounds, Monograph 2. J Phys Chem Reference Data
26:215-290.</mixed-citation>
         </ref>
         <ref id="d9777e298a1310">
            <mixed-citation id="d9777e302" publication-type="other">
Atkinson RW, Anderson HR, Strachan DP, Bland JM, Bremner
SA, Ponce de Leon A. 1999a. Short-term associations
between outdoor air pollution and visits to accident and
emergency departments in London for respiratory com-
plaints. Eur Respir J 13:257-265.</mixed-citation>
         </ref>
         <ref id="d9777e321a1310">
            <mixed-citation id="d9777e325" publication-type="other">
Atkinson RW, Bremner SA, Anderson HR, Strachan DP, Bland
JM, de Leon AP. 1999b. Short-term associations between
emergency hospital admissions for respiratory and cardio-
vascular disease and outdoor air pollution in London. Arch
Environ Health 54:398-411.</mixed-citation>
         </ref>
         <ref id="d9777e344a1310">
            <mixed-citation id="d9777e348" publication-type="other">
Babin SM, Burkom HS, Holtry RS, Tabernero NR, Stokes LD,
Davies-Cole JO, et al. 2007. Pediatrie patient asthma-related
emergency department visits and admissions in Washington,
DC, from 2001-2004, and associations with air quality, socio-
economic status and age group. Environ Health 6:9.</mixed-citation>
         </ref>
         <ref id="d9777e368a1310">
            <mixed-citation id="d9777e372" publication-type="other">
Blanchard CL, Tanenbaum S. 2005. Spatial and Temporal
Characterization of Fine Particulate Matter Mass
Concentrations in California, 1980-2002 (CARB contract
03-350). Albany, CA.Envair.</mixed-citation>
         </ref>
         <ref id="d9777e388a1310">
            <mixed-citation id="d9777e392" publication-type="other">
Burnett RT, Smith-Doiron M, Stieb D, Raizenne ME, Brook JR,
Dales RE, et al. 2001. Association between ozone and hos-
pitalizaron for acute respiratory diseases in children less
than 2 years of age. Am J Epidemiol 153:444-452.</mixed-citation>
         </ref>
         <ref id="d9777e408a1310">
            <mixed-citation id="d9777e412" publication-type="other">
California EPA. 2008. Air Resources Board. Review of the
California Ambient Air Quality Standard for Ozone (V 1 or
IV) October 2005 Revision. Sacramento:California
Environmental Protection Agency.</mixed-citation>
         </ref>
         <ref id="d9777e428a1310">
            <mixed-citation id="d9777e432" publication-type="other">
Friedman MS, Powell KE, Hutwagner L, Graham LM, Teague WG.
2001. Impact of changes in transportation and commuting
behaviors during the 1996 Summer Olympic Games in Atlanta
on air quality and childhood asthma. JAMA 285:897-905.</mixed-citation>
         </ref>
         <ref id="d9777e448a1310">
            <mixed-citation id="d9777e452" publication-type="other">
Fujita EM, Croes BE, Bennett CL, Lawson DR, Lurmann FW,
Main HH. 1992. Comparison of emission inventory and
ambient concentration ratios of CO, IMMOG, and NOx in
California's South Coast Air Basin. J Air Waste Manag
Assoc 42:264-276.</mixed-citation>
         </ref>
         <ref id="d9777e471a1310">
            <mixed-citation id="d9777e475" publication-type="other">
Galan I, Tobias A, Banegas JR, Aranguez E. 2003. Short-term
effects of air pollution on daily asthma emergency room
admissions. Eur Respir J 22:802-808.</mixed-citation>
         </ref>
         <ref id="d9777e489a1310">
            <mixed-citation id="d9777e493" publication-type="other">
Gonzales M, Ngo L, Hammond KS, Tager IB. 2003. Validation of
a questionnaire and microenvironmental model for esti-
mating past exposures to ozone. Int J Environ Health Res
13:249-260.</mixed-citation>
         </ref>
         <ref id="d9777e509a1310">
            <mixed-citation id="d9777e513" publication-type="other">
Grievink L, Jansen SM, van't Veer P, Brunekreef B. 1998. Acute
effects of ozone on pulmonary function of cyclists receiv-
ing antioxidant supplements. Occup Environ Med 55:13-17.</mixed-citation>
         </ref>
         <ref id="d9777e526a1310">
            <mixed-citation id="d9777e530" publication-type="other">
Mortimer KM, Neas LM, Dockery DW, Redline S, Tager IB.
2002. The effect of summer ozone on inner city children
with asthma. Eur Respir J 19:699-705.</mixed-citation>
         </ref>
         <ref id="d9777e543a1310">
            <mixed-citation id="d9777e547" publication-type="other">
National Center for Health Statistics. 2004. Asthma Prevalence,
Health Care Use and Mortality, 2002. Atlanta, GA:Centers
for Disease Control and Prevention, National Center for
Health Statistics. Available: http://www.cdc.gov/nchs/
p rod ucts/pubs/pubd/hestats/asth ma/a sthma.htm
[accessed 10 April 2007].</mixed-citation>
         </ref>
         <ref id="d9777e570a1310">
            <mixed-citation id="d9777e574" publication-type="other">
Neugebauer R, Joffe MM, Tager IB, van der Laan MJ. 2007.
Causal inference in longitudinal studies with history-
restricted marginal structural models. Electronic J Stat
1:119-154.</mixed-citation>
         </ref>
         <ref id="d9777e590a1310">
            <mixed-citation id="d9777e594" publication-type="other">
Ramsay T, Burnett R, Krewski D. 2003a. Exploring bias in a gen-
eralized additive model for spatial air pollution data.
Environ Health Perspect 111:1283-1288.</mixed-citation>
         </ref>
         <ref id="d9777e608a1310">
            <mixed-citation id="d9777e612" publication-type="other">
Ramsay TO, Burnett RT, Krewski D. 2003b. The effect of con-
curvity in generalized additive models linking mortality to
ambient paniculate matter. Epidemiology 14:18-23.</mixed-citation>
         </ref>
         <ref id="d9777e625a1310">
            <mixed-citation id="d9777e629" publication-type="other">
Robins JM, Hernan MA, Brumback B. 2000. Marginal structural
models and causal inference in epidemiology. Epidemiology
11:550-560.</mixed-citation>
         </ref>
         <ref id="d9777e642a1310">
            <mixed-citation id="d9777e646" publication-type="other">
Romieu I, Meneses F, Ramirez M, Ruiz S, Perez Padilla R,
Sienra JJ, et al. 1998. Antioxidant supplementation and
respiratory functions among workers exposed to high lev-
els of ozone. Am J Respir Crit Care Med 158:226-232.</mixed-citation>
         </ref>
         <ref id="d9777e662a1310">
            <mixed-citation id="d9777e666" publication-type="other">
Romieu I, Meneses F, Ruiz S, Sienra JJ, Huerta J, White MC,
et al. 1996. Effects of air pollution on the respiratory health
of asthmatic children living in Mexico City. Am J Respir
Crit Care Med 154(pt1):300-307.</mixed-citation>
         </ref>
         <ref id="d9777e682a1310">
            <mixed-citation id="d9777e686" publication-type="other">
Romieu I, Meneses F, Sienra-Monge JJ, Huerta J, Ruiz Velasco
S, White MC, et al. 1995. Effects of urban air pollutants on
emergency visits for childhood asthma in Mexico City. Am
J Epidemiol 141:546-553.</mixed-citation>
         </ref>
         <ref id="d9777e702a1310">
            <mixed-citation id="d9777e706" publication-type="other">
Romieu I, Sienra-Monge JJ, Ramirez-Aguilar M, Tellez-Rojo
MM, Moreno-Macias H, Reyes-Ruiz NI, et al. 2002.</mixed-citation>
         </ref>
         <ref id="d9777e717a1310">
            <mixed-citation id="d9777e721" publication-type="other">
Antioxidant supplementation and lung functions among
children with asthma exposed to high levels of air pollu-
tants. Am J Respir Crit Care Med 166:703-709.</mixed-citation>
         </ref>
         <ref id="d9777e734a1310">
            <mixed-citation id="d9777e738" publication-type="other">
Samet JM, Hatch GE, Horstman D, Steck-Scott S, Arab L,
Bromberg PA, et al. 2001. Effect of antioxidant supplemen-
tation on ozone-induced lung injury in human subjects. Am
J Respir Crit Care Med 164:819-825.</mixed-citation>
         </ref>
         <ref id="d9777e754a1310">
            <mixed-citation id="d9777e758" publication-type="other">
SCAQMD (South Coast Air Quality Management District). 2003.
Air Quality Standards Compliance Report: December 2002
and Summary Statistics for 2002—Vol. 15, No.12. Available:
http://www.aqmd.gov/smog/AQSCR2002/aq02web.pdf
[accessed 15 March 2007].</mixed-citation>
         </ref>
         <ref id="d9777e777a1310">
            <mixed-citation id="d9777e781" publication-type="other">
SCAQMD (South Coast Air Quality Management District). 2006.
Historic Ozone Air Quality Trends Available: http://www.
aqmd.gov/smog/o3trend.html [accessed 1 March 2007]</mixed-citation>
         </ref>
         <ref id="d9777e794a1310">
            <mixed-citation id="d9777e798" publication-type="other">
Sinisi S, van der Laan MJ. 2004. The deletion/substitution/addi-
tion algorithm in loss function based estimation: applica-
tions in genomics. Stat Methods Genet Molec Biol
3:Article 18. Available: http://www.bepress.com/
sagmb/vol3/iss1/art18 [accessed 7 July 2008].</mixed-citation>
         </ref>
         <ref id="d9777e817a1310">
            <mixed-citation id="d9777e821" publication-type="other">
Solomon PA, Fall T, Larson SM, Lin P, Vasquez F, Cass GR. 1988.
Acquisition of Acid and Aerosol Concentration Data for Use
in Dry Deposition Studies in the South Coast Air Basin. Vol
1. Report prepared for the California Air Resources Board,
Sacramento, CA by California Institute of Technology,
Environmental Quality Lab Report No. 25, contract No. A4-
114-32. Pasadena:California Institute of Technology.</mixed-citation>
         </ref>
         <ref id="d9777e848a1310">
            <mixed-citation id="d9777e852" publication-type="other">
Stieb DM, Burnett RT, Beveridge RC, Brook JR. 1996.
Association between ozone and asthma emergency
department visits in Saint John, New Brunswick, Canada.
Environ Health Perspect 104:1354-1360.</mixed-citation>
         </ref>
         <ref id="d9777e868a1310">
            <mixed-citation id="d9777e872" publication-type="other">
Sunyer J, Spix C, Quenel P, Ponce-de-Leon A, Ponka A,
Barumandzadeh T, et al. 1997. Urban air pollution and
emergency admissions for asthma in four European cities:
the APHEA Project. Thorax 52:760-765.</mixed-citation>
         </ref>
         <ref id="d9777e888a1310">
            <mixed-citation id="d9777e892" publication-type="other">
Tolbert PE, Mulholland JA, Macintosh DL, Xu F, Daniels D,
Devine OJ, et al. 2000. Air quality and pediatrie emergency
room visits for asthma in Atlanta, Georgia, USA. Am J
Epidemiol 151:798-810.</mixed-citation>
         </ref>
         <ref id="d9777e908a1310">
            <mixed-citation id="d9777e912" publication-type="other">
Trenga CL, Koenig JQ, Williams PV. 2001. Dietary antioxidants
and ozone-induced bronchial hyperresponsiveness in
adults with asthma. Arch Environ Health 56:242-249.</mixed-citation>
         </ref>
         <ref id="d9777e925a1310">
            <mixed-citation id="d9777e929" publication-type="other">
U.S. EPA. 2000. National Ambient Air Quality Standards. Fed Reg
40 CFR part 50. Available: http://www.access.gpo.gov/
nara/cfr/waisidx_00/40cfr50_00.html [accessed 7 July 2008].</mixed-citation>
         </ref>
         <ref id="d9777e942a1310">
            <mixed-citation id="d9777e946" publication-type="other">
U.S. EPA. 2005. Maps: Ozone. Available: http://www.epa.gov/
air/ozonepollution/pdfs/20070621_maps.pdf [accessed
4 June 2008].</mixed-citation>
         </ref>
         <ref id="d9777e960a1310">
            <mixed-citation id="d9777e964" publication-type="other">
U.S. EPA. 2006. Air Quality Criteria for Ozone and Related
Photochemical Oxidants—Volume I of III, EPA 600/R-
05/EPA004aF. Research Triangle Park, NC:U.S. Environmental
Protection Agency, National Center for Environmental
Assessment.</mixed-citation>
         </ref>
         <ref id="d9777e983a1310">
            <mixed-citation id="d9777e989" publication-type="other">
van der Laan MJ, Dudoit S. 2003. Unified Cross-Validation
Methodology For Selection Among Estimators and a
General Cross-Validated Adaptive Epsilon-Net Estimator:
Finite Sample Oracle Inequalities and Examples. Available:
http://www.bepress.com/ucbbiostat/paper130/ [accessed
1 April 2007].</mixed-citation>
         </ref>
         <ref id="d9777e1012a1310">
            <mixed-citation id="d9777e1016" publication-type="other">
van der Laan MJ, Robins JM. 2002. Unified Methods for Censored
Longitudinal Data and Causality. NewYork:Springer.</mixed-citation>
         </ref>
         <ref id="d9777e1026a1310">
            <mixed-citation id="d9777e1030" publication-type="other">
Wang LY, Zhong Y, Wheeler L 2005. Direct and indirect costs
of asthma in school-age children. Prev Chronic Dis 2:1-10.</mixed-citation>
         </ref>
         <ref id="d9777e1040a1310">
            <mixed-citation id="d9777e1046" publication-type="other">
Wang Y, Petersen ML, Bangsberg D, van der Laan MJ. 2006.
Diagnosing Bias in the Inverse Probability of Treatment
Weighted Estimator Resulting from Violation of
Experimental Treatment Assignment. Available: http://
www.bepress.com/ucbbiostat/paper211/ [accessed
1 March 2007].</mixed-citation>
         </ref>
         <ref id="d9777e1069a1310">
            <mixed-citation id="d9777e1073" publication-type="other">
White MC, Etzel RA, Wilcox WD, Lloyd C. 1994. Exacerbations
of childhood asthma and ozone pollution in Atlanta.
Environ Health Perspect 1:56-68.</mixed-citation>
         </ref>
         <ref id="d9777e1087a1310">
            <mixed-citation id="d9777e1091" publication-type="other">
Wiley JA, Robinson JP, Cheng Y-T, Piazza T, Stork L, Pladsen K.
1991a. Study of Children's Activity Patterns: Final Report
A733-149. Sacramento:California Air Resources Board.</mixed-citation>
         </ref>
         <ref id="d9777e1104a1310">
            <mixed-citation id="d9777e1110" publication-type="other">
Wiley JA, Robinson JP, Piazza T, Garrett K, Cirksena K, Cheng
Y-T, et al. 1991b. Activity Patterns of California Residents:
Final Report A6-177-33 A6-177-33. Sacramento:California
Air Resources Board.</mixed-citation>
         </ref>
         <ref id="d9777e1126a1310">
            <mixed-citation id="d9777e1130" publication-type="other">
World Health Organization. 1975. International Classification of
Diseases, 9th Revision. Geneva:World Health Organization.
Available: http://icd9cm.chrisendres.com/ [accessed 7 July
2008].</mixed-citation>
         </ref>
         <ref id="d9777e1146a1310">
            <mixed-citation id="d9777e1150" publication-type="other">
World Health Organization. 1993. International Classification of
Diseases, 10th Revision. Geneva:World Health Organization.
Available: http://www.who.int/classifications/apps/
icd/icdlOonline/ [accessed 7 July 2008].</mixed-citation>
         </ref>
      </ref-list>
   </back>
</article>
