<article xmlns:xsi="http://www.w3.org/2001/XMLSchema-instance"
         xmlns:xlink="http://www.w3.org/1999/xlink"
         xmlns:mml="http://www.w3.org/1998/Math/MathML"
         dtd-version="1.0"
         article-type="research-article">
   <front>
      <journal-meta>
         <journal-id journal-id-type="jstor">envihealpers</journal-id>
         <journal-id journal-id-type="jstor">j100482</journal-id>
         <journal-title-group>
            <journal-title>Environmental Health Perspectives</journal-title>
         </journal-title-group>
         <publisher>
            <publisher-name>National Institute of Environmental Health Sciences</publisher-name>
         </publisher>
         <issn pub-type="ppub">00916765</issn>
      </journal-meta>
      <article-meta>
         <article-id pub-id-type="jstor">25071137</article-id>
         <article-id pub-id-type="pub-doi">10.1289/eph.11082</article-id>
         <article-categories>
            <subj-group>
               <subject>Research</subject>
            </subj-group>
         </article-categories>
         <title-group>
            <article-title>Diet and Nondiet Predictors of Urinary 3-Phenoxybenzoic Acid in NHANES 1999-2002</article-title>
         </title-group>
         <contrib-group>
            <contrib>
               <string-name>
                  <given-names>Anne M.</given-names>
                  <surname>Riederer</surname>
               </string-name>
            </contrib>
            <contrib>
               <string-name>
                  <given-names>Scott M.</given-names>
                  <surname>Bartell</surname>
               </string-name>
            </contrib>
            <contrib>
               <string-name>
                  <given-names>Dana B.</given-names>
                  <surname>Barr</surname>
               </string-name>
            </contrib>
            <contrib>
               <string-name>
                  <given-names>P. Barry</given-names>
                  <surname>Ryan</surname>
               </string-name>
            </contrib>
         </contrib-group>
         <pub-date>
            <day>1</day>
            <month>8</month>
            <year>2008</year>
         </pub-date>
         <volume>116</volume>
         <issue>8</issue>
         <issue-id>i25071114</issue-id>
         <fpage>1015</fpage>
         <lpage>1022</lpage>
         <self-uri xlink:href="http://www.jstor.org/stable/25071137"/>
         <abstract>
            <p>Background: 3-Phenoxybenzoic acid (3PBA), a pyrethroid metabolite, was detected in 75% of urine samples analyzed for pesticides in the U.S. National Health and Nutrition Examination Survey (NHANES) 1999-2002. NHANES also includes 24-hr diet data and information on household pesticide use, activities, occupation, demographics, and other exposure factors. Objectives: The objective of our study was to explore the relative importance of diet versus nondiet predictors in explaining variability in urinary 3PBA. A secondary objective was to explore whether the NHANES data could be used to identify particular foods driving 3PBA levels. Methods: We divided subjects into child (6-10 years of age), teen (11-18 years), and adult (≥ 19 years) age groups and restricted our analyses to subjects in the morning sampling session who fasted for ≥ 8 hr beforehand. Regression modeling consisted of several model-building steps and a final Tobit regression on the left-censored log 3PBA measurements. We also conducted bootstrap analyses to evaluate the stability of the regression parameters. Results: Reported household pesticide use was not significantly associated with urinary 3PBA in any age group. Diet was significant for all three groups, and certain foods appeared to contribute more than others. Among adults, tobacco use was positively associated with 3PBA (p = 0.0326), and positive associations were suggested with the number of cytochrome p450-inhibiting medications taken (p = 0.0652) and minutes spent gardening (p = 0.0613) in the past month. Conclusions: Although exploratory, our findings underline the importance of collecting accurate data on household pesticide use and dietary intake when evaluating pyrethroid exposure-biomarker relationships.</p>
         </abstract>
         <kwd-group>
            <kwd>3-phenoxybenzoic acid</kwd>
            <kwd>Biomarkers</kwd>
            <kwd>Dietary exposure</kwd>
            <kwd>Pesticides</kwd>
            <kwd>Pyrethroids</kwd>
         </kwd-group>
         <custom-meta-group>
            <custom-meta>
               <meta-name>lang</meta-name>
               <meta-value>eng</meta-value>
            </custom-meta>
         </custom-meta-group>
      </article-meta>
   </front>
   <back>
      <ref-list>
         <title>References</title>
         <ref id="d9798e233a1310">
            <mixed-citation id="d9798e237" publication-type="other">
Barr DB, Wilder LC, Caudill SP, Gonzalez AJ, Needham LL,
Pirkle JL. 2005. Urinary creatinine concentrations in the
U.S. population: implications for urinary biologic monitoring
measurements. Environ Health Perspect 113:192-200.</mixed-citation>
         </ref>
         <ref id="d9798e253a1310">
            <mixed-citation id="d9798e257" publication-type="other">
Becker K, Seiwert M, Angerer J, Kolossa-Gehring M, Hoppe H,
Ball M, et al. 2006. GerES IV pilot study: assessment of the
exposure of German children to organophosphorus and
pyrethroid pesticides. Int J Hyg Environ Health 3:221-233.</mixed-citation>
         </ref>
         <ref id="d9798e273a1310">
            <mixed-citation id="d9798e277" publication-type="other">
Berkowitz GS, Obel J, Deych E, Lapinski R, Godbold J, Liu Z, et al.
2003. Exposure to indoor pesticides during pregnancy in a
multiethnic, urban cohort. Environ Health Perspect 111:79-84.</mixed-citation>
         </ref>
         <ref id="d9798e290a1310">
            <mixed-citation id="d9798e294" publication-type="other">
Boeniger MF, Lowry LK, Rosenberg J. 1993. Interpretation of
urine results used to assess chemical-exposure with
emphasis on creatinine adjustments—a review. Am Ind Hyg
Assoc J 54:615-627.</mixed-citation>
         </ref>
         <ref id="d9798e311a1310">
            <mixed-citation id="d9798e315" publication-type="other">
CDC. 2001. The MEC examination appointment. In: Interviewer
Procedures Manual. Hyattsville, MD:National Center for
Health Statistics, Centers for Disease Control and
Prevention, 8-1-8-76. Available: http://www.cdc.gov/nchs/
data/nhanes/int3.pdf [accessed 15 June 2006].</mixed-citation>
         </ref>
         <ref id="d9798e334a1310">
            <mixed-citation id="d9798e338" publication-type="other">
CDC. 2002. MEC In-Person Dietary Interviewers Procedures
Manual. Hyattsville, MD:National Center for Health
Statistics, Centers for Disease Control and Prevention.
Available: http://www.cdc.gov/nchs/data/nhanes/nhanes_
01_02/dietary_year_3.pdf [accessed 6 February 2008].</mixed-citation>
         </ref>
         <ref id="d9798e357a1310">
            <mixed-citation id="d9798e361" publication-type="other">
CDC. 2005a. NHANES 1999-2000 Data Release: Frequencies for
Urinary Priority Pesticides (Non-persistent Pesticides
Metabolites) and Organophosphates (LAB26PP). Hyattsville,
MD:National Center for Health Statistics, Centers for
Disease Control and Prevention. Available: http://www.
cdc.gov/nchs/data/nhanes/frequency/lab26pp_frq.pdf
[accessed 15 June 2006].</mixed-citation>
         </ref>
         <ref id="d9798e387a1310">
            <mixed-citation id="d9798e391" publication-type="other">
CDC. 2005b. NHANES 1999-2000 Data Release: Frequencies for
Urinary Priority Pesticides (Non-persistent Pesticides
Metabolites) and Organophosphates (L26PP_B).</mixed-citation>
         </ref>
         <ref id="d9798e404a1310">
            <mixed-citation id="d9798e408" publication-type="other">
Hyattsville, MD:National Center for Health Statistics,
Centers for Disease Control and Prevention. Available:
http://www.cdc.gov/nchs/data/nhanes/nhanes_01_02/
I26pp_b_frq.pdf [accessed 15 June 2006].</mixed-citation>
         </ref>
         <ref id="d9798e424a1310">
            <mixed-citation id="d9798e428" publication-type="other">
CDC. 2005c. NHANES Questionnaire: Dietary Interview.
Hyattsville, MD:National Center for Health Statistics, Centers
for Disease Control and Prevention. Available: http://www.
cdc.gov/nchs/data/nhanes/dietary.pdf [accessed 15 June
2006].</mixed-citation>
         </ref>
         <ref id="d9798e448a1310">
            <mixed-citation id="d9798e452" publication-type="other">
CDC. 2005d. Survey Questionnaires, Examination Components
and Laboratory Components 1999-2000 Hyattsville,
MD:National Center for Health Statistics, Centers for
Disease Control and Prevention. Available: http://www.cdc.
gov/nchs/about/major/nhanes/questexam.htm [accessed
15 June 2006].</mixed-citation>
         </ref>
         <ref id="d9798e475a1310">
            <mixed-citation id="d9798e479" publication-type="other">
CDC. 2005e. Survey Questionnaires, Examination Components
and Laboratory Components 2001-2002. Hyattsville,
MD:National Center for Health Statistics, Centers for Disease
Control and Prevention. Available: http://www.cdc.gov/
nchs/about/major/nhanes/questexam01_02.htm [accessed
15 June 2006].</mixed-citation>
         </ref>
         <ref id="d9798e502a1310">
            <mixed-citation id="d9798e506" publication-type="other">
CDC. 2005f. NHANES Interviewer Manual. Hyattsville,
MD:National Center for Health Statistics, Centers for Disease
Control and Prevention. Available: http://www.cdc.gov/
nchs/data/nhanes/int3.pdf [accessed 15 June 2006].</mixed-citation>
         </ref>
         <ref id="d9798e522a1310">
            <mixed-citation id="d9798e526" publication-type="other">
CDC. 2005g. National Health and Nutrition Examination Survey
Codebook for Data Release (1999-2000): Individual Foods
File of the Dietary Interview Component (DRXIFF).
Hyattsville, MD:National Center for Health Statistics, Centers
for Disease Control and Prevention. Available: http://www.
cdc.gov/nchs/data/nhanes/frequency/drxiff_cbk.pdf
[accessed 15 June 2006].</mixed-citation>
         </ref>
         <ref id="d9798e552a1310">
            <mixed-citation id="d9798e556" publication-type="other">
CDC. 2005h. Human exposure to mosquito-control pesticides—
Mississippi, North Carolina, and Virginia. MMWR Morb
Mortal Wkly Rep 54:529-532.</mixed-citation>
         </ref>
         <ref id="d9798e569a1310">
            <mixed-citation id="d9798e573" publication-type="other">
CDC. 2005i. NHANES 2001-2002 Data Documentation, February
2006—Household Interview Sample Person Questionnaire:
Occupation (OCQ). Hyattsville, MD:National Center for Health
Statistics, Centers for Disease Control and Prevention.
Available: http://www.cdc.gov/nchs/data/nhanes/nhanes_
01_02/ocq_b_doc.pdf [accessed 5 December 2006].</mixed-citation>
         </ref>
         <ref id="d9798e597a1310">
            <mixed-citation id="d9798e601" publication-type="other">
CDC. 2007a. NHANES 2001-2002. Hyattsville, MD:National Center
for Health Statistics, Centers for Disease Control and
Prevention. Available: http://www.cdc.gov/nchs/about/
major/nhanes/nhanes01-02.htm [accessed 1 June 2007].</mixed-citation>
         </ref>
         <ref id="d9798e617a1310">
            <mixed-citation id="d9798e621" publication-type="other">
CDC. 2007b. NHANES 1999-2000. Hyattsville, MD:National Center
for Health Statistics, Centers for Disease Control and
Prevention. Available: http://www.cdc.gov/nchs/about/
major/nhanes/nhanes99_00.htm [accessed 1 June 2007].</mixed-citation>
         </ref>
         <ref id="d9798e637a1310">
            <mixed-citation id="d9798e641" publication-type="other">
Choi J, Rose RL, Hodgson E. 2002. In vitro human metabolism of
permethrin. Pest Biochem Physiol 73:117-128.</mixed-citation>
         </ref>
         <ref id="d9798e651a1310">
            <mixed-citation id="d9798e655" publication-type="other">
Collett D. 1994. Modelling Survival Data in Medical Research.
1st ed. Boca Raton, FL:Chapman &amp;amp; Hall/CRC.</mixed-citation>
         </ref>
         <ref id="d9798e665a1310">
            <mixed-citation id="d9798e669" publication-type="other">
Conway JM, Ingwersen LA, Moshfegh AJ. 2004. Accuracy of
dietary recall using the USDA five-step multiple-pass
method in men: an observational validation study. J Am
Diet Assoc 104:595-603.</mixed-citation>
         </ref>
         <ref id="d9798e685a1310">
            <mixed-citation id="d9798e691" publication-type="other">
Di Consiglio E, Meneguz A, Testai E. 2005. Organophosphoro-
thionate pesticides inhibit the bioactivation of imipramine by
human hepatic cytochrome P450s. Toxicol Appl Pharmacol
205:237-246.</mixed-citation>
         </ref>
         <ref id="d9798e708a1310">
            <mixed-citation id="d9798e712" publication-type="other">
Eadsforth CV, Baldwin M. 1983. Human dose-excretion studies
with the pyrethroid insecticide, cypermethrin. Xenobiotica
13:67-72.</mixed-citation>
         </ref>
         <ref id="d9798e725a1310">
            <mixed-citation id="d9798e729" publication-type="other">
Eadsforth CV, Bragt P, van Sittert NJ. 1988. Human dose-excre-
tion studies with pyrethroid insecticides cypermethrin and
alphacypermethrin. Xenobiotica 18:603-614.</mixed-citation>
         </ref>
         <ref id="d9798e742a1310">
            <mixed-citation id="d9798e746" publication-type="other">
Efron B. 1979. Bootstrap methods: another look at the jackknife.
Ann Statist 7:1-26.</mixed-citation>
         </ref>
         <ref id="d9798e756a1310">
            <mixed-citation id="d9798e760" publication-type="other">
FDA (U.S. Food and Drug Administration). 2001. Total Diet
Study. Available: http://www.cfsan.fda.gov/~comm/tds-
toc.html [accessed 5 December 2006].</mixed-citation>
         </ref>
         <ref id="d9798e773a1310">
            <mixed-citation id="d9798e777" publication-type="other">
Flockhart DA. 2005. Drug Interactions Cytochrome P450 Drug
Interaction Table. Indiana University School of Medicine.
Available: http://medicine.iupui.edu/flockhart/table.htm
[accessed 31 July 2005].</mixed-citation>
         </ref>
         <ref id="d9798e793a1310">
            <mixed-citation id="d9798e797" publication-type="other">
Godin SJ, Crow JA, Scollon EJ, Hughes MF, DeVito MJ,
Ross MK. 2007. Identification of rat and human cytochrome
p450 isoforms and a rat serum esterase that metabolize the
pyrethroid insecticides deltamethrin and esfenvalerate.
Drug Metab Dispos 35:1664-1671.</mixed-citation>
         </ref>
         <ref id="d9798e817a1310">
            <mixed-citation id="d9798e821" publication-type="other">
Helsel D. 1990. Less than obvious: statistical treatment of data
below the detection limit. Environ Sci Tech 24:1766-1774.</mixed-citation>
         </ref>
         <ref id="d9798e831a1310">
            <mixed-citation id="d9798e835" publication-type="other">
Heudorf U, Angerer J. 2001. Metabolites of pyrethroid insecti-
cides in urine specimens. Environ Health Perspect
109:213-217.</mixed-citation>
         </ref>
         <ref id="d9798e848a1310">
            <mixed-citation id="d9798e852" publication-type="other">
Heudorf U, Angerer J, Drexler H. 2004. Current internal expo-
sure to pesticides in children and adolescents in Germany.
Int Arch Occup Environ Health 77:67-72.</mixed-citation>
         </ref>
         <ref id="d9798e865a1310">
            <mixed-citation id="d9798e869" publication-type="other">
Horton NJ, Fitzmaurice GM. 2004. Regression analysis of multi-
ple source and multiple informant data from complex sur-
vey samples. Statist Med 23:2911-2933.</mixed-citation>
         </ref>
         <ref id="d9798e882a1310">
            <mixed-citation id="d9798e886" publication-type="other">
Kroll CN, Stedinger JR. 1999. Development of regional regres-
sion relationships with censored data. Wat Resour Res
35:775-784.</mixed-citation>
         </ref>
         <ref id="d9798e899a1310">
            <mixed-citation id="d9798e903" publication-type="other">
Leng G, Berger-Preiss E, Levsen K, Ranft U, Sugiri D, Hadnagy
W, et al. 2005. Pyrethroids used indoor-ambient monitoring
of pyrethroids following a pest control operation. Int J Hyg
Environ Health 208:193-199.</mixed-citation>
         </ref>
         <ref id="d9798e920a1310">
            <mixed-citation id="d9798e924" publication-type="other">
Leng G, Kuhn K, Idel H. 1996. Biological monitoring of
pyrethroid metabolites in urine of pest control operators.
Toxicol Lett 88:215-220.</mixed-citation>
         </ref>
         <ref id="d9798e937a1310">
            <mixed-citation id="d9798e941" publication-type="other">
Leng G, Leng A, Kühn KH, Lewalter J, Pauluhn J. 1997. Human
dose-excretion studies with the pyrethroid insecticide
cyfluthrin urinary metabolite profile following inhalation.
Xenobiotica 27:1273-1283.</mixed-citation>
         </ref>
         <ref id="d9798e957a1310">
            <mixed-citation id="d9798e961" publication-type="other">
Leng G, Ranft U, Sugiri D, Hadnagy W, Berger-Preiss E, Idel H.
2003. Pyrethroids used indoors biological monitoring of
exposure to pyrethroids following an indoor pest control
operation. Int J Hyg Environ Health 206:85-92.</mixed-citation>
         </ref>
         <ref id="d9798e977a1310">
            <mixed-citation id="d9798e981" publication-type="other">
Lu C, Barr D, Pearson M, Bartell S, Bravo R. 2006. A longitudinal
approach of assessing urban and suburban children's
exposure to pyrethroid pesticides. Environ Health Perspect
114:1419-1423.</mixed-citation>
         </ref>
         <ref id="d9798e997a1310">
            <mixed-citation id="d9798e1001" publication-type="other">
Lubin JH, Colt J, Camann D, Davis S, Cerhan JR, Severson RK,
et al. 2004. Epidemiologie evaluation of measurement data
in the presence of detection limits. Environ Health Perspect
112:1691-1696.</mixed-citation>
         </ref>
         <ref id="d9798e1017a1310">
            <mixed-citation id="d9798e1021" publication-type="other">
Macintosh DL, Williams P, Hunter DJ, Sampson LA, Morris SC,
Willett WC, et al. 1997. Evaluation of a food frequency
questionnaire-food composition approach for estimating
dietary intake of inorganic arsenic and methylmercury.
Cancer Epidemiol Biomarkers Prev 6:1043-1050.</mixed-citation>
         </ref>
         <ref id="d9798e1041a1310">
            <mixed-citation id="d9798e1045" publication-type="other">
National Research Council. 1993. Pesticides in the Diets of
Infants and Children. Washington, DC,National Academy
Press.</mixed-citation>
         </ref>
         <ref id="d9798e1058a1310">
            <mixed-citation id="d9798e1062" publication-type="other">
Nishi K, Huang H, Kamita SG, Kim IH, Morisseau C, Hammock
BD. 2006. Characterization of pyrethroid hydrolysis by the
human liver carboxylesterases hCE-1 and hCE-2. Arch
Biochem Biophys 445:115-123.</mixed-citation>
         </ref>
         <ref id="d9798e1078a1310">
            <mixed-citation id="d9798e1082" publication-type="other">
Ray D, Fry J. 2006. A reassessment of the neurotoxicity of
pyrethroid insecticides. Pharmacol Ther 111(1):174-193.</mixed-citation>
         </ref>
         <ref id="d9798e1092a1310">
            <mixed-citation id="d9798e1096" publication-type="other">
Romieu I, Stampfer M, Stryker WS, Hernandez M, Kaplan L,
Sober A, et al. 1990. Food predictors of plasma beta-
carotene and alpha-tocopherol. Am J Epidemiol 131:864-876.</mixed-citation>
         </ref>
         <ref id="d9798e1109a1310">
            <mixed-citation id="d9798e1113" publication-type="other">
Ross MK, Borazjani A, Edwards CC, Potter PM. 2006. Hydrolytic
metabolism of pyrethroids by human and other mammalian
carboxylesterases. Biochem Pharmacol 71:657-669.</mixed-citation>
         </ref>
         <ref id="d9798e1126a1310">
            <mixed-citation id="d9798e1130" publication-type="other">
Ryan PB, Scanlon K, Macintosh DL. 2001. Analysis of dietary
intake of selected metals in the NHEXAS-Maryland inves-
tigation. Environ Health Perspect 109:121-128.</mixed-citation>
         </ref>
         <ref id="d9798e1144a1310">
            <mixed-citation id="d9798e1148" publication-type="other">
Saieva C, Aprea C, Tumino R, Masala G, Salvini S, Frasca G,
et al. 2004. Twenty-four-hour urinary excretion often pes-
ticide metabolites in healthy adults in two different areas
of Italy. Sci Total Environ 332:71-80.</mixed-citation>
         </ref>
         <ref id="d9798e1164a1310">
            <mixed-citation id="d9798e1168" publication-type="other">
SAS Institute Inc. 2004. SAS/STAT 9.1 User's Guide. Cary,
NC:SAS Institute Inc.</mixed-citation>
         </ref>
         <ref id="d9798e1178a1310">
            <mixed-citation id="d9798e1182" publication-type="other">
Schettgen T, Heudorf, U, Drexler H, Angerer J. 2002. Pyrethroid
exposure of the general population: is this due to diet.
Toxicol Lett 134:141-145.</mixed-citation>
         </ref>
         <ref id="d9798e1195a1310">
            <mixed-citation id="d9798e1199" publication-type="other">
Shafer T, Meyer D. 2004. Effects of pyrethroids on voltage-sen-
sitive calcium channels: a critical evaluation of strengths,
weaknesses, data needs, and relationship to assessment
of cumulative neurotoxicity. Toxicol Appl Pharmacol
196:303-318.</mixed-citation>
         </ref>
         <ref id="d9798e1218a1310">
            <mixed-citation id="d9798e1222" publication-type="other">
Shafer T, Meyer D, Crofton K. 2005. Developmental neurotoxicity
of pyrethroid insectides: critical review and future research
needs. Environ Health Perspect 113:123-136.</mixed-citation>
         </ref>
         <ref id="d9798e1235a1310">
            <mixed-citation id="d9798e1239" publication-type="other">
Spencer J, O'Malley M. 2006. Pyrethroid illnesses in California,
1996-2002. Rev Environ Contam Toxicol 186:57-72.</mixed-citation>
         </ref>
         <ref id="d9798e1250a1310">
            <mixed-citation id="d9798e1254" publication-type="other">
Tobin J. 1958. Estimation of relationships for limited dependent
variables. Econometrica 26:24-36.</mixed-citation>
         </ref>
         <ref id="d9798e1264a1310">
            <mixed-citation id="d9798e1268" publication-type="other">
Williams MK, Barr D, Camann DE, Cruz LA, Carlton EJ, Borjas
M, et al. 2006. An intervention to reduce residential insec-
ticide exposure during pregnancy among an inner-city
cohort. Environ Health Perspect 114:1684-1689.</mixed-citation>
         </ref>
         <ref id="d9798e1284a1310">
            <mixed-citation id="d9798e1288" publication-type="other">
Woollen BH, Marsh J, Laird WJ, Lesser JE. 1992. The metabo-
lism of cypermethrin in man: differences in urinary metabo-
lite profiles following oral and dermal administration.
Xenobiotica 22:983-989.</mixed-citation>
         </ref>
         <ref id="d9798e1304a1310">
            <mixed-citation id="d9798e1308" publication-type="other">
Xue J, Zartarian V, Moya J, Freeman N, Beamer P, Black K, et al.
2007. A meta-analysis of children's hand-to-mouth fre-
quency data for estimating nondietary ingestion exposure.
Risk Anal 27:411-420.</mixed-citation>
         </ref>
      </ref-list>
   </back>
</article>
