<article dtd-version="1.0" article-type="research-article">
   <front>
      <journal-meta>
         <journal-id xmlns:xlink="http://www.w3.org/1999/xlink" journal-id-type="jstor">envihealpers</journal-id>
         <journal-id xmlns:xlink="http://www.w3.org/1999/xlink" journal-id-type="jstor">j100482</journal-id>
         <journal-title-group xmlns:xlink="http://www.w3.org/1999/xlink">
            <journal-title>Environmental Health Perspectives</journal-title>
         </journal-title-group>
         <publisher>
            <publisher-name>National Institute of Environmental Health Sciences</publisher-name>
         </publisher>
         <issn xmlns:xlink="http://www.w3.org/1999/xlink" pub-type="ppub">00916765</issn>
      </journal-meta>
      <article-meta>
         <article-id xmlns:xlink="http://www.w3.org/1999/xlink" pub-id-type="jstor">25071186</article-id>
         <article-id pub-id-type="pub-doi">10.1289/ehp.11514</article-id>
         <article-categories>
            <subj-group>
               <subject>Research</subject>
            </subj-group>
         </article-categories>
         <title-group>
            <article-title>A Margin-of-Exposure Approach to Assessment of Noncancer Risks of Dioxins Based on Human Exposure and Response Data</article-title>
         </title-group>
         <contrib-group>
            <contrib>
               <string-name xmlns:xlink="http://www.w3.org/1999/xlink">
                  <given-names>Lesa L.</given-names>
                  <surname>Aylward</surname>
               </string-name>
            </contrib>
            <contrib>
               <string-name xmlns:xlink="http://www.w3.org/1999/xlink">
                  <given-names>Julie E.</given-names>
                  <surname>Goodman</surname>
               </string-name>
            </contrib>
            <contrib>
               <string-name xmlns:xlink="http://www.w3.org/1999/xlink">
                  <given-names>Gail</given-names>
                  <surname>Charnley</surname>
               </string-name>
            </contrib>
            <contrib>
               <string-name xmlns:xlink="http://www.w3.org/1999/xlink">
                  <given-names>Lorenz R.</given-names>
                  <surname>Rhomberg</surname>
               </string-name>
            </contrib>
         </contrib-group>
         <pub-date xmlns:xlink="http://www.w3.org/1999/xlink">
            <day>1</day>
            <month>10</month>
            <year>2008</year>
         </pub-date>
         <volume>116</volume>
         <issue>10</issue>
         <issue-id xmlns:xlink="http://www.w3.org/1999/xlink">i25071156</issue-id>
         <fpage>1344</fpage>
         <lpage>1351</lpage>
         <self-uri xmlns:xlink="http://www.w3.org/1999/xlink"
                   xlink:href="http://www.jstor.org/stable/25071186"/>
         <abstract>
            <p>Background: Risk assessment of human environmental exposure to polychlorinated dibenzo-p-dioxins and dibenzofurans (PCDD/PCDFs) and other dioxin-like compounds is complicated by several factors, including limitations in measuring intakes because of the low concentrations of these compounds in foods and the environment and interspecies differences in pharmacokinetics and responses. Objectives: We examined the feasibility of relying directly on human studies of exposure and potential responses to PCDD/PCDFs and related compounds in terms of measured lipid-adjusted concentrations to assess margin of exposure (MOE) in a quantitative, benchmark dose (BMD)-based framework using representative exposure and selected response data sets. Methods: We characterize estimated central tendency and upper-bound general U.S. population lipid-adjusted concentrations of PCDD/PCDFs from the 1970s and early 2000s based on available data sets. Estimates of benchmark concentrations for three example responses of interest (induction of cytochrome P4501A2 activity, dental anomalies, and neonatal thyroid hormone alterations) were derived based on selected human studies. Results: The exposure data sets indicate that current serum lipid concentrations in young adults are approximately 6- to 7-fold lower than 1970s-era concentrations. Estimated MOEs for each end point based on current serum lipid concentrations range from &lt; 10 for neonatal thyroid hormone concentrations to &gt; 100 for dental anomalies-approximately 6-fold greater than would have existed during the 1970s. Conclusions: Human studies of dioxin exposure and outcomes can be used in a BMD framework for quantitative assessments of MOE. Incomplete exposure characterization can complicate the use of such studies in a BMD framework.</p>
         </abstract>
         <kwd-group>
            <kwd>Benchmark dose</kwd>
            <kwd>Dioxin</kwd>
            <kwd>Enzyme induction</kwd>
            <kwd>Risk assessment</kwd>
            <kwd>Thyroid</kwd>
            <kwd>Tissue concentrations</kwd>
         </kwd-group>
         <custom-meta-group xmlns:xlink="http://www.w3.org/1999/xlink">
            <custom-meta>
               <meta-name>lang</meta-name>
               <meta-value>eng</meta-value>
            </custom-meta>
         </custom-meta-group>
      </article-meta>
   </front>
   <back>
      <ref-list>
         <title>References</title>
         <ref id="d7917e220a1310">
            <mixed-citation id="d7917e224" publication-type="other">
Alaluusua S, Calderara P, Gerthoux PM, Lukinmaa PL, Kovero 0,
Needham L, et al. 2004. Developmental dental aberrations
after the dioxin accident in Seveso. Environ Health Perspect
112:1313-1318.</mixed-citation>
         </ref>
         <ref id="d7917e240a1310">
            <mixed-citation id="d7917e244" publication-type="other">
Alaluusua S, Lukinmaa PL. 2006. Developmental dental toxicity
of dioxin and related compounds—a review. Int Dent J
56(6):323-331.</mixed-citation>
         </ref>
         <ref id="d7917e257a1310">
            <mixed-citation id="d7917e261" publication-type="other">
Aylward LL, Hays SM. 2002. Temporal trends in human TCDD
body burden: decreases over three decades and implica-
tions for exposure levels. J Expo Anal Environ Epidemiol
12:319-328.</mixed-citation>
         </ref>
         <ref id="d7917e277a1310">
            <mixed-citation id="d7917e281" publication-type="other">
Charnley G, Kimbrough RD. 2006. Overview of exposure, toxic-
ity, and risks to children from current levels of 2,3,7,8-
tetrachlorodibenzo-p-dioxin and related compounds in the
USA. Food Chem Toxicol 44(5):601-615.</mixed-citation>
         </ref>
         <ref id="d7917e298a1310">
            <mixed-citation id="d7917e302" publication-type="other">
Connor KT, Aylward LL. 2006. Human response to dioxin: aryl
hydrocarbon receptor (AhR) molecular structure, function,
and dose-response data for enzyme induction indicate an
impaired human AhR. J Toxicol Environ Health B Crit Rev
9(2):147-171.</mixed-citation>
         </ref>
         <ref id="d7917e321a1310">
            <mixed-citation id="d7917e325" publication-type="other">
ECSCF (European Commission Scientific Committee on Foods).
2001. Opinion of the Scientific Committee on Food on the
Risk Assessment of Dioxins and Dioxin-like PCBs in Food.
CS/CNTM/DIOXIN/20 final. Brussels, Belgium:European
Commisssion. Available: http://europa.eu.int/comm/food/
fs/sc/scf/out90_en.pdf [accessed 15 January 2008].</mixed-citation>
         </ref>
         <ref id="d7917e348a1310">
            <mixed-citation id="d7917e352" publication-type="other">
Eskenazi B, Mocarelli P, Warner M, Needham L, Patterson DG,
Samuels S, et al. 2004. Relationship of serum TCDD con-
centrations and age at exposure of female residents of
Seveso, Italy. Environ Health Perspect 112:22-27.</mixed-citation>
         </ref>
         <ref id="d7917e368a1310">
            <mixed-citation id="d7917e372" publication-type="other">
Faqi AS, Dalsenter PR, Merker HJ, Chahoud I. 1998.
Reproductive toxicity and tissue concentrations of low
doses of 2,3,7,8-tetrachlorodibenzo-p-dioxin in male off-
spring rats exposed throughout pregnancy and lactation.
Toxicol Appl Pharmacol 150(2):383-392.</mixed-citation>
         </ref>
         <ref id="d7917e391a1310">
            <mixed-citation id="d7917e395" publication-type="other">
Ferriby LL, Knutsen JS, Harris M, Nony P, Unice KM,
Paustenbach DJ, et al. 2007. Evaluation of PCDD/F and dioxin-
like PCB serum concentration data from the 2001-2002
National Health and Nutrition Examination Survey of United
States citizens. J Exp Sei Environ Epidemiol 17(4):358-371.</mixed-citation>
         </ref>
         <ref id="d7917e414a1310">
            <mixed-citation id="d7917e418" publication-type="other">
Furst P, Wilmers K. 1997. Decline of human PCDD/F intake via
food between 1989 and 1996. Organohalogen Compounds
33:116-121.</mixed-citation>
         </ref>
         <ref id="d7917e432a1310">
            <mixed-citation id="d7917e436" publication-type="other">
Gaylor DW, Aylward LL. 2004. An evaluation of benchmark
dose methodology for non-cancer continuous-data health
effects in animals due to exposures to dioxin (TCDD).
Regul Toxicol Pharmacol 40:9-17.</mixed-citation>
         </ref>
         <ref id="d7917e452a1310">
            <mixed-citation id="d7917e456" publication-type="other">
Giacomini SM, Hou L, Bertazzi PA, Baccarelli A. 2006. Dioxin
effects on neonatal and infant thyroid function: routes of
perinatal exposure, mechanisms of action and evidence
from epidemiology studies. Int Arch Occup Environ Health
79(5):396-404.</mixed-citation>
         </ref>
         <ref id="d7917e475a1310">
            <mixed-citation id="d7917e479" publication-type="other">
Hays SM, Aylward LL 2003. Dioxin risks in perspective: past,
present, and future. Regul Toxicol Pharmacol 37(2):202-217.</mixed-citation>
         </ref>
         <ref id="d7917e489a1310">
            <mixed-citation id="d7917e493" publication-type="other">
Hill AB. 1965. The environment disease: association or causation.
Proc R Soc Med 58:295-300.</mixed-citation>
         </ref>
         <ref id="d7917e503a1310">
            <mixed-citation id="d7917e507" publication-type="other">
Hubner U, Englisch C, Werkmann H, Butz H, Georgs T,
Zabransky S, et al. 2002. Continuous age-dependent refer-
ence ranges for thyroid hormones in neonates, infants, chil-
dren and adolescents established using the ADVIA Centaur
Analyzer. Clin Chem Lab Med 40(10):1040-1047.</mixed-citation>
         </ref>
         <ref id="d7917e526a1310">
            <mixed-citation id="d7917e530" publication-type="other">
Hurst CH, DeVito MJ, Birnbaum LS. 2000. Tissue disposition of
2,3,7,8-tetrachlorodibenzo-p-dioxin (TCDD) in maternal and
developing Long-Evans rats following subchronic exposure.
Toxicol Sei 57(2):275-283.</mixed-citation>
         </ref>
         <ref id="d7917e547a1310">
            <mixed-citation id="d7917e551" publication-type="other">
JECFA (Joint Food and Agriculture Organization/World Health
Organization Expert Committee on Food Additives). 2001.
Joint FA0/WH0 Expert Committee on Food Additives, Fifty-
Seventh Meeting, 5-14 June 2001, Rome. Summary and
Conclusions. Available: http://www.who.int/ipcs/food/jecfa/
summaries/en/summary_57.pdf [accessed 15 January 2008].</mixed-citation>
         </ref>
         <ref id="d7917e574a1310">
            <mixed-citation id="d7917e578" publication-type="other">
Kang HK, Watanabe KK, Breen J, Remmers JA, Stanley J,
Flicker M. 1990. Dioxins and Dibenzofurans in Adipose
Tissue of U.S. Vietnam Veterans and Controls. NTIS PB-
91167585. Washington, DC:U.S. Department of Veterans
Affairs/U.S. Environmental Protection Agency.</mixed-citation>
         </ref>
         <ref id="d7917e597a1310">
            <mixed-citation id="d7917e601" publication-type="other">
Koopman-Esseboom C, Morse DC, Weisglas-Kuperus N,
Lutkeschipholt IJ, Van der Paauw CG, Tuinstra LG, et al.
1994. Effects of dioxins and polychlorinated biphenyls on
thyroid hormone status of pregnant women and their
infants. Pediatr Res 36(4):468-473.</mixed-citation>
         </ref>
         <ref id="d7917e620a1310">
            <mixed-citation id="d7917e624" publication-type="other">
Kreiss K. 1985. Studies on populations exposed to polychlorinated
biphenyls. Environ Health Perspect 60:193-199.</mixed-citation>
         </ref>
         <ref id="d7917e634a1310">
            <mixed-citation id="d7917e638" publication-type="other">
Lambert GH, Needham LL, Turner W, Lai TJ, Patterson DG Jr,
Guo YL 2006. Induced CYP1A2 activity as a phenotypic bio-
marker in humans highly exposed to certain PCBs/PCDFs.
Environ Sei Technol 40(19):6176-6180.</mixed-citation>
         </ref>
         <ref id="d7917e654a1310">
            <mixed-citation id="d7917e658" publication-type="other">
Landi MT, Sinha R, Lang NP, Kadlubar FF. 1999. Human
cytochrome P4501A2. IARC Sci Publ 148:173-195.</mixed-citation>
         </ref>
         <ref id="d7917e669a1310">
            <mixed-citation id="d7917e673" publication-type="other">
Liem AK, Furst P, Rappe C. 2000. Exposure of populations to
dioxins and related compounds. Food Addit Contam
17(4):241-259.</mixed-citation>
         </ref>
         <ref id="d7917e686a1310">
            <mixed-citation id="d7917e690" publication-type="other">
Lorber M. 2002. A pharmacokinetic model for estimating expo-
sure of Americans to dioxin-like compounds in the past,
present, and future. Sci Total Environ 288:81-95.</mixed-citation>
         </ref>
         <ref id="d7917e703a1310">
            <mixed-citation id="d7917e709" publication-type="other">
Maervoet J, Vermeir G, Covaci A, Van Larebeke N, Koppen G,
Schoeters G, et al. 2007. Association of thyroid hormone
concentrations with levels of organochlorine compounds
in cord blood of neonates. Environ Health Perspect
115:1780-1786.</mixed-citation>
         </ref>
         <ref id="d7917e728a1310">
            <mixed-citation id="d7917e732" publication-type="other">
National Center for Health Statistics. 2008. NHANES 2001-2002.
Available: http://www.cdc.gov/nchs/about/major/nhanes/
nhanes01-02.htm [accessed 4 September 2008].</mixed-citation>
         </ref>
         <ref id="d7917e745a1310">
            <mixed-citation id="d7917e749" publication-type="other">
Nichols BR, Hentz KL, Aylward L, Hays SM, Lamb JC. 2007.
Age-specific reference ranges for polychlorinated
biphenyls (PCB) based on the NHANES 2001-2002 survey.
J Toxicol Environ Health A 70(21 ):1873-1877.</mixed-citation>
         </ref>
         <ref id="d7917e765a1310">
            <mixed-citation id="d7917e769" publication-type="other">
Patterson DG Jr, Needham LL, Pirkle JL, Roberts DW, Bagby J,
Garrett WA, et al. 1988. Correlation between serum and
adipose tissue levels of 2,3,7,8-tetrachlorodibenzo-p-
dioxin in 50 persons from Missouri. Arch Environ Contam
Toxicol 17(2):139-143.</mixed-citation>
         </ref>
         <ref id="d7917e789a1310">
            <mixed-citation id="d7917e793" publication-type="other">
Risk Commission. 1997. U.S. Commission on Risk Assessment
and Risk Management. Final Report, Vol 1. Framework for
Environmental Health Risk Management. GP0 055-000-
00567-2. Washington, DC:U.S. Commission on Risk
Assessment and Risk Management.</mixed-citation>
         </ref>
         <ref id="d7917e812a1310">
            <mixed-citation id="d7917e816" publication-type="other">
Siparsky G, Accurso FJ. 2007. Chemistry and hematology refer-
ence intervals. In: Current Pediatrie Diagnosis and
Treatment (Hay WW, Levin MJ, Sondheimer JM,
Deterding RR, eds). 18th ed. New York:McGraw Hill.
Available: http://www.accessmedicine.com/content.
aspx?aid=2356943 [accessed 16 May 2008].</mixed-citation>
         </ref>
         <ref id="d7917e839a1310">
            <mixed-citation id="d7917e843" publication-type="other">
Smith AH, Lopipero P. 2001. Evaluation of the Toxicity of
Dioxins and Dioxin-like PCBs: A Health Risk Appraisal for
the New Zealand Population. Ministry for the Environment,
Wellington, NewZealand:Ministry for the Environment.
Available: http://www.mfe.govt.nz/publications/hazardous/
dioxin-evaluation-feb01.pdf [accessed 15 January 2008].</mixed-citation>
         </ref>
         <ref id="d7917e866a1310">
            <mixed-citation id="d7917e870" publication-type="other">
UKC0T (United Kingdom Committee on Toxicology). 2001.
Statement on the Tolerable Daily Intake for Dioxins and
Dioxin-like Polychlorinated Biphenyls. Available:
http://cot.food.gov.uk/pdfs/cot-diox-full.pdf [accessed
4 September 2008].</mixed-citation>
         </ref>
         <ref id="d7917e889a1310">
            <mixed-citation id="d7917e893" publication-type="other">
UKFSA. 2003. Dioxins and Dioxin-like PCBs in the UK Diet: 2001
Total Diet Study Samples. Report 38/03. London:United
Kingdom Food Standards Agency. Available: http://www.
food.gov.uk/multimedia/pdfs/fsis38_2003.pdf [accessed
5 September 2008].</mixed-citation>
         </ref>
         <ref id="d7917e912a1310">
            <mixed-citation id="d7917e916" publication-type="other">
UMDES. 2008. University of Michigan Dioxin Exposure Study.
Available: http://www.sph.umich.edu/dioxin/index.html
[accessed 15 January 2008].</mixed-citation>
         </ref>
         <ref id="d7917e930a1310">
            <mixed-citation id="d7917e934" publication-type="other">
U.S. EPA. 2000. Exposure and Human Health Reassessment of
2,3,7,8-Tetrachlorodibenzo-p-Dioxin and Related
Compounds. Draft Final. EPA/600/P-00/001Be. Washington,
DC:National Center for Environmental Assessment, U.S.
Environmental Protection Agency.</mixed-citation>
         </ref>
         <ref id="d7917e953a1310">
            <mixed-citation id="d7917e957" publication-type="other">
U.S. EPA. 2003. Exposure and Human Health Reassessment of
2,3,7,8-Tetrachlorodibenzo-p-Dioxin and Related
Compounds. NAS Review Draft. Washington, DC:National
Center for Environmental Assessment, U.S. Environmental
Protection Agency.</mixed-citation>
         </ref>
         <ref id="d7917e976a1310">
            <mixed-citation id="d7917e980" publication-type="other">
U.S. EPA. 2006. An Inventory of Sources and Environmental
Releases of Dioxin-Like Compounds in the United States
for the Years 1987, 1995, and 2000. EPA/600/P-03/002F.
Washington, DC:National Center for Environmental
Assessment, Office of Research and Development, U.S.
Environmental Protection Agency.</mixed-citation>
         </ref>
         <ref id="d7917e1003a1310">
            <mixed-citation id="d7917e1007" publication-type="other">
U.S. FDA. 2008. PCDD/PCDF Exposure Estimates from TDS
Samples Collected in 2001-2004. Washington, DC:U.S.
Food and Drug Administration Center for Food Safety and
Nutrition. Available: http://www.cfsan.fda.gov/~lrd/
dioxee.html [accessed 15 January 2008].</mixed-citation>
         </ref>
         <ref id="d7917e1026a1310">
            <mixed-citation id="d7917e1030" publication-type="other">
van den Berg M, Birnbaum L, Bosveld AT, Brunstrom B,
Cook P, Feeley M, et al. 1998. Toxic equivalency factors
(TEFs) for PCBs, PCDDs, PCDFs for humans and wildlife.
Environ Health Perspect 106:775-792.</mixed-citation>
         </ref>
         <ref id="d7917e1046a1310">
            <mixed-citation id="d7917e1050" publication-type="other">
van den Berg M, Birnbaum LS, Denison M, De Vito M,
Farland W, Feeley M, et al. 2006. The 2005 World Health
Organization reevaluation of human and mammalian toxic
equivalency factors for dioxins and dioxin-like compounds.
Toxicol Sci 93(2):223-241.</mixed-citation>
         </ref>
         <ref id="d7917e1070a1310">
            <mixed-citation id="d7917e1074" publication-type="other">
WHO. 1998. Executive Summary. Assessment of the Health
Risks of Dioxins: Re-evaluation of the Tolerable Daily
Intake (TDI). Geneva:World Health Organization. Available:
http://www.who.int/ipcs/publications/en/exe-sum-final.pdf
[accessed 15 May 2008].</mixed-citation>
         </ref>
         <ref id="d7917e1093a1310">
            <mixed-citation id="d7917e1097" publication-type="other">
Wilhelm M, Wittsiepe J, Lemm F, Ranft U, Krämer U, Fürst P,
et al. 2008. The Duisburg birth cohort study: influence of the
prenatal exposure to PCDD/Fs and dioxin-like PCBs on thy-
roid hormone status in newborns and neurodevelopment of
infants until the age of 24 months. Mutat Res 659:83-92.</mixed-citation>
         </ref>
         <ref id="d7917e1116a1310">
            <mixed-citation id="d7917e1120" publication-type="other">
Wittsiepe J, Furst P, Schrey P, Lemm F, Kraft M, Eberwein G,
et al. 2007. PCDD/F and dioxin-like PCB in human blood and
milk from German mothers. Chemosphere 67(9):S286-294.</mixed-citation>
         </ref>
      </ref-list>
   </back>
</article>
