<article dtd-version="1.0" article-type="research-article">
   <front>
      <journal-meta>
         <journal-id xmlns:xlink="http://www.w3.org/1999/xlink" journal-id-type="jstor">envihealpers</journal-id>
         <journal-id xmlns:xlink="http://www.w3.org/1999/xlink" journal-id-type="jstor">j100482</journal-id>
         <journal-title-group xmlns:xlink="http://www.w3.org/1999/xlink">
            <journal-title>Environmental Health Perspectives</journal-title>
         </journal-title-group>
         <publisher>
            <publisher-name>National Institute of Environmental Health Sciences</publisher-name>
         </publisher>
         <issn xmlns:xlink="http://www.w3.org/1999/xlink" pub-type="ppub">00916765</issn>
      </journal-meta>
      <article-meta>
         <article-id xmlns:xlink="http://www.w3.org/1999/xlink" pub-id-type="jstor">25071201</article-id>
         <article-id pub-id-type="pub-doi">10.1289/ehp.10968</article-id>
         <article-categories>
            <subj-group>
               <subject>Research</subject>
               <subj-group>
                  <subject>Children's Health</subject>
               </subj-group>
            </subj-group>
         </article-categories>
         <title-group>
            <article-title>Traffic-Related Air Pollution and Asthma Onset in Children: A Prospective Cohort Study with Individual Exposure Measurement</article-title>
         </title-group>
         <contrib-group>
            <contrib>
               <string-name xmlns:xlink="http://www.w3.org/1999/xlink">
                  <given-names>Michael</given-names>
                  <surname>Jerrett</surname>
               </string-name>
            </contrib>
            <contrib>
               <string-name xmlns:xlink="http://www.w3.org/1999/xlink">
                  <given-names>Ketan</given-names>
                  <surname>Shankardass</surname>
               </string-name>
            </contrib>
            <contrib>
               <string-name xmlns:xlink="http://www.w3.org/1999/xlink">
                  <given-names>Kiros</given-names>
                  <surname>Berhane</surname>
               </string-name>
            </contrib>
            <contrib>
               <string-name xmlns:xlink="http://www.w3.org/1999/xlink">
                  <given-names>W. James</given-names>
                  <surname>Gauderman</surname>
               </string-name>
            </contrib>
            <contrib>
               <string-name xmlns:xlink="http://www.w3.org/1999/xlink">
                  <given-names>Nino</given-names>
                  <surname>Künzli</surname>
               </string-name>
            </contrib>
            <contrib>
               <string-name xmlns:xlink="http://www.w3.org/1999/xlink">
                  <given-names>Edward</given-names>
                  <surname>Avol</surname>
               </string-name>
            </contrib>
            <contrib>
               <string-name xmlns:xlink="http://www.w3.org/1999/xlink">
                  <given-names>Frank</given-names>
                  <surname>Gilliland</surname>
               </string-name>
            </contrib>
            <contrib>
               <string-name xmlns:xlink="http://www.w3.org/1999/xlink">
                  <given-names>Fred</given-names>
                  <surname>Lurmann</surname>
               </string-name>
            </contrib>
            <contrib>
               <string-name xmlns:xlink="http://www.w3.org/1999/xlink">
                  <given-names>Jassy N.</given-names>
                  <surname>Molitor</surname>
               </string-name>
            </contrib>
            <contrib>
               <string-name xmlns:xlink="http://www.w3.org/1999/xlink">
                  <given-names>John T.</given-names>
                  <surname>Molitor</surname>
               </string-name>
            </contrib>
            <contrib>
               <string-name xmlns:xlink="http://www.w3.org/1999/xlink">
                  <given-names>Duncan C.</given-names>
                  <surname>Thomas</surname>
               </string-name>
            </contrib>
            <contrib>
               <string-name xmlns:xlink="http://www.w3.org/1999/xlink">
                  <given-names>John</given-names>
                  <surname>Peters</surname>
               </string-name>
            </contrib>
            <contrib>
               <string-name xmlns:xlink="http://www.w3.org/1999/xlink">
                  <given-names>Rob</given-names>
                  <surname>McConnell</surname>
               </string-name>
            </contrib>
         </contrib-group>
         <pub-date xmlns:xlink="http://www.w3.org/1999/xlink">
            <day>1</day>
            <month>10</month>
            <year>2008</year>
         </pub-date>
         <volume>116</volume>
         <issue>10</issue>
         <issue-id xmlns:xlink="http://www.w3.org/1999/xlink">i25071156</issue-id>
         <fpage>1433</fpage>
         <lpage>1438</lpage>
         <self-uri xmlns:xlink="http://www.w3.org/1999/xlink"
                   xlink:href="http://www.jstor.org/stable/25071201"/>
         <abstract>
            <p>Background: The question of whether air pollution contributes to asthma onset remains unresolved. Objectives: In this study, we assessed the association between asthma onset in children and traffic-related air pollution. Methods: We selected a sample of 217 children from participants in the Southern California Children's Health Study, a prospective cohort designed to investigate associations between air pollution and respiratory health in children 10-18 years of age. Individual covariates and new asthma incidence (30 cases) were reported annually through questionnaires during 8 years of follow-up. Children had nitrogen dioxide monitors placed outside their home for 2 weeks in the summer and 2 weeks in the fall-winter season as a marker of traffic-related air pollution. We used multilevel Cox models to test the associations between asthma and air pollution. Results: In models controlling for confounders, incident asthma was positively associated with traffic pollution, with a hazard ratio (HR) of 1.29 [95% confidence interval (CI), 1.07-1.56] across the average within-community interquartile range of 6.2 ppb in annual residential ${\rm NO}_{2}$. Using the total interquartile range for all measurements of 28.9 ppb increased the HR to 3.25 (95% CI, 1.35-7.85). Conclusions: In this cohort, markers of traffic-related air pollution were associated with the onset of asthma. The risks observed suggest that air pollution exposure contributes to new-onset asthma.</p>
         </abstract>
         <kwd-group>
            <kwd>Air pollution</kwd>
            <kwd>Asthma onset</kwd>
            <kwd>Children</kwd>
            <kwd>Nitrogen dioxide</kwd>
            <kwd>Traffic</kwd>
         </kwd-group>
         <custom-meta-group xmlns:xlink="http://www.w3.org/1999/xlink">
            <custom-meta>
               <meta-name>lang</meta-name>
               <meta-value>eng</meta-value>
            </custom-meta>
         </custom-meta-group>
      </article-meta>
   </front>
   <back>
      <ref-list>
         <title>References</title>
         <ref id="d7861e335a1310">
            <mixed-citation id="d7861e339" publication-type="other">
Brauer M, Hoek G, Smit HA, de Jongste JC, Gerritsen J,
Postma DS, et al. 2007. Air pollution and development of
asthma, allergy and infections in a birth cohort. Eur Respir
J 29(51):879-888.</mixed-citation>
         </ref>
         <ref id="d7861e355a1310">
            <mixed-citation id="d7861e359" publication-type="other">
Brauer M, Hoek G, Van Vliet P, Meliefste K, Fischer PH, Wijga A,
et al. 2002. Air pollution from traffic and the development of
respiratory infections and asthmatic and allergic symptoms
in children. Am J Respir Crit Care Med 166(8): 1092-1098.</mixed-citation>
         </ref>
         <ref id="d7861e375a1310">
            <mixed-citation id="d7861e379" publication-type="other">
Broder I, Higgins MW, Mathews KP, Keller JP. 1974.
Epidemiology of asthma and allergic rhinitis in a total com-
munity, Tecumseh, Michigan. IV. Natural history. J Allergy
Clin Immunol 54(2):100-110.</mixed-citation>
         </ref>
         <ref id="d7861e395a1310">
            <mixed-citation id="d7861e399" publication-type="other">
Brunekreef B, Janssen NA, de Hartog J, Harssema H, Knape
M, van Vliet P. 1997. Air pollution from truck traffic and
lung function in children living near motorways.
Epidemiology 8(3):298-303.</mixed-citation>
         </ref>
         <ref id="d7861e416a1310">
            <mixed-citation id="d7861e420" publication-type="other">
Brunekreef B, Sunyer J. 2003. Asthma, rhinitis and air pollution:
is traffic to blame? [Comment]. Eur Respir J 21(6):913-915.</mixed-citation>
         </ref>
         <ref id="d7861e430a1310">
            <mixed-citation id="d7861e434" publication-type="other">
Burney PG, Laitinen LA, Perdrizet S, Huckauf H, Tattersfield AE,
Chinn S, et al. 1989. Validity and repeatability of the
IUATLD (1984) bronchial symptoms questionnaire: an
international comparison. Eur Respir J 2(10):940-945.</mixed-citation>
         </ref>
         <ref id="d7861e450a1310">
            <mixed-citation id="d7861e454" publication-type="other">
Burr ML 1992. Diagnosing asthma by questionnaire in epidemi-
ological surveys. Clin Exp Allergy 22(5):509-510.</mixed-citation>
         </ref>
         <ref id="d7861e464a1310">
            <mixed-citation id="d7861e468" publication-type="other">
Ciccone G, Forastiere F, Agabiti N, Biggeri A, Bisanti L, Chellini
E, et al. 1998. Road traffic and adverse respiratory effects
in children. SIDRIA Collaborative Group. Occup Environ
Med 55(11):771-778.</mixed-citation>
         </ref>
         <ref id="d7861e484a1310">
            <mixed-citation id="d7861e488" publication-type="other">
Delfino RJ. 2002. Epidemiologie evidence for asthma and expo-
sure to air toxics: Linkages between occupational, indoor,
and community air pollution research. Environ Health
Perspect 110(suppl 4):573-589.</mixed-citation>
         </ref>
         <ref id="d7861e504a1310">
            <mixed-citation id="d7861e508" publication-type="other">
Dodge RR, Burrows B. 1980. The prevalence and incidence of
asthma and asthma-like symptoms in a general population
sample. Am Rev Respir Dis 122(4):567-575.</mixed-citation>
         </ref>
         <ref id="d7861e522a1310">
            <mixed-citation id="d7861e526" publication-type="other">
Duhme H, Weiland S, Keil U, Kraemer B, Schmid M, Stender M,
et al. 1996. The association between self-reported symp-
toms of asthma and allergic rhinitis and self-reported traffic
density on street residence in adolescents. Epidemiology
7(6):578-582.</mixed-citation>
         </ref>
         <ref id="d7861e545a1310">
            <mixed-citation id="d7861e549" publication-type="other">
Eder W, Ege MJ, von Mutius E. 2006. The asthma epidemic.
N Engl J Med 355(21):2226-2235.</mixed-citation>
         </ref>
         <ref id="d7861e559a1310">
            <mixed-citation id="d7861e563" publication-type="other">
Edwards J, Walters S, Griffiths RK. 1994. Hospital admissions
for asthma in preschool children: relationship to major
roads in Birmingham, United Kingdom. Arch Environ
Health 49(4):223-227.</mixed-citation>
         </ref>
         <ref id="d7861e579a1310">
            <mixed-citation id="d7861e583" publication-type="other">
Ehrlich RI, Du Toit D, Jordaan E, Volmink JA, Weinberg EG,
Zwarenstein M. 1995. Prevalence and reliability of asthma
symptoms in primary school children in Cape Town. Int J
Epidemiol 24(6):1138-1145.</mixed-citation>
         </ref>
         <ref id="d7861e599a1310">
            <mixed-citation id="d7861e603" publication-type="other">
Gauderman WJ, Avol E, Gilliland F, Vora H, Thomas D, Berhane
K, et al. 2004. The effect of air pollution on lung development
from 10 to 18 yearsof age. N Engl J Med 351(11):1057-1067.</mixed-citation>
         </ref>
         <ref id="d7861e616a1310">
            <mixed-citation id="d7861e620" publication-type="other">
Gauderman WJ, Avol E, Lurmann F, Kuenzli N, Gilliland F,
Peters J, et al. 2005. Childhood asthma and exposure to
traffic and nitrogen dioxide. Epidemiology 16(6):737-743.</mixed-citation>
         </ref>
         <ref id="d7861e634a1310">
            <mixed-citation id="d7861e638" publication-type="other">
Gilliland FD, Berhane K, Islam T, McConnell R, Gauderman WJ,
Gilliland SS, et al. 2003. Obesity and the risk of newly diag-
nosed asthma in school-age children. Am J Epidemiol
158(5):406-415.</mixed-citation>
         </ref>
         <ref id="d7861e654a1310">
            <mixed-citation id="d7861e658" publication-type="other">
Gold DR, Wright R. 2005. Population disparities in asthma. Annu
Rev Public Health 26:89-113.</mixed-citation>
         </ref>
         <ref id="d7861e668a1310">
            <mixed-citation id="d7861e672" publication-type="other">
Greer JR, Abbey DE, Burchette RJ. 1993. Asthma related to
occupational and ambient air pollutants in nonsmokers.
J Occup Med 35(9):909-915.</mixed-citation>
         </ref>
         <ref id="d7861e685a1310">
            <mixed-citation id="d7861e689" publication-type="other">
Guo YL, Lin YC, Sung FC, Huang SL, Ko YC, Lai JS, et al. 1999.
Climate, traffic-related air pollutants, and asthma preva-
lence in middle-school children in Taiwan. Environ Health
Perspect 107:1001-1006.</mixed-citation>
         </ref>
         <ref id="d7861e705a1310">
            <mixed-citation id="d7861e709" publication-type="other">
Haan M, Kaplan GA, Camacho T. 1987. Poverty and health.
Prospective evidence from the Alameda County Study. Am
J Epidemiol 125(6):989-998.</mixed-citation>
         </ref>
         <ref id="d7861e722a1310">
            <mixed-citation id="d7861e726" publication-type="other">
Jerrett M, Burnett RT, Ma R, Pope CA, Krewski D, Newbold KB,
et al. 2005. Spatial analysis of air pollution and mortality in
Los Angeles. Epidemiology 16(6):727-736.</mixed-citation>
         </ref>
         <ref id="d7861e740a1310">
            <mixed-citation id="d7861e744" publication-type="other">
Jin RL, Shah CP, Svaboda TJ. 1994. The Health Impact of
Unemployment: A Review and Application of Research
Evidence. Working paper for the Population Health
Committee. Toronto, ON:0ntario Medical Association.</mixed-citation>
         </ref>
         <ref id="d7861e760a1310">
            <mixed-citation id="d7861e764" publication-type="other">
Juhn YJ, Sauver JS, Katusic S, Vargas D, Weaver A, Yunginger
J. 2005. The influence of neighborhood environment on the
incidence of childhood asthma: a multilevel approach. Soc
Sci Med 60(11):2453-2464.</mixed-citation>
         </ref>
         <ref id="d7861e780a1310">
            <mixed-citation id="d7861e784" publication-type="other">
Kelly FJ, Sandstrom T. 2004. Air pollution, oxidative stress, and
allergic response. Lancet 363(9403):95-96.</mixed-citation>
         </ref>
         <ref id="d7861e794a1310">
            <mixed-citation id="d7861e798" publication-type="other">
Lewis SA, Antoniak M, Venn AJ, Davies L, Goodwin A, Salfield
N, et al. 2005. Secondhand smoke, dietary fruit intake, road
traffic exposures, and the prevalence of asthma: a cross-
sectional study in young children. Am J Epidemiol
161(5):406-411.</mixed-citation>
         </ref>
         <ref id="d7861e817a1310">
            <mixed-citation id="d7861e821" publication-type="other">
Livingstone AE, Shaddick G, Grundy C, Elliott P. 1996. Do people
living near inner city main roads have more asthma need-
ing treatment? Case control study. BMJ 312(7032):676-677.</mixed-citation>
         </ref>
         <ref id="d7861e834a1310">
            <mixed-citation id="d7861e840" publication-type="other">
Lombardi E, Morgan WJ, Wright AL, Stein RT, Holberg CJ,
Martinez FD. 1997. Cold air challenge at age 6 and subsequent
incidence of asthma. A longitudinal study. Am J Respir Crit
Care Med 156(6):1863-1869.</mixed-citation>
         </ref>
         <ref id="d7861e857a1310">
            <mixed-citation id="d7861e861" publication-type="other">
Ma R, Krewski D, Burnett RT. 2003. Random effects Cox models:
a Poisson modelling approach. Biometrika 90(1): 157-169.</mixed-citation>
         </ref>
         <ref id="d7861e871a1310">
            <mixed-citation id="d7861e875" publication-type="other">
McConnell R, Berhane K, Gilliland F, Islam T, Gauderman WJ,
London SJ, et al. 2002a. Indoor risk factors for asthma in a
prospective study of adolescents. Epidemiology 13(3):288-295.</mixed-citation>
         </ref>
         <ref id="d7861e888a1310">
            <mixed-citation id="d7861e892" publication-type="other">
McConnell R, Berhane K, Gilliland F, London SJ, Islam T,
Gauderman WJ, et al. 2002b. Asthma in exercising children
exposed to ozone: a cohort study. Lancet 359(9304):386-391.</mixed-citation>
         </ref>
         <ref id="d7861e905a1310">
            <mixed-citation id="d7861e909" publication-type="other">
McConnell R, Berhane K, Yao L, Jerrett M, Lurmann F, Gilliland
F, et al. 2006. Traffic, susceptibility, and childhood asthma.
Environ Health Perspect 114:766-772.</mixed-citation>
         </ref>
         <ref id="d7861e922a1310">
            <mixed-citation id="d7861e926" publication-type="other">
McDonnell WF, Abbey DE, Nishino N, Lebowitz MD. 1999.
Long-term ambient ozone concentration and the incidence
of asthma in nonsmoking adults: the AHSMOG study.
Environ Res 80(2 pt 1): 110-121.</mixed-citation>
         </ref>
         <ref id="d7861e942a1310">
            <mixed-citation id="d7861e946" publication-type="other">
Migliaretti G, Cavallo F. 2004. Urban air pollution and asthma in
children. Pediatr Pulmonol 38(3): 198-203.</mixed-citation>
         </ref>
         <ref id="d7861e957a1310">
            <mixed-citation id="d7861e961" publication-type="other">
Molitor J, Molitor NT, Jerrett M, McConnell R, Gauderman J,
Berhane K, et al. 2006. Bayesian modeling of air pollution
health effects with missing exposure data. Am J Epidemiol
164(1):69-76.</mixed-citation>
         </ref>
         <ref id="d7861e977a1310">
            <mixed-citation id="d7861e981" publication-type="other">
Nel A. 2005. Atmosphere. Air pollution-related illness: effects of
particles. Science 308(5723):804-806.</mixed-citation>
         </ref>
         <ref id="d7861e991a1310">
            <mixed-citation id="d7861e995" publication-type="other">
Nitta H, Sato T, Nakai S, Maeda K, Aoki S, Ono M. 1993.
Respiratory health associated with exposure to automo-
bile exhaust. I. Results of cross-sectional studies in 1979,
1982, and 1983. Arch Environ Health 48(1):53-58.</mixed-citation>
         </ref>
         <ref id="d7861e1011a1310">
            <mixed-citation id="d7861e1015" publication-type="other">
Oosterlee A, Drijver M, Lebret E, Brunekreef B. 1996. Chronic
respiratory symptoms in children and adults living along
streets with high traffic density. Occup Environ Med
53:241-247.</mixed-citation>
         </ref>
         <ref id="d7861e1031a1310">
            <mixed-citation id="d7861e1035" publication-type="other">
Peat JK, Salome CM, Toelle BG, Bauman A, Woolcock AJ.
1992. Reliability of a respiratory history questionnaire and
effect of mode of administration on classification of
asthma in children. Chest 102(1):153-157.</mixed-citation>
         </ref>
         <ref id="d7861e1051a1310">
            <mixed-citation id="d7861e1055" publication-type="other">
Ronmark E, Jonsson E, Platts-Mills T, Lundback B. 2001.
Incidence and remission of asthma in schoolchildren:
report from the obstructive lung disease in northern
Sweden studies. Pediatrics 107(3):e37.</mixed-citation>
         </ref>
         <ref id="d7861e1072a1310">
            <mixed-citation id="d7861e1076" publication-type="other">
Shima M, Nitta Y, Ando M, Adachi M. 2002. Effects of air pollu-
tion on the prevalence and incidence of asthma in chil-
dren. Arch Environ Health 57(6):529-535.</mixed-citation>
         </ref>
         <ref id="d7861e1089a1310">
            <mixed-citation id="d7861e1093" publication-type="other">
Sorensen G, Verbrugge LM. 1987. Women, work, and health.
Annu Rev Public Health 8:235-251.</mixed-citation>
         </ref>
         <ref id="d7861e1103a1310">
            <mixed-citation id="d7861e1107" publication-type="other">
Tabachnick BG, Fidell LS. 1985. Using Multivariate Statistics.
San Francisco:Harper and Row.</mixed-citation>
         </ref>
         <ref id="d7861e1117a1310">
            <mixed-citation id="d7861e1121" publication-type="other">
Tatalovich T, Wilson J, Jerrett M, Milam J, McConnell R. 2006.
Competing definitions of contextual environments. Int J
Health Geogr 7:55-70,2006.</mixed-citation>
         </ref>
         <ref id="d7861e1134a1310">
            <mixed-citation id="d7861e1138" publication-type="other">
U.S. Census Bureau. 1992.1990 Summary Tape File 3 Technical
Documentation. Available: http://factfinder.census.gov/
metadoc/1990stf3td.pdf [accessed 19 March 2005].</mixed-citation>
         </ref>
         <ref id="d7861e1151a1310">
            <mixed-citation id="d7861e1155" publication-type="other">
van Vliet P, Knape M, de Hartog J, Janssen N, Harssema H,
Brunekreef B. 1997. Motor vehicle exhaust and chronic
respiratory symptoms in children living near freeways.
Environ Res 74(2): 122-132.</mixed-citation>
         </ref>
         <ref id="d7861e1172a1310">
            <mixed-citation id="d7861e1176" publication-type="other">
Weiland SK, Husing A, Strachan DP, Rzehak P, Pearce N. 2004.
Climate and the prevalence of symptoms of asthma, aller-
gic rhinitis, and atopic eczema in children. Occup Environ
Med 61(7):609-615.</mixed-citation>
         </ref>
         <ref id="d7861e1192a1310">
            <mixed-citation id="d7861e1196" publication-type="other">
Weiland SK, Mundt KA, Ruckmann A, Keil U. 1994. Self-reported
wheezing and allergic rhinitis in children and traffic density
on street of residence. Ann Epidemiol 4:243-247.</mixed-citation>
         </ref>
         <ref id="d7861e1209a1310">
            <mixed-citation id="d7861e1213" publication-type="other">
Wilkinson P, Elliott P, Grundy C, Shaddick G, Thakrar B, Walls
P, et al. 1999. Case-control study of hospital admission
with asthma in children aged 5-14 years: relation with
road traffic in north west London. Thorax 54:1070-1074.</mixed-citation>
         </ref>
         <ref id="d7861e1229a1310">
            <mixed-citation id="d7861e1233" publication-type="other">
Wissow LS, Gittelsohn AM, Szklo M, Starfield B, Mussman M.
1988. Poverty, race, and hospitalization for childhood
asthma. Am J Public Health 78(7):777-782.</mixed-citation>
         </ref>
         <ref id="d7861e1246a1310">
            <mixed-citation id="d7861e1250" publication-type="other">
Wjst M, Reitmeir P, Dold S, Wulff A, Nicolai T, von Loeffelholz-
Colberg EF, et al. 1993. Road traffic and adverse effects on
respiratory health in children. BMJ 307(6904):596-600.</mixed-citation>
         </ref>
         <ref id="d7861e1263a1310">
            <mixed-citation id="d7861e1267" publication-type="other">
Yunginger JW, Reed CE, O'Connell EJ, Melton LJ, O'Fallon WM,
Silverstein MD. 1992. A community-based study of the epi-
demiology of asthma. Incidence rates, 1964-1983. Am Rev
Respir Dis 146(4):888-894.</mixed-citation>
         </ref>
         <ref id="d7861e1284a1310">
            <mixed-citation id="d7861e1288" publication-type="other">
Zmirou D, Gauvin S, Pin I, Momas I, Sahraoui F, Just J, et al.
2004. Traffic related air pollution and incidence of child-
hood asthma: results of the vesta case-control study.
J Epidemiol Community Health 58(1):18-23.</mixed-citation>
         </ref>
      </ref-list>
   </back>
</article>
