<article dtd-version="1.0" article-type="research-article">
   <front>
      <journal-meta>
         <journal-id xmlns:xlink="http://www.w3.org/1999/xlink" journal-id-type="jstor">envihealpers</journal-id>
         <journal-id xmlns:xlink="http://www.w3.org/1999/xlink" journal-id-type="jstor">j100482</journal-id>
         <journal-title-group xmlns:xlink="http://www.w3.org/1999/xlink">
            <journal-title>Environmental Health Perspectives</journal-title>
         </journal-title-group>
         <publisher>
            <publisher-name>National Institute of Environmental Health Sciences</publisher-name>
         </publisher>
         <issn xmlns:xlink="http://www.w3.org/1999/xlink" pub-type="ppub">00916765</issn>
      </journal-meta>
      <article-meta>
         <article-id xmlns:xlink="http://www.w3.org/1999/xlink" pub-id-type="jstor">25071183</article-id>
         <article-id pub-id-type="pub-doi">10.1289/ehp.11293</article-id>
         <article-categories>
            <subj-group>
               <subject>Research</subject>
            </subj-group>
         </article-categories>
         <title-group>
            <article-title>Lung Cancer and Vehicle Exhaust in Trucking Industry Workers</article-title>
         </title-group>
         <contrib-group>
            <contrib>
               <string-name xmlns:xlink="http://www.w3.org/1999/xlink">
                  <given-names>Eric</given-names>
                  <surname>Garshick</surname>
               </string-name>
            </contrib>
            <contrib>
               <string-name xmlns:xlink="http://www.w3.org/1999/xlink">
                  <given-names>Francine</given-names>
                  <surname>Laden</surname>
               </string-name>
            </contrib>
            <contrib>
               <string-name xmlns:xlink="http://www.w3.org/1999/xlink">
                  <given-names>Jaime E.</given-names>
                  <surname>Hart</surname>
               </string-name>
            </contrib>
            <contrib>
               <string-name xmlns:xlink="http://www.w3.org/1999/xlink">
                  <given-names>Bernard</given-names>
                  <surname>Rosner</surname>
               </string-name>
            </contrib>
            <contrib>
               <string-name xmlns:xlink="http://www.w3.org/1999/xlink">
                  <given-names>Mary E.</given-names>
                  <surname>Davis</surname>
               </string-name>
            </contrib>
            <contrib>
               <string-name xmlns:xlink="http://www.w3.org/1999/xlink">
                  <given-names>Ellen A.</given-names>
                  <surname>Eisen</surname>
               </string-name>
            </contrib>
            <contrib>
               <string-name xmlns:xlink="http://www.w3.org/1999/xlink">
                  <given-names>Thomas J.</given-names>
                  <surname>Smith</surname>
               </string-name>
            </contrib>
         </contrib-group>
         <pub-date xmlns:xlink="http://www.w3.org/1999/xlink">
            <day>1</day>
            <month>10</month>
            <year>2008</year>
         </pub-date>
         <volume>116</volume>
         <issue>10</issue>
         <issue-id xmlns:xlink="http://www.w3.org/1999/xlink">i25071156</issue-id>
         <fpage>1327</fpage>
         <lpage>1332</lpage>
         <self-uri xmlns:xlink="http://www.w3.org/1999/xlink"
                   xlink:href="http://www.jstor.org/stable/25071183"/>
         <abstract>
            <p>Background: An elevated risk of lung cancer in truck drivers has been attributed to diesel exhaust exposure. Interpretation of these studies specifically implicating diesel exhaust as a carcinogen has been limited because of limited exposure measurements and lack of work records relating job title to exposure-related job duties. Objectives: We established a large retrospective cohort of trucking company workers to assess the association of lung cancer mortality and measures of vehicle exhaust exposure. Methods: Work records were obtained for 31,135 male workers employed in the unionized U.S. trucking industry in 1985. We assessed lung cancer mortality through 2000 using the National Death Index, and we used an industrial hygiene review and current exposure measurements to identify jobs associated with current and historical use of diesel-, gas-, and propane-powered vehicles. We indirectly adjusted for cigarette smoking based on an industry survey. Results: Adjusting for age and a healthy-worker survivor effect, lung cancer hazard ratios were elevated in workers with jobs associated with regular exposure to vehicle exhaust. Mortality risk increased linearly with years of employment and was similar across job categories despite different current and historical patterns of exhaust-related particulate matter from diesel trucks, city and highway traffic, and loading dock operations. Smoking behavior did not explain variations in lung cancer risk. Conclusions: Trucking industry workers who have had regular exposure to vehicle exhaust from diesel and other types of vehicles on highways, city streets, and loading docks have an elevated risk of lung cancer with increasing years of work.</p>
         </abstract>
         <kwd-group>
            <kwd>Diesel exhaust</kwd>
            <kwd>Lung cancer</kwd>
            <kwd>Occupational exposure</kwd>
            <kwd>Particulate matter</kwd>
            <kwd>Traffic</kwd>
         </kwd-group>
         <custom-meta-group xmlns:xlink="http://www.w3.org/1999/xlink">
            <custom-meta>
               <meta-name>lang</meta-name>
               <meta-value>eng</meta-value>
            </custom-meta>
         </custom-meta-group>
      </article-meta>
   </front>
   <back>
      <ref-list>
         <title>References</title>
         <ref id="d8078e259a1310">
            <mixed-citation id="d8078e263" publication-type="other">
Allen JO, Mayo PR, Hughes LS, Salmon LG, Cass GR. 2001.
Emissions of size-segregated aerosols from on-road vehi-
cles in the Caldecott tunnel. Environ Sei Technol
35(21):4189-4197.</mixed-citation>
         </ref>
         <ref id="d8078e279a1310">
            <mixed-citation id="d8078e283" publication-type="other">
American Lung Association. 2005. Trends in Lung Cancer
Morbidity and Mortality. Washington, DC:American Lung
Association.</mixed-citation>
         </ref>
         <ref id="d8078e296a1310">
            <mixed-citation id="d8078e300" publication-type="other">
Axelson O.1980. Aspects of confounding and effect modifica-
tion in the assessment of occupational cancer risk.
J Toxicol Environ Health 6(5-6): 1127-1131.</mixed-citation>
         </ref>
         <ref id="d8078e313a1310">
            <mixed-citation id="d8078e317" publication-type="other">
Baulig A, Poirault JJ, Ausset P, Schins R, Shi T, Baralle D, et al.
2004. Physicochemical characteristics and biological
activities of seasonal atmospheric particulate matter sam-
pling in two locations of Paris. Environ Sci Technol
38(22):5985-5992.</mixed-citation>
         </ref>
         <ref id="d8078e337a1310">
            <mixed-citation id="d8078e341" publication-type="other">
Bhatia R, Lopipero P, Smith AH. 1998. Diesel exhaust exposure
and lung cancer. Epidemiology 9(1):84-91.</mixed-citation>
         </ref>
         <ref id="d8078e351a1310">
            <mixed-citation id="d8078e355" publication-type="other">
Blair A, Stewart P, Lubin JH, Forastiere F. 2007. Methodological
issues regarding confounding and exposure misclassifica-
tion in epidemiological studies of occupational exposures.
Am J lnd Med 50(3):199-207.</mixed-citation>
         </ref>
         <ref id="d8078e371a1310">
            <mixed-citation id="d8078e375" publication-type="other">
Brackbill R, Frazier T, Shilling S. 1988. Smoking characteristics
of US workers, 1978-1980. Am J Ind Med 13(1):5-41.</mixed-citation>
         </ref>
         <ref id="d8078e385a1310">
            <mixed-citation id="d8078e389" publication-type="other">
Briede JJ, De Kok TM, Hogervorst JG, Moonen EJ, Op Den
Camp CL, Kleinjanst JC. 2005. Development and applica-
tion of an electron spin resonance spectrometry method
for the determination of oxygen free radical formation by
particulate matter. Environ Sci Technol 39(21 ):8420-8426.</mixed-citation>
         </ref>
         <ref id="d8078e408a1310">
            <mixed-citation id="d8078e412" publication-type="other">
Bunn WB III, Hesterberg TW, Valberg PA, Slavin TJ, Hart G,
Lapin CA. 2004. A reevaluation of the literature regarding
the health assessment of diesel engine exhaust. Inhal
Toxicol 16(14):889-900.</mixed-citation>
         </ref>
         <ref id="d8078e428a1310">
            <mixed-citation id="d8078e432" publication-type="other">
Davis ME, Smith TJ, Laden F, Hart JE, Blicharz AP, Reaser P,
et al. 2007. Driver exposure to combustion particles in the
US trucking industry. J Occup Environ Hygiene
4(11):848-854.</mixed-citation>
         </ref>
         <ref id="d8078e449a1310">
            <mixed-citation id="d8078e453" publication-type="other">
Davis ME, Smith TJ, Laden F, Hart JE, Ryan LM, Garshick E.
2006. Modeling particle exposure in US trucking terminals.
Environ Sci Technol 40(13):4226-4232.</mixed-citation>
         </ref>
         <ref id="d8078e466a1310">
            <mixed-citation id="d8078e470" publication-type="other">
de Kok TM, Driece HA, Hogervorst JG, Briede JJ. 2006.
Toxicological assessment of ambient and traffic-related
particulate matter: a review of recent studies. Mutat Res
613(2-3):103-122.</mixed-citation>
         </ref>
         <ref id="d8078e486a1310">
            <mixed-citation id="d8078e490" publication-type="other">
Diesel Working Group. 1995. Diesel Exhaust: A Critical Analysis
of Emissions, Exposure, and Health Effects. Special
Report. Cambridge, MA:Health Effects Institute.</mixed-citation>
         </ref>
         <ref id="d8078e503a1310">
            <mixed-citation id="d8078e507" publication-type="other">
Garshick E, Laden F, Hart JE, Rosner B, Smith TJ, Dockery DW,
et al. 2004. Lung cancer in railroad workers exposed to
diesel exhaust. Environ Health Perspect 112:1539-1543.</mixed-citation>
         </ref>
         <ref id="d8078e520a1310">
            <mixed-citation id="d8078e524" publication-type="other">
Garshick E, Smith TJ, Laden F. 2002. Quantitative assessment
of lung cancer risk from diesel exhaust exposure in the US
trucking industry: a feasibility study. In: Research
Directions to Improve Estimates of Human Exposure and
Risk from Diesel Exhaust (Diesel Epidemiology Working
Group, ed). Boston, MA:Health Effects Institute, 113-150.</mixed-citation>
         </ref>
         <ref id="d8078e547a1310">
            <mixed-citation id="d8078e551" publication-type="other">
Geller MD, Sardar SB, Phuleria H, Fine PM, Sioutas C. 2005.
Measurements of particle number and mass concentra-
tions and size distributions in a tunnel environment.
Environ Sci Technol 39(22):8653-8663.</mixed-citation>
         </ref>
         <ref id="d8078e568a1310">
            <mixed-citation id="d8078e572" publication-type="other">
Guo H, Lee SC, Chan LY. 2004. Indoor air quality in ice skating
rinks in Hong Kong. Environ Res 94(3):327-335.</mixed-citation>
         </ref>
         <ref id="d8078e582a1310">
            <mixed-citation id="d8078e586" publication-type="other">
Hesterberg TW, Bunn WB III, Chase GR, Valberg PA, Slavin TJ,
Lapin CA, et al. 2006. A critical assessment of studies on
the carcinogenic potential of diesel exhaust. Crit Rev
Toxicol 36(9):727-776.</mixed-citation>
         </ref>
         <ref id="d8078e602a1310">
            <mixed-citation id="d8078e606" publication-type="other">
Jain N, Hart JE, Smith TJ, Garshick E, Laden F. 2006. Smoking
behavior in trucking industry workers. Am J Ind Med
49(12):1013-1020.</mixed-citation>
         </ref>
         <ref id="d8078e619a1310">
            <mixed-citation id="d8078e625" publication-type="other">
Kittelson D, Watts W, Jihnson JP, Zarling D, Schauer JJ,
Kasper A, et al. 2003. Gasoline vehicle exhaust particle
sampling study. In: Proceedings of U.S. Department of
Energy 9th Diesel Engine Emissions Reduction Conference
(DEER 2003), 24-28 August 2003, Newport, Rl. Washington,
DC:U.S. Department of Energy. Available: http://www.osti.
gov/bridge/servlets/purl/829821 -SQYKH6/native/829821 .pdf
[accessed 19 June 2007].</mixed-citation>
         </ref>
         <ref id="d8078e654a1310">
            <mixed-citation id="d8078e658" publication-type="other">
Kittelson D, Watts W, Ramachandran G, Paulsen D, Kreager C.
2002. Measurement of diesel aerosol exposure: a feasibility
study. In: Research Directions to Improve Estimates of
Human Exposure and Risk from Diesel Exhaust (Diesel
Epidemiology Working Group, ed). Boston, MA:Health
Effects Institute, 151-179.</mixed-citation>
         </ref>
         <ref id="d8078e681a1310">
            <mixed-citation id="d8078e685" publication-type="other">
Kleeman MJ, Schauer JJ, Cass GR. 2000. Size and composition
distribution of fine paniculate matter emmitted from motor
vehicles. Environ SciTechnol 34(7):1132-1142.</mixed-citation>
         </ref>
         <ref id="d8078e699a1310">
            <mixed-citation id="d8078e703" publication-type="other">
Kweon CB, Foster DE, Schauer JJ, Okada S. 2002. Detailed
Chemical Composition and Particle Size Assessment of
Diesel Engine Exhaust [Abstract]. In: SAE Powertrain &amp;amp;
Fluid Systems Conference &amp;amp; Exhibition, October 2002, San
Diego, CA. Society of Automotive Engineers (SAE)
Technical Paper Series 2002-01-2670. Available http://
www.sae.org/technical/papers/2002-01-2670 [accessed
1 September 2008].</mixed-citation>
         </ref>
         <ref id="d8078e732a1310">
            <mixed-citation id="d8078e736" publication-type="other">
Laden F, Hart JE, Eschenroeder A, Smith TJ, Garshick E. 2006a.
Historical estimation of diesel exhaust exposure in a
cohort study of U.S. railroad workers and lung cancer.
Cancer Causes Control 17(7):911-919.</mixed-citation>
         </ref>
         <ref id="d8078e752a1310">
            <mixed-citation id="d8078e756" publication-type="other">
Laden F, Hart JE, Smith TJ, Davis ME, Garshick E. 2007. Cause
specific mortality in the unionized U.S. trucking industry.
Environ Health Perspect 115:1192-1196.</mixed-citation>
         </ref>
         <ref id="d8078e769a1310">
            <mixed-citation id="d8078e773" publication-type="other">
Laden F, Schwartz J, Speizer FE, Dockery DW. 2006b.
Reduction in fine paniculate air pollution and mortality:
extended follow-up of the Harvard Six Cities study. Am J
Respir Crit Care Med 173(6):667-672.</mixed-citation>
         </ref>
         <ref id="d8078e789a1310">
            <mixed-citation id="d8078e793" publication-type="other">
Larkin EK, Smith TJ, Stayner L, Rosner B, Speizer FE. 2000.
Diesel exhaust and lung cancer: adjustment for the effects
of smoking in a retrospective cohort study. Am J Ind Med
38(4):399-409.</mixed-citation>
         </ref>
         <ref id="d8078e809a1310">
            <mixed-citation id="d8078e813" publication-type="other">
Li N, Sioutas C, Cho A, Schmitz D, Misra C, Sempf J, et al. 2003.
Ultrafine paniculate pollutants induce oxidative stress and
mitochondrial damage. Environ Health Perspect 111:455-460.</mixed-citation>
         </ref>
         <ref id="d8078e827a1310">
            <mixed-citation id="d8078e831" publication-type="other">
Lipsett M, Campleman S. 1999. Occupational exposure to diesel
exhaust and lung cancer: a meta-analysis. Am J Public
Health 89(7):1009-1017.</mixed-citation>
         </ref>
         <ref id="d8078e844a1310">
            <mixed-citation id="d8078e848" publication-type="other">
Nafstad P, Haheim LL, Oftedal B, Gram F, Holme I, Hjermann I,
et al. 2003. Lung cancer and air pollution: a 27 year follow
up of 16 209 Norwegian men. Thorax 58(12): 1071-1076.</mixed-citation>
         </ref>
         <ref id="d8078e861a1310">
            <mixed-citation id="d8078e865" publication-type="other">
Nyberg F, Gustavsson P, Jarup L, Bellander T, Berglind N,
Jakobsson R, et al. 2000. Urban air pollution and lung can-
cer in Stockholm. Epidemiology 11(5):487-495.</mixed-citation>
         </ref>
         <ref id="d8078e878a1310">
            <mixed-citation id="d8078e882" publication-type="other">
Office of Research and Development. 2002. Health Assessment
Document for Diesel Engine Exhaust. EPA/600/8-90/057F.
Washington, DC:National Center for Environmental
Assessment, U.S. Environmental Protection Agency.</mixed-citation>
         </ref>
         <ref id="d8078e898a1310">
            <mixed-citation id="d8078e902" publication-type="other">
Pope CA III, Thun MJ, Namboodiri MM, Dockery DW, Evans
JS, Speizer FE, et al. 1995. Paniculate air pollution as a
predictor of mortality in a prospective study of U.S. adults.
Am J Respir Crit Care Med 151(3 Pt 1 ):669-674.</mixed-citation>
         </ref>
         <ref id="d8078e918a1310">
            <mixed-citation id="d8078e922" publication-type="other">
Rundell KW. 2003. High levels of airborne ultrafine and fine
particulate matter in indoor ice arenas. Inhal Toxicol
15(3):237-250.</mixed-citation>
         </ref>
         <ref id="d8078e936a1310">
            <mixed-citation id="d8078e940" publication-type="other">
Schlesselman JJ. 1978. Assessing effects of confounding vari-
ables. Am J Epidemiol 108(1):3-8.</mixed-citation>
         </ref>
         <ref id="d8078e950a1310">
            <mixed-citation id="d8078e954" publication-type="other">
Shah SD, Cocker DR III, Miller JW, Norbeck JM. 2004. Emission
rates of particulate matter and elemental and organic car-
bon from in-use diesel engines. Environ Sei Technol
38(9):2544-2550.</mixed-citation>
         </ref>
         <ref id="d8078e970a1310">
            <mixed-citation id="d8078e974" publication-type="other">
Sheesley RJ, Schauer JJ, Garshick E, Laden F, Smith TJ,
Blicharz AP, et al. 2008a. Tracking personal exposure to
particulate diesel exhaust in a diesel freight terminal using
organic tracer analysis. J Expo Sei Environ Epidemiol
doi:10.1038/jes.2008.11 [Online 5 March 2008].</mixed-citation>
         </ref>
         <ref id="d8078e993a1310">
            <mixed-citation id="d8078e997" publication-type="other">
Sheesley RJ, Schauer JJ, Smith TJ, Garshick E, Laden F, Marr
LC, et al. 2008b. Assessment of diesel particulate matter
exposure in the workplace: freight terminals. J Environ
Monit 10(3):305-314.</mixed-citation>
         </ref>
         <ref id="d8078e1013a1310">
            <mixed-citation id="d8078e1017" publication-type="other">
Smith TJ, Davis ME, Reaser P, Natkin J, Hart JE, Laden F, et al.
2006. Overview of particulate exposures in the US trucking
industry. J Environ Monit 8(7):711-720.</mixed-citation>
         </ref>
         <ref id="d8078e1030a1310">
            <mixed-citation id="d8078e1034" publication-type="other">
Steenland K, Silverman D, Zaebst D. 1992. Exposure to diesel
exhaust in the trucking industry and possible relationships
with lung cancer. Am J Ind Med 21(6):887-890.</mixed-citation>
         </ref>
         <ref id="d8078e1048a1310">
            <mixed-citation id="d8078e1052" publication-type="other">
Steenland NK, Silverman DT, Hornung RW. 1990. Case-control
study of lung cancer and truck driving in the Teamsters
Union. Am J Public Health 80(6):670-674.</mixed-citation>
         </ref>
         <ref id="d8078e1065a1310">
            <mixed-citation id="d8078e1071" publication-type="other">
Stellman SD, Boffetta P, Garfinkel L 1988. Smoking habits of
800,000 American men and women in relation to their
occupations. Am J Ind Med 13(1):43-58.</mixed-citation>
         </ref>
         <ref id="d8078e1084a1310">
            <mixed-citation id="d8078e1088" publication-type="other">
Thun MJ, Myers DG, Day-Lally C, Namboodiri MM, Calle EE,
Flanders WD, et al. 1997. Age and the exposure-response
relationships between cigarette smoking and premature
death in Cancer Prevention Study II. In: Changes in Cigarette-
Related Disease Risks and Their Implication for Prevention
and Control (Burns DM, Garfinkel L, Samet JM, eds).
Washington, DC:National Cancer Institute, 383-413. Available:
http://cancercontrol.cancer.govAcrb/monographs/8/m8_5.pdf
[accessed 8 September 2008].</mixed-citation>
         </ref>
         <ref id="d8078e1120a1310">
            <mixed-citation id="d8078e1124" publication-type="other">
Thurston SW, Eisen EA, Schwartz J. 2002. Smoothing in sur-
vival models: an application to workers exposed to metal-
working fluids. Epidemiology 13(6):685-692.</mixed-citation>
         </ref>
         <ref id="d8078e1137a1310">
            <mixed-citation id="d8078e1141" publication-type="other">
U.S. Department of Health and Human Services. 1990. The
Health Benefits of Smoking Cessation. Rockville, MD:U.S.
Department of Health and Human Services, Public Health
Service, Centers for Disease Control, Center for Chronic
Disease Prevention and Health Promotion, Office on
Smoking and Health.</mixed-citation>
         </ref>
         <ref id="d8078e1164a1310">
            <mixed-citation id="d8078e1168" publication-type="other">
Valberg PA, Watson AY. 2000. Lack of concordance between
reported lung-cancer risk levels and occupation-specific
diesel-exhaust exposure. Inhal Toxicol 12(suppl 1):1-10.</mixed-citation>
         </ref>
         <ref id="d8078e1182a1310">
            <mixed-citation id="d8078e1186" publication-type="other">
WHO. 1978. International Classification of Diseases, Ninth
Revision. Geneva:World Health Organization.</mixed-citation>
         </ref>
         <ref id="d8078e1196a1310">
            <mixed-citation id="d8078e1200" publication-type="other">
WHO. 1993. International Classification of Diseases, Tenth
Revision. Geneva:World Health Organization.</mixed-citation>
         </ref>
         <ref id="d8078e1210a1310">
            <mixed-citation id="d8078e1214" publication-type="other">
Zaebst DD, Clapp DE, Blade LM, Marlow DA, Steenland K,
Hornung RW, et al. 1991. Quantitative determination of
trucking industry workers' exposures to diesel exhaust
particles. Am Ind Hyg Assoc J 52(12):529-541.</mixed-citation>
         </ref>
         <ref id="d8078e1230a1310">
            <mixed-citation id="d8078e1234" publication-type="other">
Zhu Y, Hinds WC, Kim S, Sioutas C. 2002. Concentration and
size distribution of ultrafine particles near a major high-
way. J Air Waste Manag Assoc 52(9): 1032-1042.</mixed-citation>
         </ref>
         <ref id="d8078e1247a1310">
            <mixed-citation id="d8078e1251" publication-type="other">
Zielinska B, Sagebiel J, Arnott WP, Rogers CF, Kelly KE,
Wagner DA, et al. 2004a. Phase and size distribution of
polycyclic aromatic hydrocarbons in diesel and gasoline
vehicle emissions. Environ Sei Technol 38(9):2557-2567.</mixed-citation>
         </ref>
         <ref id="d8078e1267a1310">
            <mixed-citation id="d8078e1271" publication-type="other">
Zielinska B, Sagebiel J, McDonald JD, Whitney K, Lawson DR.
2004b. Emission rates and comparative chemical composi-
tion from selected in-use diesel and gasoline-fueled vehi-
cles. J Air Waste Manag Assoc 54(9): 1138-1150.</mixed-citation>
         </ref>
      </ref-list>
   </back>
</article>
