<article xmlns:xsi="http://www.w3.org/2001/XMLSchema-instance"
         xmlns:xlink="http://www.w3.org/1999/xlink"
         xmlns:mml="http://www.w3.org/1998/Math/MathML"
         dtd-version="1.0"
         article-type="research-article">
   <front>
      <journal-meta>
         <journal-id journal-id-type="jstor">envihealpers</journal-id>
         <journal-id journal-id-type="jstor">j100482</journal-id>
         <journal-title-group>
            <journal-title>Environmental Health Perspectives</journal-title>
         </journal-title-group>
         <publisher>
            <publisher-name>National Institute of Environmental Health Sciences</publisher-name>
         </publisher>
         <issn pub-type="ppub">00916765</issn>
      </journal-meta>
      <article-meta>
         <article-id pub-id-type="jstor">25071135</article-id>
         <article-id pub-id-type="pub-doi">10.1289/ehp.11081</article-id>
         <article-categories>
            <subj-group>
               <subject>Commentary and Reviews</subject>
               <subj-group>
                  <subject>Reviews</subject>
               </subj-group>
            </subj-group>
         </article-categories>
         <title-group>
            <article-title>Pentachlorophenol and Cancer Risk: Focusing the Lens on Specific Chlorophenols and Contaminants</article-title>
         </title-group>
         <contrib-group>
            <contrib>
               <string-name>
                  <given-names>Glinda S.</given-names>
                  <surname>Cooper</surname>
               </string-name>
            </contrib>
            <contrib>
               <string-name>
                  <given-names>Samantha</given-names>
                  <surname>Jones</surname>
               </string-name>
            </contrib>
         </contrib-group>
         <pub-date>
            <day>1</day>
            <month>8</month>
            <year>2008</year>
         </pub-date>
         <volume>116</volume>
         <issue>8</issue>
         <issue-id>i25071114</issue-id>
         <fpage>1001</fpage>
         <lpage>1008</lpage>
         <self-uri xlink:href="http://www.jstor.org/stable/25071135"/>
         <abstract>
            <p>Objective: Pentachlorophenol, a fungicide widely used as a wood preservative, was classified in 1999 by the International Agency for Research on Cancer as a possible human carcinogen. We reviewed currently available data to determine the extent to which recent studies assist in distinguishing the effect of pentachlorophenol from that of its contaminants (e.g., dioxins and other chlorophenols). Data sources and extraction: We performed a systematic review of published studies pertaining to cancer risk in relation to pentachlorophenol exposure, focusing on results pertaining specifically to all cancer sites and specific hematopoietic cancers, and data pertaining to risks associated with other types of chlorophenols, dioxins, or furans. Synthesis: The pentachlorophenol studies presented considerable evidence pertaining to hematopoietic cancers, with strong associations seen in multiple studies, in different locations, and using different designs. There is little evidence of an association between these cancers and chlorophenols that contain fewer than four chlorines. The extension of a large cohort study of sawmill workers, with follow-up to 1995, provided information about risks of relatively rare cancers (e.g., non-Hodgkin lymphoma, multiple myeloma), using a validated exposure assessment procedure that distinguishes between exposures to pentachlorophenol and tetrachlorophenol. In contrast with dioxin, pentachlorophenol exposure has not been associated with total cancer incidence or mortality. Conclusions: The updated cohort study focusing on pentachlorophenol provides increased statistical power and precision, and demonstrates associations between hematopoietic cancer and pentachlorophenol exposure not observed in earlier evaluations of this cohort. Contaminant confounding is an unlikely explanation for the risks seen with pentachlorophenol exposure.</p>
         </abstract>
         <kwd-group>
            <kwd>Cancer</kwd>
            <kwd>Childhood leukemia</kwd>
            <kwd>Chlorophenols</kwd>
            <kwd>Dioxins</kwd>
            <kwd>Furans</kwd>
            <kwd>Multiple myeloma</kwd>
            <kwd>Non-Hodgkin lymphoma</kwd>
            <kwd>Pentachlorophenol</kwd>
            <kwd>Soft-tissue sarcoma</kwd>
         </kwd-group>
         <custom-meta-group>
            <custom-meta>
               <meta-name>lang</meta-name>
               <meta-value>eng</meta-value>
            </custom-meta>
         </custom-meta-group>
      </article-meta>
   </front>
   <back>
      <ref-list>
         <title>References</title>
         <ref id="d9889e208a1310">
            <mixed-citation id="d9889e212" publication-type="other">
Ahlborg UG, Thunberg TM. 1980. Chlorinated phenols: occur-
rence, toxicity, metabolism, and environmental impact. Crit
Rev Toxicol 7:1-35.</mixed-citation>
         </ref>
         <ref id="d9889e225a1310">
            <mixed-citation id="d9889e229" publication-type="other">
Ali R, Yu CL, Wu MT, Ho CK, Pan BJ, Smith T, et al. 2004. A
case-control study of parental occupation, leukemia, and
brain tumors in an industrial city in Taiwan. Occup Environ
Med 46:985-992.</mixed-citation>
         </ref>
         <ref id="d9889e245a1310">
            <mixed-citation id="d9889e249" publication-type="other">
ATSDR. 2001. Toxicological Profile for Pentachlorophenol.
Atlanta, GA:Agency for Toxic Substances and Disease
Registry. Available: http://www.atsdr.cdc.gov/toxprofiles/
tp51.html [accessed 23 June 2008].</mixed-citation>
         </ref>
         <ref id="d9889e265a1310">
            <mixed-citation id="d9889e269" publication-type="other">
Bishop CM, Jones AH. 1981. Non-Hodgkin's lymphoma of the
scalp in workers exposed to dioxins [Letter]. Lancet 318:369.</mixed-citation>
         </ref>
         <ref id="d9889e280a1310">
            <mixed-citation id="d9889e284" publication-type="other">
CDC. 2005. National Report on Human Exposure to Environmental
Chemicals: Third Report. Atlanta, GA:Centers for Disease
Control and Prevention. Available: http://www.cdc.gov/
exposurereport/results_08.htm [accessed 12 September
2007].</mixed-citation>
         </ref>
         <ref id="d9889e303a1310">
            <mixed-citation id="d9889e307" publication-type="other">
Cheng WN, Coenraads PJ, Hao ZH, Liu GH. 1993. A health survey
of workers in the pentachlorophenol section of a chemical
manufacturing plant. Am J Ind Med 24:81-92.</mixed-citation>
         </ref>
         <ref id="d9889e320a1310">
            <mixed-citation id="d9889e324" publication-type="other">
Collins JJ, Bodner KM, Wilken M, Haidar S, Burns CJ,
Budinsky RA, et al. 2007. Serum concentrations of chlori-
nated dibenzo-p-dioxins and dibenzofurans among former
Michigan trichlorophenol and pentachlorophenol workers.
J Expo Sci Environ Epidemiol 17:541-548.</mixed-citation>
         </ref>
         <ref id="d9889e343a1310">
            <mixed-citation id="d9889e347" publication-type="other">
Demers PA, Davies HW, Friesen MC, Hertzman C, Ostry A,
Hershler R, et al. 2006. Cancer and occupational exposure
to pentachlorophenol and tetrachlorophenol. Cancer
Causes Control 17:749-758.</mixed-citation>
         </ref>
         <ref id="d9889e363a1310">
            <mixed-citation id="d9889e367" publication-type="other">
De Roos AJ, Hartge P, Lubin JH, Colt JS, Davis S, Cerhan JR, et al.
2005. Persistent organochlorine chemicals in plasma and risk
of non-Hodgkin's lymphoma. Cancer Res 65:11214-11226.</mixed-citation>
         </ref>
         <ref id="d9889e380a1310">
            <mixed-citation id="d9889e384" publication-type="other">
Eriksson M, Hardell L, Adami HO. 1990. Exposure to dioxins as a
risk factor for soft tissue sarcoma: a population-based
case-control study. J Nati Cancer Inst 82:486-490.</mixed-citation>
         </ref>
         <ref id="d9889e398a1310">
            <mixed-citation id="d9889e402" publication-type="other">
Eriksson M, Hardell L, Berg NO, Moller T, Axelson 0.1981. Soft-
tissue sarcomas and exposure to chemical substances: a
case-referent study. Br J Ind Med 38:27-33.</mixed-citation>
         </ref>
         <ref id="d9889e415a1310">
            <mixed-citation id="d9889e419" publication-type="other">
Garabedian MJ, Hoppin JA, Tolbert PE, Herrick RF, Brann EA.
1999. Occupational chlorophenol exposure and non-
Hodgkin's lymphoma. J Occup Environ Med 41:267-272.</mixed-citation>
         </ref>
         <ref id="d9889e432a1310">
            <mixed-citation id="d9889e436" publication-type="other">
Gilbert Fl Jr, Minn CE, Duncan RC, Wilkinson J. 1990. Effects of
pentachlorophenol and other chemical preservatives on
the health of wood-treating workers in Hawaii. Arch
Environ Contam Toxicol 19:603-609.</mixed-citation>
         </ref>
         <ref id="d9889e452a1310">
            <mixed-citation id="d9889e456" publication-type="other">
Greene MH, Brinton, LA, Fraumeni JF, D'Amico R. 1978. Familial
and sporadic Hodgkin's disease associated with occupa-
tional wood exposure. Lancet 2:626-627.</mixed-citation>
         </ref>
         <ref id="d9889e469a1310">
            <mixed-citation id="d9889e473" publication-type="other">
Hardell L, Eriksson M. 1988. The association between soft tissue
sarcomas and exposure to phenoxyacetic acids. A new
case-referent study. Cancer 62:652-656.</mixed-citation>
         </ref>
         <ref id="d9889e486a1310">
            <mixed-citation id="d9889e490" publication-type="other">
Hardell L, Eriksson M, Degerman A. 1994. Exposure to phenoxy-
acetic acids, chlorophenols, or organic solvents in relation
to histopathology, stage, and anatomical localization of
non-Hodgkin's lymphoma. Cancer Res 54:2386-2389.</mixed-citation>
         </ref>
         <ref id="d9889e507a1310">
            <mixed-citation id="d9889e511" publication-type="other">
Hardell L, Eriksson M, Degerman A. 1995. Meta-analysis of four
Swedish case-control studies on exposure to pesticides as
risk-factor for soft-tissue sarcoma including the relation to
tumour localization and histopathological type. Int J Oncol
6:847-851.</mixed-citation>
         </ref>
         <ref id="d9889e530a1310">
            <mixed-citation id="d9889e534" publication-type="other">
Hardell L, Eriksson M, Lenner P, Lundgren E. 1981. Malignant
lymphoma and exposure to chemicals, especially organic
solvents, chlorophenols and phenoxy acids: a case-control
study. Br J Cancer 43:169-176.</mixed-citation>
         </ref>
         <ref id="d9889e550a1310">
            <mixed-citation id="d9889e554" publication-type="other">
Hardell L, Sandstrom A. 1979. Case-control study: soft-tissue
sarcomas and exposure to phenoxyacetic acids or chloro-
phenols. Br J Cancer 39:711-717.</mixed-citation>
         </ref>
         <ref id="d9889e567a1310">
            <mixed-citation id="d9889e571" publication-type="other">
Heacock H, Hertzman C, Demers PA, Gallagher R, Hogg RS,
Teschke K, et al. 2000. Childhood cancer in the offspring of
male sawmill workers occupationally exposed to
chlorophenate fungicides. Environ Health Perspect
108:499-503.</mixed-citation>
         </ref>
         <ref id="d9889e590a1310">
            <mixed-citation id="d9889e594" publication-type="other">
Hertzman C, Teschke K, Dimich-Ward H, Ostry A.1988. Validity
and reliability of a method for retrospective evaluation of
chlorophenate exposure in the lumber industry. Am J Ind
Med 14:703-713.</mixed-citation>
         </ref>
         <ref id="d9889e610a1310">
            <mixed-citation id="d9889e614" publication-type="other">
Hertzman C, Teschke K, Ostry A, Hershler R, Dimich-Ward H,
Kelly S, et al. 1997. Mortality and cancer incidence among
sawmill workers exposed to chlorophenate wood
preservatives. Am J Public Health 87:71-79.</mixed-citation>
         </ref>
         <ref id="d9889e631a1310">
            <mixed-citation id="d9889e635" publication-type="other">
Hooiveld M, Heederik DJ, Kogevinas M, Boffetta P, Needham LL,
Patterson DG Jr, et al. 1998. Second follow-up of a Dutch
cohort occupationally exposed to phenoxy herbicides,
chlorophenols, and contaminants. Am J Epidemiol
147:891-901.</mixed-citation>
         </ref>
         <ref id="d9889e654a1310">
            <mixed-citation id="d9889e658" publication-type="other">
Hoppin JA, Tolbert PE, Herrick RF, Freedman DS, Ragsdale BD,
Horvat KR, et al. 1998. Occupational chlorophenol exposure
and soft tissue sarcoma risk among men aged 30-60 years.
Am J Epidemiol 148:693-703.</mixed-citation>
         </ref>
         <ref id="d9889e674a1310">
            <mixed-citation id="d9889e678" publication-type="other">
IARC (International Agency for Research on Cancer). 1999.
Polychlorophenols and Their Sodium Salts (Group 2B).
Available: http://www.inchem.org/documents/iarc/vol71/
028-polychloroph.html [accessed 14 March 2008].</mixed-citation>
         </ref>
         <ref id="d9889e694a1310">
            <mixed-citation id="d9889e698" publication-type="other">
Jäppinen P, Pukkala E, Tola S. 1989. Cancer incidence of workers
in a Finnish sawmill. Scand J Work Environ Health 15:18-23.</mixed-citation>
         </ref>
         <ref id="d9889e708a1310">
            <mixed-citation id="d9889e712" publication-type="other">
Kogevinas M, Becher H, Benn T, Bertazzi PA, Boffetta P, Bueno-
de-Mesquita HB, et al. 1997. Cancer mortality in workers
exposed to phenoxy herbicides, chlorophenols, and dioxins.
An expanded and updated international cohort study. Am J
Epidemiol 145:1061-1075.</mixed-citation>
         </ref>
         <ref id="d9889e731a1310">
            <mixed-citation id="d9889e735" publication-type="other">
Kogevinas M, Kauppinen T, Winkelmann R, Becher H,
Bertazzi PA, Bueno-de-Mesquita HB, etal. 1995. Soft tissue
sarcoma and non-Hodgkin's lymphoma in workers exposed
to phenoxy herbicides, chlorophenols, and dioxins: two
nested case-control studies. Epidemiology 6:396-402.</mixed-citation>
         </ref>
         <ref id="d9889e755a1310">
            <mixed-citation id="d9889e759" publication-type="other">
Lampi P, Hakulinen T, Luostarinen T, Pukkala E, Teppo L 1992.
Cancer incidence following chlorophenol exposure in a
community in southern Finland. Arch Environ Health
47:167-175.</mixed-citation>
         </ref>
         <ref id="d9889e775a1310">
            <mixed-citation id="d9889e779" publication-type="other">
Mikoczy Z, Hagmar L 2005. Cancer incidence in the Swedish
leather tanning industry: updated findings 1958-99. Occup
Environ Med 62:461-464.</mixed-citation>
         </ref>
         <ref id="d9889e792a1310">
            <mixed-citation id="d9889e796" publication-type="other">
Mirabelli MC, Hoppin JA, Tolbert PE, Herrick RF, Gnepp DR,
Brann EA. 2000. Occupational exposure to chlorophenol
and the risk of nasal and nasopharyngeal cancers among
U.S. men aged 30 to 60. Am J Ind Med 37:532-541.</mixed-citation>
         </ref>
         <ref id="d9889e812a1310">
            <mixed-citation id="d9889e816" publication-type="other">
NTP. 1989. Toxicology and Carcinogenesis Studies of Two
Pentachlorophenol Technical-Grade Mixtures (CAS No.
87-86-5) in B6C3F1 Mice (Feed Studies). TR 349. Research
Triangle Park, NC:National Toxicology Program. Available:
http://ntp.niehs.nih.gov/ntp/htdocs/LT_rpts/tr349.pdf
[accessed 31 March 2008].</mixed-citation>
         </ref>
         <ref id="d9889e839a1310">
            <mixed-citation id="d9889e843" publication-type="other">
NTP. 1999. Toxicology and Carcinogenesis Studies of
Pentachlorophenol (CAS No. 87-86-5) in F344/N Rats (Feed
Studies). Research Triangle Park, NC:National Toxicology
Program. TR 483. Available: http://ntp.niehs.nih.gov/
ntp/htdocs/LT_rpts/tr483.pdf [accessed 31 March 2008].</mixed-citation>
         </ref>
         <ref id="d9889e862a1310">
            <mixed-citation id="d9889e866" publication-type="other">
Ott MG, Messerer P, Zober A. 1993. Assessment of past occupa-
tional exposure to 2,3,7,8-tetrachlorodibenzo-p-dioxin using
blood lipid analyses. Int Arch Occup Environ Health 65:1-8.</mixed-citation>
         </ref>
         <ref id="d9889e880a1310">
            <mixed-citation id="d9889e884" publication-type="other">
Ott MG, Olson RA, Cook RR, Bond GG. 1987. Cohort mortality
study of chemical workers with potential exposure to the
higher chlorinated dioxins. J Occup Med 29:422-429.</mixed-citation>
         </ref>
         <ref id="d9889e897a1310">
            <mixed-citation id="d9889e901" publication-type="other">
Pearce NE, Smith AH, Howard JK, Sheppard RA, Giles HJ,
Teague CA. 1986a. Case-control study of multiple myeloma
and farming. Br J Cancer 54:493-500.</mixed-citation>
         </ref>
         <ref id="d9889e914a1310">
            <mixed-citation id="d9889e918" publication-type="other">
Pearce NE, Smith AH, Howard JK, Sheppard RA, Giles HJ,
Teague CA. 1986b. Non-Hodgkin's lymphoma and expo-
sure to phenoxyherbicides, chlorophenols, fencing work,
and meat works employment: a case-control study. Br J
Ind Med 43:75-83.</mixed-citation>
         </ref>
         <ref id="d9889e937a1310">
            <mixed-citation id="d9889e941" publication-type="other">
Proudfoot AT. 2003. Pentachlorophenol poisoning. Toxicol Rev
22:3-11.</mixed-citation>
         </ref>
         <ref id="d9889e951a1310">
            <mixed-citation id="d9889e955" publication-type="other">
Ramlow JM, Spadacene NW, Hoag SR, Stafford BA,
Cartmill JB, Lerner PJ. 1996. Mortality in a cohort of penta-
chlorophenol manufacturing workers, 1940-1989. Am J Ind
Med 30:180-194.</mixed-citation>
         </ref>
         <ref id="d9889e971a1310">
            <mixed-citation id="d9889e975" publication-type="other">
Reed A, Dzon L, Loganathan BG, Whalen MM. 2004. Immuno-
modulation of human natural killer cell cytotoxic function
by organochlorine pesticides. Hum Exp Toxicol 23:463-471.</mixed-citation>
         </ref>
         <ref id="d9889e989a1310">
            <mixed-citation id="d9889e993" publication-type="other">
Robinson C, Fowler D, Brown D, Lernen R. 1987. Plywood Mill
Worker's Mortality Patterns 1945-1977. Cincinnati,
0H:National Institute for Occupational Health and Safety.</mixed-citation>
         </ref>
         <ref id="d9889e1006a1310">
            <mixed-citation id="d9889e1010" publication-type="other">
Schulz C, Conrad A, Becker K, Kolossa-Gehring M, Seiwert M,
Seifert B. 2007. Twenty years of the German Environmental
Survey (GerES): human biomonitoring—temporal and spa-
tial (West Germany/East Germany) differences in population
exposure. Int J Hyg Environ Health. 210:271-297.</mixed-citation>
         </ref>
         <ref id="d9889e1029a1310">
            <mixed-citation id="d9889e1033" publication-type="other">
Schweiz BA, Keeler PA, Gehring PJ. 1974. The effect of purified
and commercial grade pentachlorophenol on rat embry-
onal and fetal development. Toxicol Appl Pharmacol
28:151-161.</mixed-citation>
         </ref>
         <ref id="d9889e1049a1310">
            <mixed-citation id="d9889e1055" publication-type="other">
Smith AH, Pearce NE, Fisher DO, Giles HJ, Teague CA,
Howard JK. 1984. Soft tissue sarcoma and exposure to
phenoxyherbicides and chlorophenols in New Zealand.
J Nati Cancer Inst 73:1111-1117.</mixed-citation>
         </ref>
         <ref id="d9889e1071a1310">
            <mixed-citation id="d9889e1075" publication-type="other">
Smith JG, Christophers AJ. 1992. Phenoxy herbicides and
chlorophenols: a case control study on soft tissue sarcoma
and malignant lymphoma. Br J Cancer 65:442-448.</mixed-citation>
         </ref>
         <ref id="d9889e1088a1310">
            <mixed-citation id="d9889e1092" publication-type="other">
Smyth MJ, Crowe NY, Hayakawa Y, Takeda K, Yagita H,
Godfrey Dl. 2002. NKT cells—conductors of tumor immu-
nity? Curr Opin Immunol 14:165-171.</mixed-citation>
         </ref>
         <ref id="d9889e1106a1310">
            <mixed-citation id="d9889e1110" publication-type="other">
Steenland K, Bertazzi P, Baccarelli A, Kogevinas M. 2004. Dioxin
revisited: developments since the 1997 IARC classification
of dioxin as a human carcinogen. Environ Health Perspect
112:1265-1268.</mixed-citation>
         </ref>
         <ref id="d9889e1126a1310">
            <mixed-citation id="d9889e1130" publication-type="other">
Taylor TR, Tucker T, Whalen MM. 2005. Persistent inhibition of
human natural killer cell function by ziram and pentachloro-
phenol. Environ Toxicol 20:418-424.</mixed-citation>
         </ref>
         <ref id="d9889e1143a1310">
            <mixed-citation id="d9889e1147" publication-type="other">
Teschke K, Hertzman C, Dimich-Ward H, Ostry A, Blair J,
Hershler R. 1989. A comparison of exposure estimates by
worker raters and industrial hygienists. Scand J Work
Environ Health 15:424-429.</mixed-citation>
         </ref>
         <ref id="d9889e1163a1310">
            <mixed-citation id="d9889e1167" publication-type="other">
Teschke K, Marion SA, Ostry A, Hertzman C, Hershler R,
Dimich-Ward H, et al. 1996. Reliability of retrospective
chlorophenol exposure estimates over five decades. Am J
Ind Med 30:616-622.</mixed-citation>
         </ref>
         <ref id="d9889e1183a1310">
            <mixed-citation id="d9889e1187" publication-type="other">
U.S. EPA (U.S. Environmental Protection Agency). 1991. Penta-
chlorophenol. CASRN 87-86-5. Available: http://www.
epa.gov/iris/subst/0086.htm [accessed 16 July 2007].</mixed-citation>
         </ref>
         <ref id="d9889e1200a1310">
            <mixed-citation id="d9889e1204" publication-type="other">
van Balen E, Font R, Cavalle N, Font L, Garcia-Villanueva M,
Benavente Y, et al. 2006. Exposure to non-arsenic pesti-
cides is associated with lymphoma among farmers in
Spain. Occup Environ Med 63:663-668.</mixed-citation>
         </ref>
         <ref id="d9889e1221a1310">
            <mixed-citation id="d9889e1225" publication-type="other">
Wingren G, Fredrikson M, Brage HN, Nordenskjold B,
Axelson 0. 1990. Soft tissue sarcoma and occupational
exposures. Cancer 66:806-811.</mixed-citation>
         </ref>
         <ref id="d9889e1238a1310">
            <mixed-citation id="d9889e1242" publication-type="other">
Woods JS, Polissar L, Severson RK, Heuser LS, Kulander BG.
1987. Soft tissue sarcoma and non-Hodgkin's lymphoma
in relation to phenoxyherbicide and chlorinated phenol
exposure in western Washington. J Natl Cancer Inst
78:899-910.</mixed-citation>
         </ref>
         <ref id="d9889e1261a1310">
            <mixed-citation id="d9889e1265" publication-type="other">
Zhu K, Levine RS, Brann EA, Hall HI, Caplan LS, Gnepp DR.
2002. Case-control study evaluating the homogeneity and
heterogeneity of risk factors between sinonasal and naso-
pharyngeal cancers. Int J Cancer 99:119-123.</mixed-citation>
         </ref>
      </ref-list>
   </back>
</article>
