<article xmlns:xsi="http://www.w3.org/2001/XMLSchema-instance"
         xmlns:xlink="http://www.w3.org/1999/xlink"
         xmlns:mml="http://www.w3.org/1998/Math/MathML"
         dtd-version="1.0"
         article-type="research-article">
   <front>
      <journal-meta>
         <journal-id journal-id-type="jstor">envihealpers</journal-id>
         <journal-id journal-id-type="jstor">j100482</journal-id>
         <journal-title-group>
            <journal-title>Environmental Health Perspectives</journal-title>
         </journal-title-group>
         <publisher>
            <publisher-name>Public Health Service, U.S. Department of Health and Human Services</publisher-name>
         </publisher>
         <issn pub-type="ppub">00916765</issn>
      </journal-meta>
      <article-meta>
         <article-id pub-id-type="jstor">25071014</article-id>
         <article-categories>
            <subj-group>
               <subject>Indoor Mold and Children's Health</subject>
               <subj-group>
                  <subject>Exposure</subject>
               </subj-group>
            </subj-group>
         </article-categories>
         <title-group>
            <article-title>Residential Fungal Contamination and Health: Microbial Cohabitants as Covariates</article-title>
         </title-group>
         <contrib-group>
            <contrib>
               <string-name>
                  <given-names>Robert E.</given-names>
                  <surname>Dales</surname>
               </string-name>
            </contrib>
            <contrib>
               <string-name>
                  <given-names>David</given-names>
                  <surname>Miller</surname>
               </string-name>
            </contrib>
         </contrib-group>
         <pub-date>
            <day>1</day>
            <month>6</month>
            <year>1999</year>
         </pub-date>
         <volume>107</volume>
         <issue-id>i25071000</issue-id>
         <fpage>481</fpage>
         <lpage>483</lpage>
         <permissions>
            <copyright-statement/>
         </permissions>
         <self-uri xlink:href="http://www.jstor.org/stable/25071014"/>
         <abstract>
            <p>An association between symptoms and residential mold growth has been consistently observed in several countries, but the contribution of dust mites and bacterial endotoxins to this relation has not been established. To address this issue, we studied a sample of 403 Canadian elementary school children during the winter months. Reported mold growth was compared to respiratory and nonspecific symptoms before and after adjusting for dust mite antigens and bacterial endotoxin. A 12-50% relative increase in symptom prevalence was associated with reported mold growth both before and after adjusting for subject characteristics, dust mite antigens, and endotoxins. In conclusion, the association between residential fungal contamination and symptoms is not confounded by dust mites or bacterial endotoxins or other known disease-causing agents.</p>
         </abstract>
         <kwd-group>
            <kwd>Bacteria</kwd>
            <kwd>Dust mites</kwd>
            <kwd>Epidemiology</kwd>
            <kwd>Fungus</kwd>
            <kwd>Health</kwd>
         </kwd-group>
         <custom-meta-group>
            <custom-meta>
               <meta-name>lang</meta-name>
               <meta-value>eng</meta-value>
            </custom-meta>
         </custom-meta-group>
      </article-meta>
   </front>
   <back>
      <ref-list>
         <title>References and Notes</title>
         <ref id="d8654e158a1310">
            <label>1</label>
            <mixed-citation id="d8654e165" publication-type="other">
Waegemaekers M, Van Wageningen N,
Brunekreef B, Boleij J. Respiratory symptoms in
damp homes. Allergy 44:1-7 (1989).</mixed-citation>
         </ref>
         <ref id="d8654e178a1310">
            <label>2</label>
            <mixed-citation id="d8654e185" publication-type="other">
Martin CJ, Platt SD, Hunt SM. Housing condi-
tion and ill health. Br Med J 294:1125-1126
(1987).</mixed-citation>
         </ref>
         <ref id="d8654e198a1310">
            <label>3</label>
            <mixed-citation id="d8654e205" publication-type="other">
Brunekreef B, Dockery DW, Speizer FE, Ware
JH, Spengler JD, Ferris BG. Home dampness
and respiratory morbidity in children. Am Rev
Respir Dis 140:1363-1367 (1989).</mixed-citation>
         </ref>
         <ref id="d8654e221a1310">
            <label>4</label>
            <mixed-citation id="d8654e228" publication-type="other">
Dales RE, Zwanenburg H, Burnett R, Franklin CA.
Respiratory health effects of home dampness
and moulds among Canadian children. Am J
Epidemiol 134:196-203 (1991).</mixed-citation>
         </ref>
         <ref id="d8654e245a1310">
            <label>5</label>
            <mixed-citation id="d8654e252" publication-type="other">
Verhoeff AP, van Strien RT, van Wijnen JH,
Brunekreef B. Damp housing and childhood res-
piratory symptoms: the role of sensitization to
dust mites and moulds. Am J Epidemiol
141:103-110 (1995).</mixed-citation>
         </ref>
         <ref id="d8654e271a1310">
            <label>6</label>
            <mixed-citation id="d8654e278" publication-type="other">
Flannigan B, McCabe EM, McGarry F. Allergic
and toxigenic micro-organisms in houses. J
Appl Bacteriol 70(suppl):618-738 (1991).</mixed-citation>
         </ref>
         <ref id="d8654e291a1310">
            <label>7</label>
            <mixed-citation id="d8654e298" publication-type="other">
Tobin RS, Baranowski E, Gilman A, Kuiper-
Goodman T, Miller JD, Giddings M. Significance
of fungi in indoor air: report from a working
group. Can J Public Health 8(suppl):S1-S30
(1987).</mixed-citation>
         </ref>
         <ref id="d8654e317a1310">
            <label>8</label>
            <mixed-citation id="d8654e324" publication-type="other">
Sporik R, Holgate S, Platts-Mills T, Cogswell J.
Exposure to house-dust mite allergen (Der p I)
and the development of asthma in childhood. N
Engl J Med 323:502-507 (1990).</mixed-citation>
         </ref>
         <ref id="d8654e340a1310">
            <label>9</label>
            <mixed-citation id="d8654e347" publication-type="other">
Michel M, Kips J, Duchateau J, Vertongen F,
Robert L, Collet H, Pauwels R, Sergysels R.
Severity of asthma is related to endotoxin in
house dust. Am J Respir Crit Care Med
154:1641-1646 (1996).</mixed-citation>
         </ref>
         <ref id="d8654e366a1310">
            <label>10</label>
            <mixed-citation id="d8654e373" publication-type="other">
Williamson IJ, Martin CJ, McGill G, Monie
RDH, Fennerty AG. Damp housing and asthma:
a case-control study. Thorax 52:229-234
(1997).</mixed-citation>
         </ref>
         <ref id="d8654e390a1310">
            <label>11</label>
            <mixed-citation id="d8654e399" publication-type="other">
Verhoeff AP, Burge H. Health risk assessment
of fungi in home environments. Ann Allergy
Asthma Immunol 78:28:544-546 (1997).</mixed-citation>
         </ref>
         <ref id="d8654e412a1310">
            <label>12</label>
            <mixed-citation id="d8654e419" publication-type="other">
Dales RE, Schweitzer I, Bartlett S, Raizenne M,
Burnett R. Indoor air and health: reproducibility
of respiratory symptoms and reported home
dampness and molds using a self-administered
questionnaire. Indoor Air 4:2-7 (1994).</mixed-citation>
         </ref>
         <ref id="d8654e438a1310">
            <label>13</label>
            <mixed-citation id="d8654e445" publication-type="other">
Remillard JF, Roslansky PF, Novitsky TJ.
Quantification of endotoxin using the LAL
kinetic turbidimetric assay in an incubating
microplate reader. LAL Update 10:1-5 (1992).</mixed-citation>
         </ref>
         <ref id="d8654e461a1310">
            <label>14</label>
            <mixed-citation id="d8654e468" publication-type="other">
Dawson ME. Endotoxin standards and CSE
potency. LAL Update 11:2-5 (1993).</mixed-citation>
         </ref>
         <ref id="d8654e478a1310">
            <label>15</label>
            <mixed-citation id="d8654e485" publication-type="other">
Hamilton RG, Chapman MD, Platts-Mills TAE,
Adkinson NF. House dust aeroallergen mea-
surements in clinical practices guide to aller-
gen-free home and work environments.
Immunol Allergy Practice 14:9-25 (1992).</mixed-citation>
         </ref>
         <ref id="d8654e504a1310">
            <label>16</label>
            <mixed-citation id="d8654e511" publication-type="other">
Michel O, Gianni R, Duchateau J, Vertongen F,
Le Bob B, Sergylsels R. Domestic endotoxin
exposure an clinical severity of asthma. Clin
Exp Allergy 21:441-448 (1991).</mixed-citation>
         </ref>
         <ref id="d8654e528a1310">
            <label>17</label>
            <mixed-citation id="d8654e535" publication-type="other">
Milton, DK, Johnson DK, Park J-H.
Environmental endotoxin measurement: inter-
ference and sources of variation in the Limulus
assay of house dust. Am Ind Hyg Assoc J
58:861-867 (1997).</mixed-citation>
         </ref>
      </ref-list>
   </back>
</article>
