<article xmlns:xsi="http://www.w3.org/2001/XMLSchema-instance"
         xmlns:xlink="http://www.w3.org/1999/xlink"
         xmlns:mml="http://www.w3.org/1998/Math/MathML"
         dtd-version="1.0"
         article-type="research-article">
   <front>
      <journal-meta>
         <journal-id journal-id-type="jstor">envihealpers</journal-id>
         <journal-id journal-id-type="jstor">j100482</journal-id>
         <journal-title-group>
            <journal-title>Environmental Health Perspectives</journal-title>
         </journal-title-group>
         <publisher>
            <publisher-name>National Institute of Environmental Health Sciences</publisher-name>
         </publisher>
         <issn pub-type="ppub">00916765</issn>
      </journal-meta>
      <article-meta>
         <article-id pub-id-type="jstor">25071104</article-id>
         <article-id pub-id-type="pub-doi">10.1289/ehp.11226</article-id>
         <article-categories>
            <subj-group>
               <subject>Research</subject>
            </subj-group>
         </article-categories>
         <title-group>
            <article-title>Meeting Report: Measuring Endocrine-Sensitive Endpoints within the First Years of Life</article-title>
         </title-group>
         <contrib-group>
            <contrib>
               <string-name>
                  <given-names>Tye E.</given-names>
                  <surname>Arbuckle</surname>
               </string-name>
            </contrib>
            <contrib>
               <string-name>
                  <given-names>Russ</given-names>
                  <surname>Hauser</surname>
               </string-name>
            </contrib>
            <contrib>
               <string-name>
                  <given-names>Shanna H.</given-names>
                  <surname>Swan</surname>
               </string-name>
            </contrib>
            <contrib>
               <string-name>
                  <given-names>Catherine S.</given-names>
                  <surname>Mao</surname>
               </string-name>
            </contrib>
            <contrib>
               <string-name>
                  <given-names>Matthew P.</given-names>
                  <surname>Longnecker</surname>
               </string-name>
            </contrib>
            <contrib>
               <string-name>
                  <given-names>Katharina M.</given-names>
                  <surname>Main</surname>
               </string-name>
            </contrib>
            <contrib>
               <string-name>
                  <given-names>Robin M.</given-names>
                  <surname>Whyatt</surname>
               </string-name>
            </contrib>
            <contrib>
               <string-name>
                  <given-names>Pauline</given-names>
                  <surname>Mendola</surname>
               </string-name>
            </contrib>
            <contrib>
               <string-name>
                  <given-names>Melissa</given-names>
                  <surname>Legrand</surname>
               </string-name>
            </contrib>
            <contrib>
               <string-name>
                  <given-names>Joanne</given-names>
                  <surname>Rovet</surname>
               </string-name>
            </contrib>
            <contrib>
               <string-name>
                  <given-names>Christine</given-names>
                  <surname>Till</surname>
               </string-name>
            </contrib>
            <contrib>
               <string-name>
                  <given-names>Mike</given-names>
                  <surname>Wade</surname>
               </string-name>
            </contrib>
            <contrib>
               <string-name>
                  <given-names>John</given-names>
                  <surname>Jarrell</surname>
               </string-name>
            </contrib>
            <contrib>
               <string-name>
                  <given-names>Stephen</given-names>
                  <surname>Matthews</surname>
               </string-name>
            </contrib>
            <contrib>
               <string-name>
                  <given-names>Guy</given-names>
                  <surname>Van Vliet</surname>
               </string-name>
            </contrib>
            <contrib>
               <string-name>
                  <given-names>Carl-Gustaf</given-names>
                  <surname>Bornehag</surname>
               </string-name>
            </contrib>
            <contrib>
               <string-name>
                  <given-names>Roger</given-names>
                  <surname>Mieusset</surname>
               </string-name>
            </contrib>
         </contrib-group>
         <pub-date>
            <day>1</day>
            <month>7</month>
            <year>2008</year>
         </pub-date>
         <volume>116</volume>
         <issue>7</issue>
         <issue-id>i25071069</issue-id>
         <fpage>948</fpage>
         <lpage>951</lpage>
         <self-uri xlink:href="http://www.jstor.org/stable/25071104"/>
         <abstract>
            <p>An international workshop titled "Assessing Endocrine-Related Endpoints within the First Years of Life" was held 30 April-1 May 2007, in Ottawa, Ontario, Canada. Representatives from a number of pregnancy cohort studies in North America and Europe presented options for measuring various endocrine-sensitive endpoints in early life and discussed issues related to performing and using those measures. The workshop focused on measuring reproductive tract developmental endpoints [e.g., anogenital distance (AGD)], endocrine status, and infant anthropometry. To the extent possible, workshop participants strove to develop or recommend standardized measurements that would allow comparisons and pooling of data across studies. The recommended outcomes include thigh fat fold, breast size, vaginal cytology, AGD, location of the testis, testicular size, and growth of the penis, with most of the discussion focusing on the genital exam. Although a number of outcome measures recommended during the genital exam have been associated with exposure to endocrine-disrupting chemicals, little is known about how predictive these effects are of later reproductive health or other chronic health conditions.</p>
         </abstract>
         <kwd-group>
            <kwd>Anogenital distance</kwd>
            <kwd>Anthropometry</kwd>
            <kwd>Endocrine disruptors</kwd>
            <kwd>Genital exam</kwd>
            <kwd>Hormones</kwd>
            <kwd>Infants</kwd>
            <kwd>Measurement</kwd>
            <kwd>Neurodevelopment</kwd>
            <kwd>Reproductive tract development</kwd>
            <kwd>Sexual dimorphism</kwd>
         </kwd-group>
         <custom-meta-group>
            <custom-meta>
               <meta-name>lang</meta-name>
               <meta-value>eng</meta-value>
            </custom-meta>
         </custom-meta-group>
      </article-meta>
   </front>
   <back>
      <ref-list>
         <title>References</title>
         <ref id="d5007e350a1310">
            <mixed-citation id="d5007e354" publication-type="other">
American Academy of Pediatrics. 2007. Recommendations for
Preventive Pediatric Health Care. Committee on Practice
and Ambulatory Medicine and Bright Futures Steering
Committee. Pediatrics 120:1376.</mixed-citation>
         </ref>
         <ref id="d5007e370a1310">
            <mixed-citation id="d5007e374" publication-type="other">
Bernbaum JC, Umbach DM, Ragan NB, Ballard JL, Archer JL,
Schmidt-Davis H, et al. 2008. Pilot studies of estrogen-
related physical findings in infants. Environ Health
Perspect 116:416-420.</mixed-citation>
         </ref>
         <ref id="d5007e390a1310">
            <mixed-citation id="d5007e394" publication-type="other">
Boisen K, Kaleva M, Main KM, Virtanen HE, Haavisto A-M,
Schmidt IM, et al. 2004. Difference in the prevalence of
congenital cryptorchidism in infants between two Nordic
countries. Lancet 363:1264-1269.</mixed-citation>
         </ref>
         <ref id="d5007e410a1310">
            <mixed-citation id="d5007e414" publication-type="other">
Callegari C, Everett S, Ross M, Brasel JA. 1987. Anogenital
ratio: measure of fetal virilization in premature and full-
term newborn infants. J Pediatr 111:240-243.</mixed-citation>
         </ref>
         <ref id="d5007e428a1310">
            <mixed-citation id="d5007e432" publication-type="other">
Carlsen SM, Jacobsen G, Bjerve KS. 2003. Androgen levels in
pregnant women decrease with increasing maternal age.
Scand J Clin Lab Invest 63:23-26.</mixed-citation>
         </ref>
         <ref id="d5007e445a1310">
            <mixed-citation id="d5007e449" publication-type="other">
Carlsen SM, Jacobsen G, Romundstad P. 2006. Maternal
testosterone levels during pregnancy are associated with
offspring size at birth. Eur J Endocrinol 155:365-370.</mixed-citation>
         </ref>
         <ref id="d5007e462a1310">
            <mixed-citation id="d5007e466" publication-type="other">
Chellakooty M, Schmidt IM, Haavisto AM, Boisen K, Damgaard
IN, Mau C, et al. 2003. Inhibin A, inhibin B, follicle-stimulat-
ing hormone (FSH), luteinizing hormone (LH), estradiol and
sex hormones-binding globulin (SHBG) levels in 473
healthy infant girls. J Clin Endocrinol Metab 88:3515-3520.</mixed-citation>
         </ref>
         <ref id="d5007e485a1310">
            <mixed-citation id="d5007e489" publication-type="other">
Ellis KJ, Yao M, Shypailo RJ, Urlando A, Wong WW, Heird WC.
2007. Body-composition assessment in infancy: air-
displacement plethysmography compared with a reference
4-compartment model. Am J Clin Nutr 85:90-95.</mixed-citation>
         </ref>
         <ref id="d5007e505a1310">
            <mixed-citation id="d5007e509" publication-type="other">
Lohman TG, Roche AF, Martorell R. 1988. Anthropometric
Standardization Reference Manual. Champaign, IL:Human
Kinetics Books.</mixed-citation>
         </ref>
         <ref id="d5007e522a1310">
            <mixed-citation id="d5007e526" publication-type="other">
Longnecker MP, Gladen BC, Cupul-Uicab LA, Romano-Riquer
SP, Weber J-P, Chapin RE, et al. 2007. In utero exposure to
the antiandrogen 1,1-dichloro-2,2-bis(p-chlorophenyl)ethyl-
ene (DDE) in relation to anogenital distance in male new-
boms from Chiapas, Mexico. Am J Epidemiol 165:1015-1022.</mixed-citation>
         </ref>
         <ref id="d5007e546a1310">
            <mixed-citation id="d5007e550" publication-type="other">
Ogawa S, Ogihara T, Fujiwara E, Ito K, Nakano M, Nakayama S,
et al. 2005. Venipuncture is preferable to heel lance for
blood sampling in term neonates. Arch Dis Child Fetal
Neonatal Ed 90:F432-F436.</mixed-citation>
         </ref>
         <ref id="d5007e566a1310">
            <mixed-citation id="d5007e570" publication-type="other">
Quigley CA. 2002. The postnatal gonadotropin and sex steroid
surge—insights from the androgen insensitivity syndrome
[Editorial]. J Clin Endocrinol Metab 87:24-28.</mixed-citation>
         </ref>
         <ref id="d5007e583a1310">
            <mixed-citation id="d5007e587" publication-type="other">
Romano-Riquer SP, Hernandez-Avila M, Gladen BC, Cupul-Uicab
LA, Longnecker MP. 2007. Reliability and determinants of
anogenital distance and penis dimensions in male new-
borns from Chiapas, Mexico. Paediatr Perinat Epidemiol
21:219-228.</mixed-citation>
         </ref>
         <ref id="d5007e606a1310">
            <mixed-citation id="d5007e610" publication-type="other">
Schmidt IM, Chellakooty M, Haavisto AM, Boisen K,
Damgaard IN, Steendahl U, et al. 2002. Gender difference
in breast tissue size in infancy: correlation with serum
estradiol. Pediatr Res 52:682-686.</mixed-citation>
         </ref>
         <ref id="d5007e626a1310">
            <mixed-citation id="d5007e630" publication-type="other">
Scorer CG. 1964. The descent of the testes. Arch Dis Child
39:605-609.</mixed-citation>
         </ref>
         <ref id="d5007e640a1310">
            <mixed-citation id="d5007e644" publication-type="other">
Suomi AM, Main KM, Kaleva M, Schmidt IM, Chellakooty M,
Virtanen HE, et al. 2006. Hormonal changes in 3-month-old
cryptorchid boys. J Clin Endocrinol Metab 91:953-958.</mixed-citation>
         </ref>
         <ref id="d5007e658a1310">
            <mixed-citation id="d5007e662" publication-type="other">
Swan SH, Main KM, Liu F, Stewart SL, Kruse RL, Calafat AM,
et al. 2005. Decrease in anogenital distance among male
infants with prenatal phthalate exposure. Environ Health
Perspect 113:1056-1061.</mixed-citation>
         </ref>
         <ref id="d5007e678a1310">
            <mixed-citation id="d5007e682" publication-type="other">
Troisi R, Potischman N, Roberts J, Siiteri P, Daftary A, Sims C,
et al. 2003. Associations of maternal and umbilical cord
hormone concentrations with maternal, gestational and
neonatal factors (United States). Cancer Causes Control
14:347-355.</mixed-citation>
         </ref>
         <ref id="d5007e701a1310">
            <mixed-citation id="d5007e705" publication-type="other">
U.K. Child Growth Foundation. 2008. Re-Usable Lasso-o.
Available: http://www.healthforallchildren.co.uk/pro.
epl?DO=PR0DUCT&amp;amp;WAY=INF0&amp;amp;ID=191 [accessed
6 March 2008].</mixed-citation>
         </ref>
         <ref id="d5007e721a1310">
            <mixed-citation id="d5007e725" publication-type="other">
WHO (World Health Organization). 2008. The WHO Child Growth
Standards. Available: http://www.who.int/childgrowth/
standards/en/ [accessed 6 March 2008].</mixed-citation>
         </ref>
      </ref-list>
   </back>
</article>
