<article xmlns:xsi="http://www.w3.org/2001/XMLSchema-instance"
         xmlns:xlink="http://www.w3.org/1999/xlink"
         xmlns:mml="http://www.w3.org/1998/Math/MathML"
         dtd-version="1.0"
         article-type="research-article">
   <front>
      <journal-meta>
         <journal-id journal-id-type="jstor">envihealpers</journal-id>
         <journal-id journal-id-type="jstor">j100482</journal-id>
         <journal-title-group>
            <journal-title>Environmental Health Perspectives</journal-title>
         </journal-title-group>
         <publisher>
            <publisher-name>National Institute of Environmental Health Sciences</publisher-name>
         </publisher>
         <issn pub-type="ppub">00916765</issn>
      </journal-meta>
      <article-meta>
         <article-id pub-id-type="jstor">25071097</article-id>
         <article-id pub-id-type="pub-doi">10.1289/ehp.11189</article-id>
         <article-categories>
            <subj-group>
               <subject>Research</subject>
            </subj-group>
         </article-categories>
         <title-group>
            <article-title>Circulating Biomarkers of Inflammation, Antioxidant Activity, and Platelet Activation Are Associated with Primary Combustion Aerosols in Subjects with Coronary Artery Disease</article-title>
         </title-group>
         <contrib-group>
            <contrib>
               <string-name>
                  <given-names>Ralph J.</given-names>
                  <surname>Delfino</surname>
               </string-name>
            </contrib>
            <contrib>
               <string-name>
                  <given-names>Norbert</given-names>
                  <surname>Staimer</surname>
               </string-name>
            </contrib>
            <contrib>
               <string-name>
                  <given-names>Thomas</given-names>
                  <surname>Tjoa</surname>
               </string-name>
            </contrib>
            <contrib>
               <string-name>
                  <given-names>Andrea</given-names>
                  <surname>Polidori</surname>
               </string-name>
            </contrib>
            <contrib>
               <string-name>
                  <given-names>Mohammad</given-names>
                  <surname>Arhami</surname>
               </string-name>
            </contrib>
            <contrib>
               <string-name>
                  <given-names>Daniel L.</given-names>
                  <surname>Gillen</surname>
               </string-name>
            </contrib>
            <contrib>
               <string-name>
                  <given-names>Micheal T.</given-names>
                  <surname>Kleinman</surname>
               </string-name>
            </contrib>
            <contrib>
               <string-name>
                  <given-names>Nosratola D.</given-names>
                  <surname>Vaziri</surname>
               </string-name>
            </contrib>
            <contrib>
               <string-name>
                  <given-names>John</given-names>
                  <surname>Longhurst</surname>
               </string-name>
            </contrib>
            <contrib>
               <string-name>
                  <given-names>Frank</given-names>
                  <surname>Zaldivar</surname>
               </string-name>
            </contrib>
            <contrib>
               <string-name>
                  <given-names>Constantinos</given-names>
                  <surname>Sioutas</surname>
               </string-name>
            </contrib>
         </contrib-group>
         <pub-date>
            <day>1</day>
            <month>7</month>
            <year>2008</year>
         </pub-date>
         <volume>116</volume>
         <issue>7</issue>
         <issue-id>i25071069</issue-id>
         <fpage>898</fpage>
         <lpage>906</lpage>
         <self-uri xlink:href="http://www.jstor.org/stable/25071097"/>
         <abstract>
            <p>Background: Biomarkers of systemic inflammation have been associated with risk of cardiovascular morbidity and mortality. Objectives: We aimed to clarify associations of particulate matter (PM) air pollution with systemic inflammation using models based on size-fractionated PM mass and markers of primary and secondary aerosols. Methods: We followed a panel of 29 nonsmoking elderly subjects with a history of coronary artery disease (CAD) living in retirement communities in the Los Angeles, California, air basin. Blood plasma biomarkers were measured weekly over 12 weeks and included C-reactive protein (CRP), fibrinogen, tumor necrosis factor-α (TNF-α) and its soluble receptor-II (sTNF-RII), interleukin-6 (IL-6) and its soluble receptor (IL-6sR), fibrin D-dimer, soluble platelet selectin (sP-selectin), soluble vascular cell adhesion molecule-1 (sVCAM-1), intracellular adhesion molecule-1 (sICAM-1), and myeloperoxidase (MPO). To assess changes in antioxidant capacity, we assayed erythrocyte lysates for glutathione peroxidase-1 (GPx-1) and copper-zinc superoxide dismutase (Cu,Zn-SOD) activities. We measured indoor and outdoor home daily size-fractionated PM mass, and hourly pollutant gases, total particle number (PN), fine PM elemental carbon (EC) and organic carbon (OC), estimated secondary organic aerosol (SOA) and primary OC<tex-math>$({\rm OC}_{{\rm pri}})$</tex-math>from total OC, and black carbon (BC). We analyzed data with mixed models controlling for temperature and excluding weeks with infections. Results: We found significant positive associations for CRP, IL-6, sTNF-RII, and sP-selectin with outdoor and/or indoor concentrations of quasi-ultrafine PM ≤ 0.25 μm in diameter, EC,<tex-math>${\rm OC}_{{\rm pri}}$</tex-math>, BC, PN, carbon monoxide, and nitrogen dioxide from the current-day and multiday averages. We found consistent positive but largely nonsignificant coefficients for TNF-α, sVCAM-1, and sICAM-1, but not fibrinogen, IL-6sR, or D-dimer. We found inverse associations for erythrocyte Cu,Zn-SOD with these pollutants and other PM size fractions (0.25-2.5 and 2.5-10 μm). Inverse associations of GPx-1 and MPO with pollutants were largely nonsignificant. Indoor associations were often stronger for estimated indoor EC,<tex-math>${\rm OC}_{{\rm pri}}$</tex-math>, and PN of outdoor origin than for uncharacterized indoor measurements. There was no evidence for positive associations with SOA. Conclusions: Results suggest that traffic emission sources of<tex-math>${\rm OC}_{{\rm pri}}$</tex-math>and quasi-ultrafine particles lead to increased systemic inflammation and platelet activation and decreased antioxidant enzyme activity in elderly people with CAD.</p>
         </abstract>
         <kwd-group>
            <kwd>Acute-phase proteins</kwd>
            <kwd>Cytokines</kwd>
            <kwd>Enzymes</kwd>
            <kwd>Epidemiology</kwd>
            <kwd>Longitudinal data analysis</kwd>
            <kwd>Oxidative stress</kwd>
            <kwd>Panel study</kwd>
            <kwd>Particulate air pollution</kwd>
         </kwd-group>
         <custom-meta-group>
            <custom-meta>
               <meta-name>lang</meta-name>
               <meta-value>eng</meta-value>
            </custom-meta>
         </custom-meta-group>
      </article-meta>
   </front>
   <back>
      <ref-list>
         <title>References</title>
         <ref id="d5252e329a1310">
            <mixed-citation id="d5252e333" publication-type="other">
Arhami M, Kuhn T, Fine PM, Delfino RJ, Sioutas C. 2006. Effects
of sampling artifacts and operating parameters on the per-
formance of a semi-continuous paniculate EC/OC monitor.
Environ Sei Technol 40:945-953.</mixed-citation>
         </ref>
         <ref id="d5252e349a1310">
            <mixed-citation id="d5252e353" publication-type="other">
Bender R, Lange S. 2001. Adjusting for multiple testing—when
and how? J Clin Epidemiol 54:343-349.</mixed-citation>
         </ref>
         <ref id="d5252e363a1310">
            <mixed-citation id="d5252e367" publication-type="other">
Cabada JC, Pandis SN, Subramanian R, Robinson AL, Polidori
A, Turpin B. 2004. Estimating the secondary organic
aerosol contribution to PM2.5 using the EC tracer method.
Aerosol Sei Technol 38:140-155.</mixed-citation>
         </ref>
         <ref id="d5252e383a1310">
            <mixed-citation id="d5252e387" publication-type="other">
Cho AK, Sioutas C, Schmitz DA, Kumagai Y, Singh M, Miguel
AH, et al. 2005. Redox activity of airborne particulate mat-
ter at different sites in the Los Angeles Basin. Environ Res
99:40-47.</mixed-citation>
         </ref>
         <ref id="d5252e404a1310">
            <mixed-citation id="d5252e408" publication-type="other">
Chuang KJ, Chan CC, Su TC, Lee CT, Tang CS. 2007. The effect
of urban air pollution on inflammation, oxidative stress,
coagulation, and autonomie dysfunction in young adults.
Am J Respir Crit Care Med 176:370-376.</mixed-citation>
         </ref>
         <ref id="d5252e424a1310">
            <mixed-citation id="d5252e428" publication-type="other">
Cox FA, Stiller-Winkler R, Hadnagy W, Ranft U, Idel H. 1999.
Soluble tumor necrosis factor (sTNF-RII) in sera of chil-
dren and traffic-derived particulate air pollution. Zentralbl
Hyg Umweltmed 202:489-500.</mixed-citation>
         </ref>
         <ref id="d5252e444a1310">
            <mixed-citation id="d5252e448" publication-type="other">
Delfino RJ, Sioutas C, Malik S. 2005. Potential role of ultrafine
particles in associations between airborne particle mass
and cardiovascular health. Environ Health Perspect
113:934-946.</mixed-citation>
         </ref>
         <ref id="d5252e464a1310">
            <mixed-citation id="d5252e468" publication-type="other">
Dubowsky SD, Suh H, Schwartz J, Coull BA, Gold DR. 2006.
Diabetes, obesity, and hypertension may enhance associ-
ations between air pollution and markers of systemic
inflammation. Environ Health Perspect 114:992-998.</mixed-citation>
         </ref>
         <ref id="d5252e484a1310">
            <mixed-citation id="d5252e488" publication-type="other">
Elder A, Oberdörster G. 2006. Translocation and effects of
ultrafine particles outside of the lung. Clin Occup Environ
Med 5:785-796.</mixed-citation>
         </ref>
         <ref id="d5252e501a1310">
            <mixed-citation id="d5252e505" publication-type="other">
Espinola-Klein C, Rupprecht HJ, Bickel C, Schnabel R, Genth-
Zotz S, Torzewski M, et al. 2007. Glutathione peroxidase-1
activity, atherosclerotic burden, and cardiovascular prog-
nosis. Am J Cardiol 99:808-812.</mixed-citation>
         </ref>
         <ref id="d5252e522a1310">
            <mixed-citation id="d5252e526" publication-type="other">
Folsom AR, Chambless LE, Ballantyne CM, Coresh J, Heiss G,
Wu KK, et al. 2006. An assessment of incremental coro-
nary risk prediction using C-reactive protein and other
novel risk markers: the Atherosclerosis Risk in
Communities Study. Arch Intern Med 166:1368-1373.</mixed-citation>
         </ref>
         <ref id="d5252e545a1310">
            <mixed-citation id="d5252e549" publication-type="other">
Geiser M, Rothen-Rutishauser B, Kapp N, Schurch S, Kreyling
W, Schulz H, et al. 2005. Ultrafine particles cross cellular
membranes by nonphagocytic mechanisms in lungs and in
cultured cells. Environ Health Perspect 113:1555-1560.</mixed-citation>
         </ref>
         <ref id="d5252e565a1310">
            <mixed-citation id="d5252e569" publication-type="other">
Hatzis C, Godleski JJ, Gonzalez-Flecha B, Wolfson JM,
Koutrakis P. 2006. Ambient particulate matter exhibits
direct inhibitory effects on oxidative stress enzymes.
Environ Sci Technol 40:2805-2811.</mixed-citation>
         </ref>
         <ref id="d5252e585a1310">
            <mixed-citation id="d5252e589" publication-type="other">
Heaney ML, Golde DW. 1998. Soluble receptors in human dis-
ease. J Leukoc Biol 64:135-146.</mixed-citation>
         </ref>
         <ref id="d5252e599a1310">
            <mixed-citation id="d5252e603" publication-type="other">
Jurk K, Kehrel BE. 2005. Platelets: physiology and biochemistry.
Semin Thromb Hemost 31:381-392.</mixed-citation>
         </ref>
         <ref id="d5252e613a1310">
            <mixed-citation id="d5252e617" publication-type="other">
Lee K, Vallarino J, Dumyahn T, Ozkaynak H, Spengler JD. 1999.
Ozone decay rates in residences. J Air Waste Manag
Assoc 49:1238-1244.</mixed-citation>
         </ref>
         <ref id="d5252e631a1310">
            <mixed-citation id="d5252e635" publication-type="other">
Li N, Sioutas C, Cho A, Schmitz D, Misra C, Sempf J, et al. 2003.
Ultrafine particulate pollutants induce oxidative stress and
mitochondrial damage. Environ Health Perspect
111:455-460.</mixed-citation>
         </ref>
         <ref id="d5252e651a1310">
            <mixed-citation id="d5252e655" publication-type="other">
Manchester-Neesvig JB, Schauer JJ, Cass GR. 2003. The dis-
tribution of particle-phase organic compounds in the
atmosphere and their use for source apportionment during
the Southern California Children's Health Study. J Air
Waste Manag Assoc 53:1065-1079.</mixed-citation>
         </ref>
         <ref id="d5252e674a1310">
            <mixed-citation id="d5252e678" publication-type="other">
Mills NL, Törnqvist H, Robinson SD, Gonzalez MC, Söderberg S,
Sandström T, et al. 2007. Air pollution and atherothrombo-
sis. Inhal Toxicol 19(suppl 1):81-89.</mixed-citation>
         </ref>
         <ref id="d5252e691a1310">
            <mixed-citation id="d5252e695" publication-type="other">
Ning Z, Geller MD, Moore KF, Sheesley RJ, Schauer JJ,
Sioutas C. 2007. Daily variation of chemical characteristics
of urban ultrafine aerosols and inference of their sources.
Environ Science Technol 41:6000-6006.</mixed-citation>
         </ref>
         <ref id="d5252e711a1310">
            <mixed-citation id="d5252e715" publication-type="other">
Ntziachristos L, Froines JR, Cho AK, Sioutas C. 2007.
Relationship between redox activity and chemical specia-
tion of size-fractionated paniculate matter. Part Fibre
Toxicol 4:5.</mixed-citation>
         </ref>
         <ref id="d5252e731a1310">
            <mixed-citation id="d5252e735" publication-type="other">
Oberdörster G. 2001. Pulmonary effects of inhaled ultrafine par-
ticles. Int Arch Occup Environ Health 74:1-8.</mixed-citation>
         </ref>
         <ref id="d5252e746a1310">
            <mixed-citation id="d5252e750" publication-type="other">
Pai JK, Pischon T, Ma J, Manson JE, Hankinson SE, Joshipura
K, et al. 2004. Inflammatory markers and the risk of coro-
nary heart disease in men and women. N Engl J Med
351:2599-2610.</mixed-citation>
         </ref>
         <ref id="d5252e766a1310">
            <mixed-citation id="d5252e770" publication-type="other">
Penn A, Murphy G, Barker S, Henk W, Penn L 2005. Combustion-
derived ultrafine particles transport organic toxicants to tar-
get respiratory cells. Environ Health Perspect 113:956-963.</mixed-citation>
         </ref>
         <ref id="d5252e783a1310">
            <mixed-citation id="d5252e787" publication-type="other">
Peters A, von Klot S, Heier M, Trentinaglia I, Hoermann A,
Wichmann HE, et al. 2004. Exposure to traffic and the onset
of myocardial infarction. New Engl J Med 351:1721-1730.</mixed-citation>
         </ref>
         <ref id="d5252e800a1310">
            <mixed-citation id="d5252e804" publication-type="other">
Pigeolet E, Corbisier P, Houbion A, Lambert D, Michiels C, Raes
M, et al. 1990. Glutathione peroxidase, superoxide dismu-
tase, and catalase inactivation by peroxides and oxygen
derived free radicals. Mech Ageing Dev 51:283-297.</mixed-citation>
         </ref>
         <ref id="d5252e820a1310">
            <mixed-citation id="d5252e824" publication-type="other">
Polidori A, Arhami M, Delfino RJ, Allen R, Sioutas C. 2007.
Indoor-outdoor relationships, trends and carbonaceous
content of fine particulate matter in retirement communi-
ties of the Los Angeles basin. J Air Waste Manage Assoc
57:366-379.</mixed-citation>
         </ref>
         <ref id="d5252e843a1310">
            <mixed-citation id="d5252e847" publication-type="other">
Pope CA III, Dockery DW. 2006. Health effects of fine particu-
late air pollution: lines that connect. J Air Waste Manag
Assoc 56:709-742.</mixed-citation>
         </ref>
         <ref id="d5252e861a1310">
            <mixed-citation id="d5252e865" publication-type="other">
Robinson AL, Donahue NM, Shrivastava MK, Weitkamp EA,
Sage AM, Grieshop AP, et al. 2007. Rethinking organic
aerosols: semivolatile emissions and photochemical
aging. Science 315:1259-1262.</mixed-citation>
         </ref>
         <ref id="d5252e881a1310">
            <mixed-citation id="d5252e885" publication-type="other">
Riickerl R, Greven S, Ljungman P, Aalto P, Antoniades C,
Bellander T, et al. 2007a. Air pollution and inflammation
(interleukin-6, C-reactive protein, fibrinogen) in myocardial
infarction survivors. Environ Health Perspect 115:1072-1080.</mixed-citation>
         </ref>
         <ref id="d5252e901a1310">
            <mixed-citation id="d5252e905" publication-type="other">
Rückerl R, Ibald-Mulli A, Koenig W, Schneider A, Woelke G,
Cyrys J, et al. 2006. Air pollution and markers of inflamma-
tion and coagulation in patients with coronary heart dis-
ease. Am J Respir Crit Care Med 173:432-441.</mixed-citation>
         </ref>
         <ref id="d5252e921a1310">
            <mixed-citation id="d5252e925" publication-type="other">
Rückerl R, Phipps RP, Schneider A, Frampton M, Cyrys J,
Oberdorster G, et al. 2007b. Ultrafine particles and platelet
activation in patients with coronary heart disease—results
from a prospective panel study. Part Fibre Toxicol 4:1.</mixed-citation>
         </ref>
         <ref id="d5252e941a1310">
            <mixed-citation id="d5252e945" publication-type="other">
Sagai M, Saito H, Ichinose T, Kodama M, Mori Y. 1993.
Biological effects of diesel exhaust particles. I. In vitro
production of superoxide and in vivo toxicity in mouse.
Free Radical Biol Med 14:37-47.</mixed-citation>
         </ref>
         <ref id="d5252e961a1310">
            <mixed-citation id="d5252e965" publication-type="other">
Sardar SB, Fine PM, Sioutas C. 2005. Seasonal and spatial vari-
ability of the size-resolved chemical composition of partic-
ulate matter (PM10) in the Los Angeles Basin. J Geophys
Res Atmos 110:D07S08; doi:10.1029/2004JD004627.</mixed-citation>
         </ref>
         <ref id="d5252e982a1310">
            <mixed-citation id="d5252e986" publication-type="other">
Shinyashiki M, Rodriguez CR, Di Stefano EM, Sioutas C, Delfino
RJ, Kumagai Y, et al. 2008. On the interaction between
glyceraldehyde-3-phosphate dehydrogenase and airborne
particles: evidence for electrophilic species. Atmos
Environ 42:517-529.</mixed-citation>
         </ref>
         <ref id="d5252e1005a1310">
            <mixed-citation id="d5252e1009" publication-type="other">
Sioutas C, Delfino RJ, Singh M. 2005. Exposure assessment for
atmospheric ultrafine particles (UFP) and implications in
epidemiological research. Environ Health Perspect
113:947-955.</mixed-citation>
         </ref>
         <ref id="d5252e1025a1310">
            <mixed-citation id="d5252e1029" publication-type="other">
South Coast Air Quality Management District. 2007. Historical
Data by Year. Available: http://www.aqmd.gov/smog/his-
toricaldata.htm [accessed 21 November 2007].</mixed-citation>
         </ref>
         <ref id="d5252e1042a1310">
            <mixed-citation id="d5252e1046" publication-type="other">
Sullivan JH, Hubbard R, Liu SL, Shepherd K, Trenga CA, Koenig
JQ, et al. 2007. A community study of the effect of particu-
late matter on blood measures of inflammation and throm-
bosis in an elderly population. Environ Health 6:3.</mixed-citation>
         </ref>
         <ref id="d5252e1062a1310">
            <mixed-citation id="d5252e1066" publication-type="other">
Törnqvist H, Mills NL, Gonzalez M, Miller MR, Robinson SD,
Megson IL, et al. 2007. Persistent endothelial dysfunction
in humans after diesel exhaust inhalation. Am J Respir Crit
Care Med 176:395-400.</mixed-citation>
         </ref>
         <ref id="d5252e1082a1310">
            <mixed-citation id="d5252e1086" publication-type="other">
Tsantes AE, Bonovas S, Travlou A, Sitaras NM. 2006. Redox
imbalance, macrocytosis, and RBC homeostasis. Antioxid
Redox Signal 8:1205-1216.</mixed-citation>
         </ref>
         <ref id="d5252e1100a1310">
            <mixed-citation id="d5252e1104" publication-type="other">
Utell MJ, Frampton MW, Zareba W, Devlin RB, Cascio WE.
2002. Cardiovascular effects associated with air pollution:
potential mechanisms and methods of testing. Inhal
Toxicol 14:1231-1247.</mixed-citation>
         </ref>
         <ref id="d5252e1120a1310">
            <mixed-citation id="d5252e1124" publication-type="other">
Verbeke G, Molenberghs G. 2001. Linear Mixed Models for
Longitudinal Data. NewYork:Springer.</mixed-citation>
         </ref>
         <ref id="d5252e1134a1310">
            <mixed-citation id="d5252e1138" publication-type="other">
Xiao Z, Théroux P. 2004. Clopidogrel inhibits platelet-leukocyte
interactions and thrombin receptor agonist peptide-
induced platelet activation in patients with an acute coro-
nary syndrome. J Am Coll Cardiol 43:1982-1988.</mixed-citation>
         </ref>
         <ref id="d5252e1154a1310">
            <mixed-citation id="d5252e1158" publication-type="other">
Yue W, Schneider A, Stolzel M, Rückerl R, Cyrys J, Pan X, et al.
2007. Ambient source-specific particles are associated
with prolonged repolarization and increased levels of
inflammation in male coronary artery disease patients.
Mutat Res 621:50-60.</mixed-citation>
         </ref>
      </ref-list>
   </back>
</article>
