<article xmlns:xsi="http://www.w3.org/2001/XMLSchema-instance"
         xmlns:xlink="http://www.w3.org/1999/xlink"
         xmlns:mml="http://www.w3.org/1998/Math/MathML"
         dtd-version="1.0"
         article-type="research-article">
   <front>
      <journal-meta>
         <journal-id journal-id-type="jstor">envihealpers</journal-id>
         <journal-id journal-id-type="jstor">j100482</journal-id>
         <journal-title-group>
            <journal-title>Environmental Health Perspectives</journal-title>
         </journal-title-group>
         <publisher>
            <publisher-name>National Institute of Environmental Health Sciences. National Institutes of Health. Department of Health, Education and Welfare</publisher-name>
         </publisher>
         <issn pub-type="ppub">00916765</issn>
      </journal-meta>
      <article-meta>
         <article-id pub-id-type="jstor">25148395</article-id>
         <article-categories>
            <subj-group>
               <subject>Environews</subject>
               <subj-group>
                  <subject>Science Selections</subject>
               </subj-group>
            </subj-group>
         </article-categories>
         <title-group>
            <article-title>The Cool Factor: Season Modifies Cardiorespiratory Deaths in China</article-title>
         </title-group>
         <contrib-group>
            <contrib>
               <string-name>
                  <given-names>Carol</given-names>
                  <surname>Potera</surname>
               </string-name>
            </contrib>
         </contrib-group>
         <pub-date>
            <day>1</day>
            <month>9</month>
            <year>2008</year>
         </pub-date>
         <volume>116</volume>
         <issue>9</issue>
         <issue-id>i25148377</issue-id>
         <fpage>A394</fpage>
         <lpage>A394</lpage>
         <self-uri xlink:href="http://www.jstor.org/stable/25148395"/>
         <custom-meta-group>
            <custom-meta>
               <meta-name>lang</meta-name>
               <meta-value>eng</meta-value>
            </custom-meta>
         </custom-meta-group>
      </article-meta>
   </front>
</article>
