<article xmlns:xsi="http://www.w3.org/2001/XMLSchema-instance"
         xmlns:xlink="http://www.w3.org/1999/xlink"
         xmlns:mml="http://www.w3.org/1998/Math/MathML"
         dtd-version="1.0"
         article-type="research-article">
   <front>
      <journal-meta>
         <journal-id journal-id-type="jstor">envihealpers</journal-id>
         <journal-id journal-id-type="jstor">j100482</journal-id>
         <journal-title-group>
            <journal-title>Environmental Health Perspectives</journal-title>
         </journal-title-group>
         <publisher>
            <publisher-name>National Institute of Environmental Health Sciences. National Institutes of Health. Department of Health, Education and Welfare</publisher-name>
         </publisher>
         <issn pub-type="ppub">00916765</issn>
      </journal-meta>
      <article-meta>
         <article-id pub-id-type="jstor">25148443</article-id>
         <article-id pub-id-type="pub-doi">10.1289/ehp.11579</article-id>
         <article-categories>
            <subj-group>
               <subject>Commentary and Review</subject>
               <subj-group>
                  <subject>Review</subject>
               </subj-group>
            </subj-group>
         </article-categories>
         <title-group>
            <article-title>Dioxins and Cardiovascular Disease Mortality</article-title>
         </title-group>
         <contrib-group>
            <contrib>
               <string-name>
                  <given-names>Olivier</given-names>
                  <surname>Humblet</surname>
               </string-name>
            </contrib>
            <contrib>
               <string-name>
                  <given-names>Linda</given-names>
                  <surname>Birnbaum</surname>
               </string-name>
            </contrib>
            <contrib>
               <string-name>
                  <given-names>Eric</given-names>
                  <surname>Rimm</surname>
               </string-name>
            </contrib>
            <contrib>
               <string-name>
                  <given-names>Murray A.</given-names>
                  <surname>Mittleman</surname>
               </string-name>
            </contrib>
            <contrib>
               <string-name>
                  <given-names>Russ</given-names>
                  <surname>Hauser</surname>
               </string-name>
            </contrib>
         </contrib-group>
         <pub-date>
            <day>1</day>
            <month>11</month>
            <year>2008</year>
         </pub-date>
         <volume>116</volume>
         <issue>11</issue>
         <issue-id>i25148425</issue-id>
         <fpage>1443</fpage>
         <lpage>1448</lpage>
         <self-uri xlink:href="http://www.jstor.org/stable/25148443"/>
         <abstract>
            <p>Objective: In this systematic review we evaluated the evidence on the association between dioxin exposure and cardiovascular disease (CVD) mortality in humans. Data sources and extraction: We conducted a PubMed search in December 2007 and considered all English-language epidemiologic studies and their citations regarding dioxin exposure and CVD mortality. To focus on dioxins, we excluded cohorts that were either primarily exposed to polychlorinated biphenyls or from the leather and perfume industries, which include other cardiotoxic coexposures. Data synthesis: We included results from 12 cohorts in the review. Ten cohorts were occupationally exposed. We divided analyses according to two well-recognized criteria of epidemiologic study quality: the accuracy of the exposure assessment, and whether the exposed population was compared with an internal or an external (e.g., general population) reference group. Analyses using internal comparisons with accurate exposure assessments are the highest quality because they minimize both exposure misclassification and confounding due to workers being healthier than the general population ("healthy worker effect"). The studies in the highest-quality group found consistent and significant dose-related increases in ischemic heart disease (IHD) mortality and more modest associations with all-CVD mortality. Their primary limitation was a lack of adjustment for potential confounding by the major risk factors for CVD. Conclusions: The results of this systematic review suggest that dioxin exposure is associated with mortality from both IHD and all CVD, although more strongly with the former. However, it is not possible to determine the potential bias, if any, from confounding by other risk factors for CVD.</p>
         </abstract>
         <kwd-group>
            <kwd>Cardiovascular disease</kwd>
            <kwd>Dioxin</kwd>
            <kwd>Epidemiology</kwd>
            <kwd>Healthy worker effect</kwd>
            <kwd>Herbicides</kwd>
            <kwd>Ischemic heart disease</kwd>
            <kwd>Mortality</kwd>
            <kwd>Occupational exposure</kwd>
            <kwd>PCB</kwd>
            <kwd>TCDD</kwd>
         </kwd-group>
         <custom-meta-group>
            <custom-meta>
               <meta-name>lang</meta-name>
               <meta-value>eng</meta-value>
            </custom-meta>
         </custom-meta-group>
      </article-meta>
   </front>
   <back>
      <ref-list>
         <title>References</title>
         <ref id="d6240e283a1310">
            <mixed-citation id="d6240e287" publication-type="other">
Arzuaga X, Reiterer G, Majkova Z, Kilgore MW, Toborek M,
Hennig B. 2007. PPARalpha ligands reduce PCB-induced
endothelial activation: possible interactions in inflamma-
tion and atherosclerosis. Cardiovasc Toxicol 7(4):264-272.</mixed-citation>
         </ref>
         <ref id="d6240e303a1310">
            <mixed-citation id="d6240e307" publication-type="other">
Asp S, Riihimaki V, Hernberg S, Pukkala E. 1994. Mortality and
cancer morbidity of Finnish chlorophenoxy herbicide
applicators: an 18-year prospective follow-up. Am J Ind
Med 26(2):243-253.</mixed-citation>
         </ref>
         <ref id="d6240e323a1310">
            <mixed-citation id="d6240e327" publication-type="other">
ATSDR. 1999. Toxicological Profile for Chlorophenols. Atlanta,
GA:Agency for Toxic Substances and Disease Registry.</mixed-citation>
         </ref>
         <ref id="d6240e337a1310">
            <mixed-citation id="d6240e341" publication-type="other">
Becher H, Flesch-Janys D, Kauppinen T, Kogevinas M,
Steindorf K, Manz A, et al. 1996. Cancer mortality in
German male workers exposed to phenoxy herbicides and
dioxins. Cancer Causes Control 7(3):312-321.</mixed-citation>
         </ref>
         <ref id="d6240e358a1310">
            <mixed-citation id="d6240e362" publication-type="other">
Bertazzi PA, Consonni D, Bachetti S, Rubagotti M, Baccarelli A,
Zocchetti C, et al. 2001. Health effects of dioxin exposure: a
20-year mortality study. Am J Epidemiol 153(11):1031-1044.</mixed-citation>
         </ref>
         <ref id="d6240e375a1310">
            <mixed-citation id="d6240e381" publication-type="other">
Biswas G, Srinivasan S, Anandatheerthavarada HK,
Avadhani NG. 2008. Dioxin-mediated tumor progression
through activation of mitochondria-to-nucleus stress sig-
naling. Proc Natl Acad Sci USA 105(1): 186-191.</mixed-citation>
         </ref>
         <ref id="d6240e397a1310">
            <mixed-citation id="d6240e401" publication-type="other">
Blair A, Stewart P, Lubin JH, Forastiere F. 2007. Methodological
issues regarding confounding and exposure misclassifica-
tion in epidemiológica! studies of occupational exposures.
Am J Ind Med 50(3):199-207.</mixed-citation>
         </ref>
         <ref id="d6240e417a1310">
            <mixed-citation id="d6240e421" publication-type="other">
Calvert GM, Wall DK, Sweeney MH, Fingerhut MA. 1998.
Evaluation of cardiovascular outcomes among U.S. workers
exposed to 2,3,7,8-tetrachlorodibenzo-p-dioxin. Environ
Health Perspect 106(suppl 2):635-643.</mixed-citation>
         </ref>
         <ref id="d6240e437a1310">
            <mixed-citation id="d6240e441" publication-type="other">
Consonni D, Pesatori AC, Zocchetti C, Sindaco R, D'Oro LC,
Rubagotti M, et al. 2008. Mortality in a population exposed
to dioxin after the Seveso, Italy, accident in 1976: 25 years
of follow-up. Am J Epidemiol 167(7):847-858.</mixed-citation>
         </ref>
         <ref id="d6240e457a1310">
            <mixed-citation id="d6240e461" publication-type="other">
Dalager NA, Kang HK. 1997. Mortality among Army Chemical
Corps Vietnam veterans. Am J Ind Med 31 (6):719-726.</mixed-citation>
         </ref>
         <ref id="d6240e472a1310">
            <mixed-citation id="d6240e476" publication-type="other">
Dalton TP, Kerzee JK, Wang B, Miller M, Dieter MZ, Lorenz JN,
et al. 2001. Dioxin exposure is an environmental risk factor
for ischemic heart disease. Cardiovasc Toxicol 1(4):285-298.</mixed-citation>
         </ref>
         <ref id="d6240e489a1310">
            <mixed-citation id="d6240e493" publication-type="other">
Dosemeci M, Wacholder S, Lubin JH. 1990. Does nondifferen-
tial misclassification of exposure always bias a true effect
toward the null value? Am J Epidemiol 132(4):746-748.</mixed-citation>
         </ref>
         <ref id="d6240e506a1310">
            <mixed-citation id="d6240e510" publication-type="other">
Ferriby LL, Knutsen JS, Harris M, Unice KM, Scott P, Nony P,
et al. 2007. Evaluation of PCDD/F and dioxin-like PCB serum
concentration data from the 2001-2002 National Health and
Nutrition Examination Survey of the United States popula-
tion. J Expo Sci Environ Epidemiol 17(4):358-371.</mixed-citation>
         </ref>
         <ref id="d6240e529a1310">
            <mixed-citation id="d6240e533" publication-type="other">
Flesch-Janys D, Berger J, Gurn P, Manz A, Nagel S, Waltsgott H,
et al. 1995. Exposure to polychlorinated dioxins and furans
(PCDD/F) and mortality in a cohort of workers from a herbi-
cide-producing plant in Hamburg, Federal Republic of
Germany. Am J Epidemiol 142(11):1165-1175.</mixed-citation>
         </ref>
         <ref id="d6240e552a1310">
            <mixed-citation id="d6240e556" publication-type="other">
Flesch-Janys D, Steindorf K, Gurn P, Becher H. 1998. Estimation
of the cumulated exposure to polychlorinated dibenzo-p-
dioxins/furans and standardized mortality ratio analysis of
cancer mortality by dose in an occupationally exposed
cohort. Environ Health Perspect 106(suppl 2):655-662.</mixed-citation>
         </ref>
         <ref id="d6240e575a1310">
            <mixed-citation id="d6240e579" publication-type="other">
Ha MH, Lee DH, Jacobs DR. 2007. Association between serum
concentrations of persistent organic pollutants and self-
reported cardiovascular disease prevalence: results from
the National Health and Nutrition Examination Survey,
1999-2002. Environ Health Perspect 115:1204-1209.</mixed-citation>
         </ref>
         <ref id="d6240e599a1310">
            <mixed-citation id="d6240e603" publication-type="other">
Hertzman C, Teschke K, Ostry A, Hershler R, Dimich-Ward H,
Kelly S, et al. 1997. Mortality and cancer incidence among
sawmill workers exposed to chlorophenate wood preserva-
tives. Am J Public Health 87(1):71-79.</mixed-citation>
         </ref>
         <ref id="d6240e619a1310">
            <mixed-citation id="d6240e623" publication-type="other">
Hooiveld M, Heederik DJ, Kogevinas M, Boffetta P, Needham LL,
Patterson DG Jr, et al. 1998. Second follow-up of a Dutch
cohort occupationally exposed to phenoxy herbicides,
chlorophenols, and contaminants. Am J Epidemiol
147(9):891-901.</mixed-citation>
         </ref>
         <ref id="d6240e642a1310">
            <mixed-citation id="d6240e646" publication-type="other">
IARC (International Agency for Research on Cancer). 1997.
Polychlorinated Dibenzo-para-Dioxins and Polychlorinated
Dibenzofurans. IARC Monogr Eval Carcinog Risks Hum 69.</mixed-citation>
         </ref>
         <ref id="d6240e659a1310">
            <mixed-citation id="d6240e663" publication-type="other">
Jokinen MP, Walker NJ, Brix AE, Sells DM, Haseman JK,
Nyska A. 2003. Increase in cardiovascular pathology in
female Sprague-Dawley rats following chronic treatment
with 2,3,7,8-tetrachlorodibenzo-p-dioxin and 3,3',4,4',5-
pentachlorobiphenyl. Cardiovasc Toxicol 3(4):299-310.</mixed-citation>
         </ref>
         <ref id="d6240e682a1310">
            <mixed-citation id="d6240e688" publication-type="other">
Kang HK, Dalager NA, Needham LL, Patterson DG Jr, Lees PS,
Yates K, et al. 2006. Health status of Army Chemical Corps
Vietnam veterans who sprayed defoliant in Vietnam. Am J
lnd Med 49(11):875-884.</mixed-citation>
         </ref>
         <ref id="d6240e704a1310">
            <mixed-citation id="d6240e708" publication-type="other">
Ketchum NS, Michalek JE. 2005. Postservice mortality of Air
Force veterans occupationally exposed to herbicides during
the Vietnam War: 20-year follow-up results. Mil Med
170(5):406-413.</mixed-citation>
         </ref>
         <ref id="d6240e725a1310">
            <mixed-citation id="d6240e729" publication-type="other">
Kim JS, Lim HS, Cho SI, Cheong HK, Lim MK. 2003. Impact of
Agent Orange exposure among Korean Vietnam veterans.
Ind Health 41(3):149-157.</mixed-citation>
         </ref>
         <ref id="d6240e742a1310">
            <mixed-citation id="d6240e746" publication-type="other">
Kopf PG, Huwe JK, Walker MK. In press. Hypertension, cardiac
hypertrophy, and impaired vascular relaxation induced by
2,3,7,8-tetrachlorodibenzo-p-dioxin are associated with
increased Superoxide. Cardiovasc Toxicol.</mixed-citation>
         </ref>
         <ref id="d6240e762a1310">
            <mixed-citation id="d6240e766" publication-type="other">
Kriebel D, Zeka A, Eisen EA, Wegman DH. 2004. Quantitative
evaluation of the effects of uncontrolled confounding by
alcohol and tobacco in occupational cancer studies. Int J
Epidemiol 33(5):1040-1045.</mixed-citation>
         </ref>
         <ref id="d6240e782a1310">
            <mixed-citation id="d6240e786" publication-type="other">
Leung A0, Luksemburg WJ, Wong AS, Wong MH. 2007. Spatial
distribution of polybrominated diphenyl ethers and polychlo-
rinated dibenzo-p-dioxins and dibenzofurans in soil and
combusted residue at Guiyu, an electronic waste recycling
site in southeast China. Environ Sci Technol 41(8):2730-2737.</mixed-citation>
         </ref>
         <ref id="d6240e805a1310">
            <mixed-citation id="d6240e809" publication-type="other">
Li H, Feng J, Sheng G, Lu S, Fu J, Peng P, et al. 2008. The
PCDD/F and PBDD/F pollution in the ambient atmosphere
of Shanghai, China. Chemosphere 70(4):576-583.</mixed-citation>
         </ref>
         <ref id="d6240e822a1310">
            <mixed-citation id="d6240e826" publication-type="other">
Li H, Yu L, Sheng G, Fu J, Peng P. 2007. Severe PCDD/F and
PBDD/F pollution in air around an electronic waste disman-
tling area in China. Environ Sci Technol 41(16):5641-5646.</mixed-citation>
         </ref>
         <ref id="d6240e840a1310">
            <mixed-citation id="d6240e844" publication-type="other">
Lind PM, Orberg J, Edlund UB, Sjoblom L, Lind L. 2004. The
dioxin-like pollutant PCB 126 (3,3',4,4',5-pentachloro-
biphenyl) affects risk factors for cardiovascular disease in
female rats. Toxicol Lett 150(3):293-299.</mixed-citation>
         </ref>
         <ref id="d6240e860a1310">
            <mixed-citation id="d6240e864" publication-type="other">
Lund AK, Peterson SL, Timmins GS, Walker MK. 2005.
Endothelin-1-mediated increase in reactive oxygen species
and NADPH oxidase activity in hearts of aryl hydrocarbon
receptor (AhR) null mice. Toxicol Sci 88(1):265-273.</mixed-citation>
         </ref>
         <ref id="d6240e880a1310">
            <mixed-citation id="d6240e884" publication-type="other">
McMichael AJ. 1976. Standardized mortality ratios and the
"healthy worker effect": scratching beneath the surface.
J 0ccup Med 18(3):165-168.</mixed-citation>
         </ref>
         <ref id="d6240e897a1310">
            <mixed-citation id="d6240e901" publication-type="other">
Mikoczy Z, Schutz A, Hagmar L. 1994. Cancer incidence and
mortality among Swedish leather tanners. Occup Environ
Med 51(8):530-535.</mixed-citation>
         </ref>
         <ref id="d6240e914a1310">
            <mixed-citation id="d6240e918" publication-type="other">
Monson RR. 1986. Observations on the healthy worker effect.
J Occup Med 28(6):425-433.</mixed-citation>
         </ref>
         <ref id="d6240e928a1310">
            <mixed-citation id="d6240e932" publication-type="other">
National Academy of Sciences. 2007. Veterans and Agent
Orange: Update 2006. Washington, DC:National Academies
Press.</mixed-citation>
         </ref>
         <ref id="d6240e946a1310">
            <mixed-citation id="d6240e950" publication-type="other">
National Library of Medicine. 2007. PubMed. Available: http://
www.ncbi.nlm.nih.gov/pubmed/ [accessed 21 December
2007].</mixed-citation>
         </ref>
         <ref id="d6240e963a1310">
            <mixed-citation id="d6240e967" publication-type="other">
North Atlantic Treaty Organization, Committee on the
Challenges of Modern Society. 1988. Pilot Study on
International Information Exchange on Dioxin and Related
Compounds. Scientific Basis for the Development of the
International Toxicity Equivalency Factor (l-TEF): Method of
Risk Assessment for Complex Mixtures of Dioxins and
Related Compounds. No. 176. Brussels:North Atlantic
Treaty Organization, Committee on the Challenges of
Modern Society.</mixed-citation>
         </ref>
         <ref id="d6240e999a1310">
            <mixed-citation id="d6240e1003" publication-type="other">
Ott MG, Zober A. 1996. Cause specific mortality and cancer inci-
dence among employees exposed to 2,3,7,8-TCDD after a
1953 reactor accident. Occup Environ Med 53(9):606-612.</mixed-citation>
         </ref>
         <ref id="d6240e1016a1310">
            <mixed-citation id="d6240e1020" publication-type="other">
Patterson DG Jr, Turner WE, Caudill SP, Needham LL 2008.
Total TEQ reference range (PCDDs, PCDFs, cPCBs, mono-
PCBs) for the US population 2001-2002. Chemosphere
doi:10.1016/j.chemosphere.2007.08.074 [Online 3 June 2008].</mixed-citation>
         </ref>
         <ref id="d6240e1036a1310">
            <mixed-citation id="d6240e1040" publication-type="other">
Ryan JJ, Gasiewicz TA, Brown JF Jr. 1990. Human body burden
of polychlorinated dibenzofurans associated with toxicity
based on the Yusho and Yucheng incidents. Fundam Appl
Toxicol 15(4):722-731.</mixed-citation>
         </ref>
         <ref id="d6240e1056a1310">
            <mixed-citation id="d6240e1060" publication-type="other">
Schecter A, Birnbaum L, Ryan JJ, Constable JD. 2006. Dioxins:
an overview. Environ Res 101(3):419-428.</mixed-citation>
         </ref>
         <ref id="d6240e1071a1310">
            <mixed-citation id="d6240e1075" publication-type="other">
Siemiatycki J, Wacholder S, Dewar R, Wald L, Begin D,
Richardson L, et al. 1988. Smoking and degree of occupa-
tional exposure: are internal analyses in cohort studies
likely to be confounded by smoking status? Am J Ind Med
13(1):59-69.</mixed-citation>
         </ref>
         <ref id="d6240e1094a1310">
            <mixed-citation id="d6240e1098" publication-type="other">
Steenland K, Piacitelli L, Deddens J, Fingerhut M, Chang LI. 1999.
Cancer, heart disease, and diabetes in workers exposed to
2,3,7,8-tetrachlorodibenzo-p-dioxin. J Natl Cancer Inst
91(9):779-786.</mixed-citation>
         </ref>
         <ref id="d6240e1114a1310">
            <mixed-citation id="d6240e1118" publication-type="other">
Thackaberry EA, Nunez BA, Ivnitski-Steele ID, Friggins M,
Walker MK. 2005. Effect of 2,3,7,8-tetrachlorodibenzo-p-
dioxin on murine heart development: alteration in fetal and
postnatal cardiac growth, and postnatal cardiac
chronotropy. Toxicol Sci 88(1):242-249.</mixed-citation>
         </ref>
         <ref id="d6240e1137a1310">
            <mixed-citation id="d6240e1141" publication-type="other">
Thomas TL. 1987. Mortality among flavour and fragrance
chemical plant workers in the United States. Br J Ind Med
44(11):733-737.</mixed-citation>
         </ref>
         <ref id="d6240e1154a1310">
            <mixed-citation id="d6240e1158" publication-type="other">
't Mannetje A, McLean D, Cheng S, Boffetta P, Colin D, Pearce
N. 2005. Mortality in New Zealand workers exposed to
phenoxy herbicides and dioxins. Occup Environ Med
62(1):34-40.</mixed-citation>
         </ref>
         <ref id="d6240e1174a1310">
            <mixed-citation id="d6240e1178" publication-type="other">
Tsai PC, Ko YC, Huang W, Liu HS, Guo YL 2007. Increased liver
and lupus mortalities in 24-year follow-up of the Taiwanese
people highly exposed to polychlorinated biphenyls and
dibenzofurans. Sci Total Environ 374(2-3):216-222.</mixed-citation>
         </ref>
         <ref id="d6240e1195a1310">
            <mixed-citation id="d6240e1199" publication-type="other">
U.S. EPA. 2004. Dioxin Reassessment. NAS Review Draft.
Washington, DC:U.S. Environmental Protection Agency.</mixed-citation>
         </ref>
         <ref id="d6240e1209a1310">
            <mixed-citation id="d6240e1213" publication-type="other">
Van den Berg M, Birnbaum L, Bosveld AT, Brunstrom B,
Cook P, Feeley M, et al. 1998. Toxic equivalency factors
(TEFs) for PCBs, PCDDs, PCDFs for humans and wildlife.
Environ Health Perspect 106:775-792.</mixed-citation>
         </ref>
         <ref id="d6240e1229a1310">
            <mixed-citation id="d6240e1233" publication-type="other">
Van den Berg M, Birnbaum LS, Denison M, De Vito M,
Farland W, Feeley M, et al. 2006. The 2005 World Health
Organization reevaluation of human and mammalian toxic
equivalency factors for dioxins and dioxin-like compounds.
Toxicol Sci 93(2):223-241.</mixed-citation>
         </ref>
         <ref id="d6240e1252a1310">
            <mixed-citation id="d6240e1256" publication-type="other">
Vena J, Boffetta P, Becher H, Benn T, Bueno-de-Mesquita HB,
Coggon D, et al. 1998. Exposure to dioxin and nonneoplastic
mortality in the expanded IARC international cohort study of
phenoxy herbicide and chlorophenol production workers
and sprayers. Environ Health Perspect 106(suppl 2):645-653.</mixed-citation>
         </ref>
         <ref id="d6240e1275a1310">
            <mixed-citation id="d6240e1279" publication-type="other">
Weed DL, Tyroler HA, Shy C. 1987. The healthy worker effect in
actively working communications workers. J Occup Med
29(4):335-339.</mixed-citation>
         </ref>
         <ref id="d6240e1292a1310">
            <mixed-citation id="d6240e1296" publication-type="other">
WHO. 1978. International Classification of Diseases, Ninth
Revision. Geneva:World Health Organization.</mixed-citation>
         </ref>
         <ref id="d6240e1307a1310">
            <mixed-citation id="d6240e1311" publication-type="other">
Xie A, Walker NJ, Wang D. 2006. Dioxin (2,3,7,8-tetra-
chlorodibenzo-p-dioxin) enhances triggered afterdepolariza-
tions in rat ventricular myocytes. Cardiovasc Toxicol
6(2):99-110.</mixed-citation>
         </ref>
      </ref-list>
   </back>
</article>
