<article xmlns:xsi="http://www.w3.org/2001/XMLSchema-instance"
         xmlns:xlink="http://www.w3.org/1999/xlink"
         xmlns:mml="http://www.w3.org/1998/Math/MathML"
         dtd-version="1.0"
         article-type="research-article">
   <front>
      <journal-meta>
         <journal-id journal-id-type="jstor">envihealpers</journal-id>
         <journal-id journal-id-type="jstor">j100482</journal-id>
         <journal-title-group>
            <journal-title>Environmental Health Perspectives</journal-title>
         </journal-title-group>
         <publisher>
            <publisher-name>National Institute of Environmental Health Sciences. National Institutes of Health. Department of Health, Education and Welfare</publisher-name>
         </publisher>
         <issn pub-type="ppub">00916765</issn>
      </journal-meta>
      <article-meta>
         <article-id pub-id-type="jstor">25148402</article-id>
         <article-id pub-id-type="pub-doi">10.1289/ehp.11464</article-id>
         <article-categories>
            <subj-group>
               <subject>Research</subject>
            </subj-group>
         </article-categories>
         <title-group>
            <article-title>Oridonin Confers Protection against Arsenic-Induced Toxicity through Activation of the Nrf2-Mediated Defensive Response</article-title>
         </title-group>
         <contrib-group>
            <contrib>
               <string-name>
                  <given-names>Yu</given-names>
                  <surname>Du</surname>
               </string-name>
            </contrib>
            <contrib>
               <string-name>
                  <given-names>Nicole F.</given-names>
                  <surname>Villeneuve</surname>
               </string-name>
            </contrib>
            <contrib>
               <string-name>
                  <given-names>Xiao-Jun</given-names>
                  <surname>Wang</surname>
               </string-name>
            </contrib>
            <contrib>
               <string-name>
                  <given-names>Zheng</given-names>
                  <surname>Sun</surname>
               </string-name>
            </contrib>
            <contrib>
               <string-name>
                  <given-names>Weimin</given-names>
                  <surname>Chen</surname>
               </string-name>
            </contrib>
            <contrib>
               <string-name>
                  <given-names>Jixue</given-names>
                  <surname>Li</surname>
               </string-name>
            </contrib>
            <contrib>
               <string-name>
                  <given-names>Hongxiang</given-names>
                  <surname>Lou</surname>
               </string-name>
            </contrib>
            <contrib>
               <string-name>
                  <given-names>Pak Kin</given-names>
                  <surname>Wong</surname>
               </string-name>
            </contrib>
            <contrib>
               <string-name>
                  <given-names>Donna D.</given-names>
                  <surname>Zhang</surname>
               </string-name>
            </contrib>
         </contrib-group>
         <pub-date>
            <day>1</day>
            <month>9</month>
            <year>2008</year>
         </pub-date>
         <volume>116</volume>
         <issue>9</issue>
         <issue-id>i25148377</issue-id>
         <fpage>1154</fpage>
         <lpage>1161</lpage>
         <self-uri xlink:href="http://www.jstor.org/stable/25148402"/>
         <abstract>
            <p> Background: Groundwater contaminated with arsenic imposes a big challenge to human health worldwide. Using natural compounds to subvert the detrimental effects of arsenic represents an attractive strategy. The transcription factor nuclear factor erythroid 2-related factor 2 (Nrf2) is a critical regulator of the cellular antioxidant response and xenobiotic metabolism. Recently, activation of the Nrf2 signaling pathway has been reported to confer protection against arsenic-induced toxicity in a cell culture model. Objectives: The goal of the present work was to identify a potent Nrf2 activator from plants as a chemopreventive compound and to demonstrate the efficacy of the compound in battling arsenic-induced toxicity. Results: Oridonin activated the Nrf2 signaling pathway at a low subtoxic dose and was able to stabilize Nrf2 by blocking Nrf2 ubiquitination and degradation, leading to accumulation of the Nrf2 protein and activation of the Nrf2-dependent cytoprotective response. Pretreatment of UROtsa cells with 1.4 μM oridonin significantly enhanced the cellular redox capacity, reduced formation of reactive oxygen species (ROS), and improved cell survival after arsenic challenge. Conclusions: We identified oridonin as representing a novel class of Nrf2 activators and illustrated the mechanism by which the Nrf2 pathway is activated. Furthermore, we demonstrated the feasibility of using natural compounds targeting Nrf2 as a therapeutic approach to protect humans from various environmental insults that may occur daily. </p>
         </abstract>
         <kwd-group>
            <kwd>Antioxidant responsive element</kwd>
            <kwd>Antitumor</kwd>
            <kwd>ARE</kwd>
            <kwd>Arsenic</kwd>
            <kwd>Chemoprevention</kwd>
            <kwd>Diterpenoid</kwd>
            <kwd>Keap1</kwd>
            <kwd>Nrf2</kwd>
            <kwd>Oridonin</kwd>
            <kwd>Oxidative stress</kwd>
            <kwd>Rubescensin</kwd>
         </kwd-group>
         <custom-meta-group>
            <custom-meta>
               <meta-name>lang</meta-name>
               <meta-value>eng</meta-value>
            </custom-meta>
         </custom-meta-group>
      </article-meta>
   </front>
   <back>
      <ref-list>
         <title>References</title>
         <ref id="d7340e353a1310">
            <mixed-citation id="d7340e357" publication-type="other">
Aoki Y, Sato H, Nishimura N, Takahashi S, Itoh K, Yamamoto M.
2001. Accelerated DNA adduct formation in the lung of the
Nrf2 knockout mouse exposed to diesel exhaust. Toxicol
Appl Pharmacol 173(3): 154-160.</mixed-citation>
         </ref>
         <ref id="d7340e373a1310">
            <mixed-citation id="d7340e377" publication-type="other">
Aono J, Yanagawa T, Itoh K, Li B, Yoshida H, Kumagai Y, et al.
2003. Activation of Nrf2 and accumulation of ubiquitinated
A170 by arsenic in osteoblasts. Biochem Biophys Res
Commun 305(2):271-277.</mixed-citation>
         </ref>
         <ref id="d7340e393a1310">
            <mixed-citation id="d7340e397" publication-type="other">
Chan JY, Kwong M. 2000. Impaired expression of glutathione
synthetic enzyme genes in mice with targeted deletion of
the Nrf2 basic-leucine zipper protein. Biochim Biophys
Acta 1517(1): 19-26.</mixed-citation>
         </ref>
         <ref id="d7340e413a1310">
            <mixed-citation id="d7340e417" publication-type="other">
Chan K, Han XD, Kan YW. 2001. An important function of Nrf2 in
combating oxidative stress: detoxification of acetaminophen.
Proc Natl Acad Sci USA 98(8):4611-4616.</mixed-citation>
         </ref>
         <ref id="d7340e431a1310">
            <mixed-citation id="d7340e435" publication-type="other">
Chan K, Kan YW. 1999. Nrf2 is essential for protection against
acute pulmonary injury in mice. Proc Natl Acad Sci USA
96(22):12731-12736.</mixed-citation>
         </ref>
         <ref id="d7340e448a1310">
            <mixed-citation id="d7340e452" publication-type="other">
Chen S, Gao J, Halicka HD, Huang X, Traganos F, Darzynkiewicz Z.
2005. The cytostatic and cytotoxic effects of oridonin
(Rubescenin), a diterpenoid from Rabdosia rubescens, on
tumor cells of different lineage. Int J Oncol 26(3):579-588.</mixed-citation>
         </ref>
         <ref id="d7340e468a1310">
            <mixed-citation id="d7340e472" publication-type="other">
Cho HY, Jedlicka AE, Reddy SP, Kensler TW, Yamamoto M,
Zhang LY, et al. 2002. Role of NRF2 in protection against
hyperoxic lung injury in mice. Am J Respir Cell Mol Biol
26(2):175-182.</mixed-citation>
         </ref>
         <ref id="d7340e488a1310">
            <mixed-citation id="d7340e492" publication-type="other">
Cullinan SB, Gordan JD, Jin J, Harper JW, Diehl JA. 2004. The
Keapl-BTB protein is an adaptor that bridges Nrf2 to a Cul3-
based E3 ligase: oxidative stress sensing by a Cul3-Keap1
ligase. Mol Cell Biol 24(19):8477-8486.</mixed-citation>
         </ref>
         <ref id="d7340e508a1310">
            <mixed-citation id="d7340e512" publication-type="other">
Enomoto A, Itoh K, Nagayoshi E, Haruta J, Kimura T, O'Connor T,
et al. 2001. High sensitivity of Nrf2 knockout mice to aceta-
minophen hepatotoxicity associated with decreased
expression of ARE-regulated drug metabolizing enzymes
and antioxidant genes. Toxicol Sci 59(1):169-177.</mixed-citation>
         </ref>
         <ref id="d7340e531a1310">
            <mixed-citation id="d7340e535" publication-type="other">
Furukawa M, Xiong Y. 2005. BTB protein Keapl targets anti-
oxidant transcription factor Nrf2 for ubiquitination by the
Cullin 3-Roc 1 ligase. Mol Cell Biol 25(1):162-171.</mixed-citation>
         </ref>
         <ref id="d7340e549a1310">
            <mixed-citation id="d7340e553" publication-type="other">
Gao ZG, Ye OX, Zhang TM. 1993. Synergistic effect of oridonin
and cisplatin on cytotoxicity and DNA cross-link against
mouse sarcoma S180 cells in culture. Zhongguo Yao Li
Xue Bao 14(6):561-564.</mixed-citation>
         </ref>
         <ref id="d7340e569a1310">
            <mixed-citation id="d7340e573" publication-type="other">
Hayashi A, Suzuki H, Itoh K, Yamamoto M, Sugiyama Y. 2003.
Transcription factor Nrf2 is required for the constitutive and
inducible expression of multidrug resistance-associated
protein 1 in mouse embryo fibroblasts. Biochem Biophys
Res Commun 310(3):824-829.</mixed-citation>
         </ref>
         <ref id="d7340e592a1310">
            <mixed-citation id="d7340e596" publication-type="other">
Hayes JD, Chanas SA, Henderson CJ, McMahon M, Sun C,
Moffat GJ, et al. 2000. The Nrf2 transcription factor con-
tributes both to the basal expression of glutathione 5-trans-
ferases in mouse liver and to their induction by the
chemopreventive synthetic antioxidants, butylated hydroxy-
anisole and ethoxyquin. Biochem Soc Trans 28(2):33-41.</mixed-citation>
         </ref>
         <ref id="d7340e619a1310">
            <mixed-citation id="d7340e623" publication-type="other">
He X, Chen MG, Lin GX, Ma Q. 2006. Arsenic induces
NAD(P)H-quinone oxidoreductase I by disrupting the Nrf2
x Keapl x Cul3 complex and recruiting Nrf2 x Maf to the
antioxidant response element enhancer. J Biol Chem
281(33):23620-23631.</mixed-citation>
         </ref>
         <ref id="d7340e642a1310">
            <mixed-citation id="d7340e646" publication-type="other">
Hu X, Roberts JR, Apopa PL, Kan YW, Ma Q. 2006. Accelerated
ovarian failure induced by 4-vinyl cyclohexene diepoxide
in Nrf2 null mice. Mol Cell Biol 26(3):940-954.</mixed-citation>
         </ref>
         <ref id="d7340e659a1310">
            <mixed-citation id="d7340e663" publication-type="other">
lida K, Itoh K, Kumagai Y, Oyasu R, Hattori K, Kawai K, et al.
2004. Nrf2 is essential for the chemopreventive efficacy of
oltipraz against urinary bladder carcinogenesis. Cancer
Res 64(18):6424-6431.</mixed-citation>
         </ref>
         <ref id="d7340e680a1310">
            <mixed-citation id="d7340e684" publication-type="other">
lizuka T, Ishii Y, Itoh K, Kiwamoto T, Kimura T, Matsuno Y, et al.
2005. Nrf2-deficient mice are highly susceptible to cigarette
smoke-induced emphysema. Genes Cells 10(12):1113-1125.</mixed-citation>
         </ref>
         <ref id="d7340e697a1310">
            <mixed-citation id="d7340e701" publication-type="other">
Ikezoe T, Chen SS, Tong XJ, Heber D, Taguchi H, Koeffler HP.
2003. Oridonin induces growth inhibition and apoptosis of a
variety of human cancer cells. Int J Oncol 23(4): 1187-1193.</mixed-citation>
         </ref>
         <ref id="d7340e714a1310">
            <mixed-citation id="d7340e718" publication-type="other">
Jeong WS, Jun M, Kong AN. 2006. Nrf2: a potential molecular
target for cancer chemoprevention by natural compounds.
Antioxid Redox Signal 8(1-2):99-106.</mixed-citation>
         </ref>
         <ref id="d7340e731a1310">
            <mixed-citation id="d7340e735" publication-type="other">
Kobayashi A, Kang Ml, Okawa H, Ohtsuji M, Zenke Y, Chiba T,
et al. 2004. Oxidative stress sensor Keapl functions as an
adaptor for Cul3-based E3 ligase to regulate proteasomal
degradation of Nrf2. Mol Cell Biol 24(16):7130-7139.</mixed-citation>
         </ref>
         <ref id="d7340e751a1310">
            <mixed-citation id="d7340e755" publication-type="other">
Kobayashi M, Yamamoto M. 2006. Nrf2-Keap 1 regulation of cellu-
lar defense mechanisms against electrophiles and reactive
oxygen species. Adv Enzyme Regul 46:113-140.</mixed-citation>
         </ref>
         <ref id="d7340e768a1310">
            <mixed-citation id="d7340e772" publication-type="other">
Kumagai Y, Sumi D. 2007. Arsenic: signal transduction, tran-
scription factor, and biotransformation involved in cellular
response and toxicity. Annu Rev Pharmacol Toxicol
47:243-262.</mixed-citation>
         </ref>
         <ref id="d7340e789a1310">
            <mixed-citation id="d7340e793" publication-type="other">
Kwak MK, Itoh K, Yamamoto M, Sutter TR, Kensler TW. 2001.
Role of transcription factor Nrf2 in the induction of hepatic
phase 2 and antioxidative enzymes in vivo by the cancer
chemoprotective agent, 3H-1, 2-dimethiole-3-thione. Mol
Med 7(2):135-145.</mixed-citation>
         </ref>
         <ref id="d7340e812a1310">
            <mixed-citation id="d7340e816" publication-type="other">
Li D, Wu LJ, Tashiro S, Onodera S, Ikejima T. 2007. Oridonin
inhibited the tyrosine kinase activity and induced apoptosis
in human epidermoid carcinoma A431 cells. Biol Pharm
Bull30(2):254-260.</mixed-citation>
         </ref>
         <ref id="d7340e832a1310">
            <mixed-citation id="d7340e836" publication-type="other">
Liu JJ, Huang RW, Lin DJ, Wu XY, Peng J, Pan XL, et al. 2006.
Antiproliferation effects of oridonin on HPB-ALL cells and
its mechanisms of action. Am J Hematol 81(2):86-94.</mixed-citation>
         </ref>
         <ref id="d7340e849a1310">
            <mixed-citation id="d7340e853" publication-type="other">
Liu JJ, Wu XY, Lui HL, Pan XL, Peng J, Huang RW. 2004. Anti-
proliferation effect of oridonin on HL-60 cells and its
mechanism. Chin Med Sci J 19(2): 134-137.</mixed-citation>
         </ref>
         <ref id="d7340e866a1310">
            <mixed-citation id="d7340e870" publication-type="other">
Maher JM, Cheng X, Slitt AL, Dieter MZ, Klaassen CD. 2005.
Induction of the multidrug resistance-associated protein
family of transporters by chemical activators of receptor-
mediated pathways in mouse liver. Drug Metab Dispos
33(7):956-962.</mixed-citation>
         </ref>
         <ref id="d7340e889a1310">
            <mixed-citation id="d7340e893" publication-type="other">
Massrieh W, Derjuga A, Blank V. 2006. Induction of endoge-
nous Nrf2/small maf heterodimers by arsenic-mediated
stress in placental choriocarcinoma cells. Antioxid Redox
Signal 8(1-2):53-59.</mixed-citation>
         </ref>
         <ref id="d7340e910a1310">
            <mixed-citation id="d7340e914" publication-type="other">
McMahon M, Itoh K, Yamamoto M, Chanas SA, Henderson CJ,
McLellan LI, et al. 2001. The Cap'n'Collar basic leucine zip-
per transcription factor Nrf2 (NF-E2 p45-related factor 2)
controls both constitutive and inducible expression of
intestinal detoxification and glutathione biosynthetic
enzymes. Cancer Res 61(8):3299-3307.</mixed-citation>
         </ref>
         <ref id="d7340e937a1310">
            <mixed-citation id="d7340e941" publication-type="other">
Meade-Tollin LC, Wijeratne EM, Cooper D, Guild M, Jon E,
Fritz A, et al. 2004. Ponicidin and oridonin are responsible
for the antiangiogenic activity of Rabdosia rubescens, a
constituent of the herbal supplement PC SPES. J Nat Prod
67(1):2-4.</mixed-citation>
         </ref>
         <ref id="d7340e960a1310">
            <mixed-citation id="d7340e964" publication-type="other">
Nguyen T, Sherratt PJ, Huang HC, Yang CS, Pickett CB. 2003.
Increased protein stability as a mechanism that enhances
Nrf2-mediated transcriptional activation of the antioxidant
response element. Degradation of Nrf2 by the 26 S protea-
some. J Biol Chem 278(7):4536-4541.</mixed-citation>
         </ref>
         <ref id="d7340e983a1310">
            <mixed-citation id="d7340e987" publication-type="other">
Nishinaka T, Ichijo Y, Ito M, Kimura M, Katsuyama M, Iwata K,
et al. 2007. Curcumin activates human glutathione 5-trans-
ferase P1 expression through antioxidant response element.
Toxicol Lett 170(3):238-247.</mixed-citation>
         </ref>
         <ref id="d7340e1003a1310">
            <mixed-citation id="d7340e1007" publication-type="other">
Ohtsubo T, Kamada S, Mikami T, Murakami H, Tsujimoto Y.
1999. Identification of NRF2, a member of the NF-E2 family
of transcription factors, as a substrate for caspase-3(-like)
proteases. Cell Death Differ 6(9):865-872.</mixed-citation>
         </ref>
         <ref id="d7340e1023a1310">
            <mixed-citation id="d7340e1027" publication-type="other">
Pi J, Qu W, Reece JM, Kumagai Y, Waalkes MP. 2003.
Transcription factor Nrf2 activation by inorganic arsenic in
cultured keratinocytes: involvement of hydrogen peroxide.
Exp Cell Res 290(2):234-245.</mixed-citation>
         </ref>
         <ref id="d7340e1044a1310">
            <mixed-citation id="d7340e1048" publication-type="other">
Purdom-Dickinson SE, Lin Y, Dedek M, Morrissy S, Johnson J,
Chen QM. 2007. Induction of antioxidant and detoxification
response by oxidants in cardiomyocytes: evidence from
gene expression profiling and activation of Nrf2 transcription
factor. J Mol Cell Cardiol 42(1): 159-176.</mixed-citation>
         </ref>
         <ref id="d7340e1067a1310">
            <mixed-citation id="d7340e1071" publication-type="other">
Ramos-Gomez M, Kwak MK, Dolan PM, Itoh K, Yamamoto M,
Talalay P, et al. 2001. Sensitivity to carcinogenesis is
increased and chemoprotective efficacy of enzyme inducers
is lost in nrf2 transcription factor-deficient mice. Proc Natl
Acad Sci USA 98(6):3410-3415.</mixed-citation>
         </ref>
         <ref id="d7340e1090a1310">
            <mixed-citation id="d7340e1094" publication-type="other">
Rangasamy T, Guo J, Mitzner WA, Roman J, Singh A, Fryer AD,
et al. 2005. Disruption of Nrf2 enhances susceptibility to
severe airway inflammation and asthma in mice. J Exp
Med 202(1):47-59.</mixed-citation>
         </ref>
         <ref id="d7340e1110a1310">
            <mixed-citation id="d7340e1114" publication-type="other">
Sasaki H, Sato H, Kuriyama-Matsumura K, Sato K, Maebara K,
Wang H, et al. 2002. Electrophile response element-mediated
induction of the cystine/glutamate exchange transporter
gene expression. J Biol Chem 277(47):44765-44771.</mixed-citation>
         </ref>
         <ref id="d7340e1130a1310">
            <mixed-citation id="d7340e1134" publication-type="other">
Shinkai Y, Sumi D, Fukami I, Ishii T, Kumagai Y. 2006. Sulforaphane,
an activator of Nrf2, suppresses cellular accumulation of
arsenic and its cytotoxicity in primary mouse hepatocytes.
FEBSLett580(7):1771-1774.</mixed-citation>
         </ref>
         <ref id="d7340e1150a1310">
            <mixed-citation id="d7340e1154" publication-type="other">
Smith AH, Lingas EO, Rahman M. 2000. Contamination of drinking-
water by arsenic in Bangladesh: a public health emergency.
Bull WHO 78(9):1093-1103.</mixed-citation>
         </ref>
         <ref id="d7340e1168a1310">
            <mixed-citation id="d7340e1174" publication-type="other">
Smith AH, Marshall G, Yuan Y, Ferreccio C, Liaw J, von
Ehrenstein O, et al. 2006. Increased mortality from lung
cancer and bronchiectasis in young adults after exposure
to arsenic in utero and in early childhood. Environ Health
Perspect 114:1293-1296.</mixed-citation>
         </ref>
         <ref id="d7340e1193a1310">
            <mixed-citation id="d7340e1197" publication-type="other">
Smith AH, Smith MM. 2004. Arsenic drinking water regulations in
developing countries with extensive exposure. Toxicology
198(1-3): 39-44.</mixed-citation>
         </ref>
         <ref id="d7340e1210a1310">
            <mixed-citation id="d7340e1214" publication-type="other">
Steinmaus C, Moore L, Hopenhayn-Rich C, Biggs ML, Smith AH.
2000. Arsenic in drinking water and bladder cancer. Cancer
Invest 18(2):174-182.</mixed-citation>
         </ref>
         <ref id="d7340e1227a1310">
            <mixed-citation id="d7340e1231" publication-type="other">
Sun Z, Zhang S, Chan JY, Zhang DD. 2007. Keapl controls
postinduction repression of the Nrf2-mediated antioxidant
response by escorting nuclear export of Nrf2. Mol Cell Biol
27(18):6334-6349.</mixed-citation>
         </ref>
         <ref id="d7340e1247a1310">
            <mixed-citation id="d7340e1251" publication-type="other">
Tchounwou PB, Patlolla AK, Centeno JA. 2003. Carcinogenic and
systemic health effects associated with arsenic exposure—
a critical review. Toxicol Pathol 31(6):575-588.</mixed-citation>
         </ref>
         <ref id="d7340e1264a1310">
            <mixed-citation id="d7340e1268" publication-type="other">
Tseng CH. 2002. An overview on peripheral vascular disease in
blackfoot disease-hyperendemic villages in Taiwan.
Angiology 53(5):529-537.</mixed-citation>
         </ref>
         <ref id="d7340e1282a1310">
            <mixed-citation id="d7340e1286" publication-type="other">
Umemura T, Kuroiwa Y, Kitamura Y, Ishii Y, Kanki K, Kodama Y,
et al. 2006. A crucial role of Nrf2 in in vivo defense against
oxidative damage by an environmental pollutant, penta-
chlorophenol. Toxicol Sci 90(1 ):111-119.</mixed-citation>
         </ref>
         <ref id="d7340e1302a1310">
            <mixed-citation id="d7340e1306" publication-type="other">
Vernhet L, Seite MP, Allain N, Guillouzo A, Fardel 0. 2001.
Arsenic induces expression of the multidrug resistance-
associated protein 2 (MRP2) gene in primary rat and human
hepatocytes. J Pharmacol Exp Ther 298(1 ):234-239.</mixed-citation>
         </ref>
         <ref id="d7340e1322a1310">
            <mixed-citation id="d7340e1326" publication-type="other">
Wang XJ, Hayes JD, Wolf CR. 2006. Generation of a stable
antioxidant response element-driven reporter gene cell
line and its use to show redox-dependent activation of
nrf2 by cancer chemotherapeutic agents. Cancer Res
66(22): 10983-10994.</mixed-citation>
         </ref>
         <ref id="d7340e1345a1310">
            <mixed-citation id="d7340e1349" publication-type="other">
Wang XJ, Sun Z, Chen W, Eblin KE, Gandolfi JA, Zhang DD.
2007. Nrf2 protects human bladder urothelial cells from
arsenite and monomethylarsonous acid toxicity. Toxicol
Appl Pharmacol 225(2):206-213.</mixed-citation>
         </ref>
         <ref id="d7340e1365a1310">
            <mixed-citation id="d7340e1369" publication-type="other">
Wild AC, Moinova HR, Mulcahy RT. 1999. Regulation of gamma-
glutamylcysteine synthetase subunit gene expression by the
transcription factor Nrf2. J Biol Chem 274(47):33627-33636.</mixed-citation>
         </ref>
         <ref id="d7340e1382a1310">
            <mixed-citation id="d7340e1386" publication-type="other">
Xu C, Li CY, Kong AN. 2005. Induction of phase I, II and III drug
metabolism/transport by xenobiotics. Arch Pharm Res
28(3):249-268.</mixed-citation>
         </ref>
         <ref id="d7340e1400a1310">
            <mixed-citation id="d7340e1404" publication-type="other">
Yates MS, Kensler TW. 2007. Keapl eye on the target: chemo-
prevention of liver cancer. Acta Pharmacol Sin 28(9):
1331-1342.</mixed-citation>
         </ref>
         <ref id="d7340e1417a1310">
            <mixed-citation id="d7340e1421" publication-type="other">
Zhang CL, Wu LJ, Tashiro S, Onodera S, Ikejima T. 2004a.
Oridonin induced A375-S2 cell apoptosis via bax-regulated
caspase pathway activation, dependent on the cyto-
chrome c/caspase-9 apoptosome. J Asian Nat Prod Res
6(2): 127-138.</mixed-citation>
         </ref>
         <ref id="d7340e1440a1310">
            <mixed-citation id="d7340e1444" publication-type="other">
Zhang DD. 2006. Mechanistic studies of the Nrf2-Keap1 signal-
ing pathway. Drug Metab Rev 38(4):769-789.</mixed-citation>
         </ref>
         <ref id="d7340e1454a1310">
            <mixed-citation id="d7340e1460" publication-type="other">
Zhang DD, Hannink M. 2003. Distinct cysteine residues in Keapl
are required for Keapl-dependent ubiquitination of Nrf2
and for stabilization of Nrf2 by chemopreventive agents
and oxidative stress. Mol Cell Biol 23(22):8137-8151.</mixed-citation>
         </ref>
         <ref id="d7340e1476a1310">
            <mixed-citation id="d7340e1480" publication-type="other">
Zhang DD, Lo SC, Cross JV, Templeton DJ, Hannink M. 2004b.
Keapl is a redox-regulated substrate adaptor protein for a
Cul3-dependent ubiquitin ligase complex. Mol Cell Biol
24(24):10941-10953.</mixed-citation>
         </ref>
         <ref id="d7340e1496a1310">
            <mixed-citation id="d7340e1500" publication-type="other">
Zhang DD, Lo SC, Sun Z, Habib GM, Lieberman MW, Hannink
M. 2005. Ubiquitination of Keapl, a BTB-Kelch substrate
adaptor protein for Cul3, targets Keapl for degradation by
a proteasome-independent pathway. J Biol Chem
280(34):30091-30099.</mixed-citation>
         </ref>
         <ref id="d7340e1520a1310">
            <mixed-citation id="d7340e1524" publication-type="other">
Zhou GB, Chen SJ, Wang ZY, Chen Z. 2007a. Back to the future
of oridonin: again, compound from medicinal herb shows
potent antileukemia efficacies in vitro and in vivo. Cell Res
17(4):274-276.</mixed-citation>
         </ref>
         <ref id="d7340e1540a1310">
            <mixed-citation id="d7340e1544" publication-type="other">
Zhou GB, Kang H, Wang L, Gao L, Liu P, Xie J, et al. 2007b.
Oridonin, a diterpenoid extracted from medicinal herbs,
targets AML1-ET0 fusion protein and shows potent anti-
tumor activity with low adverse effects on t(8;21) leukemia
in vitro and in vivo. Blood 109(8):3441-3450.</mixed-citation>
         </ref>
         <ref id="d7340e1563a1310">
            <mixed-citation id="d7340e1567" publication-type="other">
Zhu Y, Xie L, Chen G, Wang H, Zhang R. 2007. Effects of oridonin
on proliferation of HT29 human colon carcinoma cell lines
both in vitro and in vivo in mice. Pharmazie 62(6):439-444.</mixed-citation>
         </ref>
      </ref-list>
   </back>
</article>
