<article xmlns:xsi="http://www.w3.org/2001/XMLSchema-instance"
         xmlns:xlink="http://www.w3.org/1999/xlink"
         xmlns:mml="http://www.w3.org/1998/Math/MathML"
         dtd-version="1.0"
         article-type="research-article">
   <front>
      <journal-meta>
         <journal-id journal-id-type="jstor">envihealpers</journal-id>
         <journal-id journal-id-type="jstor">j100482</journal-id>
         <journal-title-group>
            <journal-title>Environmental Health Perspectives</journal-title>
         </journal-title-group>
         <publisher>
            <publisher-name>National Institute of Environmental Health Sciences. National Institutes of Health. Department of Health, Education and Welfare</publisher-name>
         </publisher>
         <issn pub-type="ppub">00916765</issn>
      </journal-meta>
      <article-meta>
         <article-id pub-id-type="jstor">25148382</article-id>
         <article-id pub-id-type="pub-doi">10.1289/ehp.11716</article-id>
         <article-categories>
            <subj-group>
               <subject>Perspectives</subject>
               <subj-group>
                  <subject>Correspondence</subject>
               </subj-group>
            </subj-group>
         </article-categories>
         <title-group>
            <article-title>Beef Production and Greenhouse Gas Emissions</article-title>
         </title-group>
         <contrib-group>
            <contrib>
               <string-name>
                  <given-names>Alex</given-names>
                  <surname>Avery</surname>
               </string-name>
            </contrib>
            <contrib>
               <string-name>
                  <given-names>Dennis</given-names>
                  <surname>Avery</surname>
               </string-name>
            </contrib>
         </contrib-group>
         <pub-date>
            <day>1</day>
            <month>9</month>
            <year>2008</year>
         </pub-date>
         <volume>116</volume>
         <issue>9</issue>
         <issue-id>i25148377</issue-id>
         <fpage>A374</fpage>
         <lpage>A375</lpage>
         <self-uri xlink:href="http://www.jstor.org/stable/25148382"/>
         <custom-meta-group>
            <custom-meta>
               <meta-name>lang</meta-name>
               <meta-value>eng</meta-value>
            </custom-meta>
         </custom-meta-group>
      </article-meta>
   </front>
   <back>
      <ref-list>
         <title>References</title>
         <ref id="d7445e132a1310">
            <mixed-citation id="d7445e136" publication-type="other">
Avery A, Avery D. 2007. The Environmental Safety and Benefits
of Growth Enhancing Pharmaceutical Technologies in
Beef Production. Churchville, VA:Hudson Institute, Center
for Global Food Issues. Available: http://www.cgfi.org/
pdfs/nofollow/beef-eco-benefits-paper.pdf [accessed
4 August 2008].</mixed-citation>
         </ref>
         <ref id="d7445e159a1310">
            <mixed-citation id="d7445e163" publication-type="other">
Cattle Marketing Information Service, Inc. 2007. Summary of
Activity. Cattle Fax Update XXXIX(28):4.</mixed-citation>
         </ref>
         <ref id="d7445e173a1310">
            <mixed-citation id="d7445e177" publication-type="other">
Cederberg C, Stadig M. 2003. System expansion and alloca-
tion in life cycle assessment of milk and beef production.
Int J Life Cycle Assess 8:350-356.</mixed-citation>
         </ref>
         <ref id="d7445e190a1310">
            <mixed-citation id="d7445e194" publication-type="other">
Johnson DE, Phetteplace HW, Seidl AF, Schneider UA,
McCarl BA. 2003. Management variations for U.S. beef
production systems: Effects on greenhouse gas emis-
sions and profitability. In: Proceedings of the 3rd
International Methane and Nitrous Oxide Mitigation
Conference, 17-21 November 2003, Beijing, China.
Beijing:China Coal Information Institute, 953-961.</mixed-citation>
         </ref>
         <ref id="d7445e221a1310">
            <mixed-citation id="d7445e225" publication-type="other">
Koneswaran G, Nierenberg D. 2008. Global farm animal pro-
duction and global warming: impacting and mitigating cli-
mate change. Environ Health Perspect 116:578-582.</mixed-citation>
         </ref>
         <ref id="d7445e238a1310">
            <mixed-citation id="d7445e242" publication-type="other">
Ogino A, Orito H, Shimada K, Hirooka H. 2007. Evaluating envi-
ronmental impacts of the Japanese beef cow-calf system
by the life cycle assessment method. Animal Sci J
78:424-432.</mixed-citation>
         </ref>
         <ref id="d7445e258a1310">
            <mixed-citation id="d7445e262" publication-type="other">
Searchinger T, Heimlich R, Houghton RA, Dong F, Elobeid A,
Fabiosa J, et al. 2008. Use of U.S. croplands for biofuels
increases greenhouse gases through emissions from
land-use change. Science 319(5867):1238-1240.</mixed-citation>
         </ref>
         <ref id="d7445e278a1310">
            <mixed-citation id="d7445e282" publication-type="other">
Subak S. 1999. Global environmental costs of beef production.
Ecol Econ 30:79-91.</mixed-citation>
         </ref>
         <ref id="d7445e292a1310">
            <mixed-citation id="d7445e296" publication-type="other">
USDA (U.S. Department of Agriculture) 2008. Livestock
Slaughter, July 2008. Available: http://usda.mannlib.Cornell.
edu/usda/current/LiveSlau/LiveSlau-07-25-2008.pdf
[accessed 11 August 2008].</mixed-citation>
         </ref>
      </ref-list>
   </back>
</article>
