<article xmlns:xsi="http://www.w3.org/2001/XMLSchema-instance"
         xmlns:xlink="http://www.w3.org/1999/xlink"
         xmlns:mml="http://www.w3.org/1998/Math/MathML"
         dtd-version="1.0"
         article-type="research-article">
   <front>
      <journal-meta>
         <journal-id journal-id-type="jstor">envihealpers</journal-id>
         <journal-id journal-id-type="jstor">j100482</journal-id>
         <journal-title-group>
            <journal-title>Environmental Health Perspectives</journal-title>
         </journal-title-group>
         <publisher>
            <publisher-name>National Institute of Environmental Health Sciences. National Institutes of Health. Department of Health, Education and Welfare</publisher-name>
         </publisher>
         <issn pub-type="ppub">00916765</issn>
      </journal-meta>
      <article-meta>
         <article-id pub-id-type="jstor">25148399</article-id>
         <article-id pub-id-type="pub-doi">10.1289/ehp.11191</article-id>
         <article-categories>
            <subj-group>
               <subject>Research</subject>
            </subj-group>
         </article-categories>
         <title-group>
            <article-title>Effects of Maternal Exposure to Di-(2-ethylhexyl) Phthalate during Fetal and/or Neonatal Periods on Atopic Dermatitis in Male Offspring</article-title>
         </title-group>
         <contrib-group>
            <contrib>
               <string-name>
                  <given-names>Rie</given-names>
                  <surname>Yanagisawa</surname>
               </string-name>
            </contrib>
            <contrib>
               <string-name>
                  <given-names>Hirohisa</given-names>
                  <surname>Takano</surname>
               </string-name>
            </contrib>
            <contrib>
               <string-name>
                  <given-names>Ken-ichiro</given-names>
                  <surname>Inoue</surname>
               </string-name>
            </contrib>
            <contrib>
               <string-name>
                  <given-names>Eiko</given-names>
                  <surname>Koike</surname>
               </string-name>
            </contrib>
            <contrib>
               <string-name>
                  <given-names>Kaori</given-names>
                  <surname>Sadakane</surname>
               </string-name>
            </contrib>
            <contrib>
               <string-name>
                  <given-names>Takamichi</given-names>
                  <surname>Ichinose</surname>
               </string-name>
            </contrib>
         </contrib-group>
         <pub-date>
            <day>1</day>
            <month>9</month>
            <year>2008</year>
         </pub-date>
         <volume>116</volume>
         <issue>9</issue>
         <issue-id>i25148377</issue-id>
         <fpage>1136</fpage>
         <lpage>1141</lpage>
         <self-uri xlink:href="http://www.jstor.org/stable/25148399"/>
         <abstract>
            <p> Background: Di-(2-ethylhexyl) phthalate (DEHP) has been widely used in polyvinyl chloride products and is ubiquitous in developed countries. Although maternal exposure to DEHP during fetal and/or neonatal periods reportedly affects reproductive and developmental systems, its effects on allergic diseases in offspring remain to be determined. Objectives: In the present study, we examined whether maternal exposure to DEHP during fetal and/or neonatal periods in NC/Nga mice affects atopic dermatitis-like skin lesions related to mite allergen in offspring. Methods: We administered DEHP at a dose of 0, 0.8, 4, 20, or 100 μg/animal/week by intraperitoneal injection into dams during pregnancy (gestation days 0, 7, and 14) and/or lactation (postnatal days 1, 8, and 15). Eight-week-old male offspring of these treated females were injected intradermally with mite allergen into their right ears. We then evaluated clinical scores, ear thickening, histologic findings, and protein expression of eotaxin in the ear. Results: Maternal exposure to a 100-μg dose of DEHP during neonatal periods, but not during fetal periods, enhanced atopic dermatitis-like skin lesions related to mite allergen in males. The results were concomitant with the enhancement of eosinophilic inflammation, mast cell degranulation, and protein expression of eotaxin in overall trend. Conclusion: Maternal exposure to DEHP during neonatal periods can accelerate atopic dermatitis-like skin lesions related to mite allergen in male offspring, possibly via T helper 2<tex-math>$({\rm T}_{{\rm H}}2)\text{-dominant}$</tex-math>responses, which can be responsible, at least in part, for the recent increase in atopic dermatitis. </p>
         </abstract>
         <kwd-group>
            <kwd>Atopic dermatitis</kwd>
            <kwd>di-(2-ethylhexyl) phthalate</kwd>
            <kwd>Eosinophils</kwd>
            <kwd>Eotaxin</kwd>
            <kwd>Mast cells</kwd>
         </kwd-group>
         <custom-meta-group>
            <custom-meta>
               <meta-name>lang</meta-name>
               <meta-value>eng</meta-value>
            </custom-meta>
         </custom-meta-group>
      </article-meta>
   </front>
   <back>
      <ref-list>
         <title>References</title>
         <ref id="d7585e331a1310">
            <mixed-citation id="d7585e335" publication-type="other">
Andrade AJ, Grande SW, Talsness CE, Grote K, Chahoud I.
2006. A dose-response study following in utero and lacta-
tional exposure to di-(2-ethylhexyl)-phthalate (DEHP): non-
monotonic dose-response and low dose effects on rat
brain aromatase activity. Toxicology 227(3): 185-192.</mixed-citation>
         </ref>
         <ref id="d7585e354a1310">
            <mixed-citation id="d7585e358" publication-type="other">
Beasley R, Ellwood P, Asher I. 2003. International patterns of
the prevalence of pediatric asthma. The ISAAC program.
Pediatr Clin North Am 50(3):539-553.</mixed-citation>
         </ref>
         <ref id="d7585e371a1310">
            <mixed-citation id="d7585e375" publication-type="other">
Borch J, Metzdorff SB, Vinggaard AM, Brokken L, Dalgaard M.
2006. Mechanisms underlying the anti-androgenic effects
of diethylhexyl phthalate in fetal rattestis. Toxicology
223(1-2):144-155.</mixed-citation>
         </ref>
         <ref id="d7585e391a1310">
            <mixed-citation id="d7585e395" publication-type="other">
Bornehag CG, Sundell J, Weschler CJ, Sigsgaard T, Lundgren B,
Hasselgren M, et al. 2004. The association between asthma
and allergic symptoms in children and phthalates in house
dust: a nested case-control study. Environ Health Perspect
112:1393-1397.</mixed-citation>
         </ref>
         <ref id="d7585e415a1310">
            <mixed-citation id="d7585e419" publication-type="other">
Burney PG, Chinn S, Rona RJ. 1990. Has the prevalence of asthma
increased in children? Evidence from the national study of
health and growth 1973-86. BMJ 300(6735): 1306-1310.</mixed-citation>
         </ref>
         <ref id="d7585e432a1310">
            <mixed-citation id="d7585e436" publication-type="other">
Calafat AM, Slakman AR, Silva MJ, Herbert AR, Needham LL.
2004. Automated solid phase extraction and quantitative
analysis of human milk for 13 phthalate metabolites.
J Chromatogr B AnalytTechnol Biomed Life Sei 805(1):49-56.</mixed-citation>
         </ref>
         <ref id="d7585e452a1310">
            <mixed-citation id="d7585e456" publication-type="other">
Carpenter CP, Weil CS, Smyth HF Jr. 1953. Chronic oral toxicity
of di-(2-ethylhexyl) phthalate of rats, guinea pigs, and
dogs. AMA Arch Ind Hyg Occup Med 8(3):219-226.</mixed-citation>
         </ref>
         <ref id="d7585e469a1310">
            <mixed-citation id="d7585e473" publication-type="other">
Casillas AM, Hiura T, Li N, Nel AE. 1999. Enhancement of allergic
inflammation by diesel exhaust particles: permissive role of
reactive oxygen species. Ann Allergy Asthma Immunol 83(6
Pt 2):624-629.</mixed-citation>
         </ref>
         <ref id="d7585e489a1310">
            <mixed-citation id="d7585e493" publication-type="other">
Colborn T, vom Saal FS, Soto AM. 1993. Developmental effects
of endocrine-disrupting chemicals in wildlife and humans.
Environ Health Perspect 101:378-384.</mixed-citation>
         </ref>
         <ref id="d7585e506a1310">
            <mixed-citation id="d7585e510" publication-type="other">
Dallaire F, Dewailly E, Muckle G, Vezina C, Jacobson SW,
Jacobson JL, et al. 2004. Acute infections and environ-
mental exposure to organochlorines in Inuit infants from
Nunavik. Environ Health Perspect 112:1359-1365.</mixed-citation>
         </ref>
         <ref id="d7585e527a1310">
            <mixed-citation id="d7585e531" publication-type="other">
Das AM, Vaddi KG, Solomon KA, Krauthauser C, Jiang X,
Mclntyre KW, et al. 2006. Selective inhibition of eosinophil
influx into the lung by small molecule CC chemokine recep-
tor 3 antagonists in mouse models of allergic inflammation.
J Pharmacol ExpTher 318(1):411-417.</mixed-citation>
         </ref>
         <ref id="d7585e550a1310">
            <mixed-citation id="d7585e554" publication-type="other">
Diaz-Sanchez D. 1997. The role of diesel exhaust particles and
their associated polyaromatic hydrocarbons in the induc-
tion of allergic airway disease. Allergy 52(38 suppl):52-56.</mixed-citation>
         </ref>
         <ref id="d7585e567a1310">
            <mixed-citation id="d7585e571" publication-type="other">
Diaz-Sanchez D, Dotson AR, Takenaka H, Saxon A. 1994. Diesel
exhaust particles induce local IgE production in vivo and
alter the pattern of IgE messenger RNA isoforms. J Clin
Invest 94(4):1417-1425.</mixed-citation>
         </ref>
         <ref id="d7585e587a1310">
            <mixed-citation id="d7585e591" publication-type="other">
Dostal LA, Weaver RP, Schwetz BA. 1987. Transfer of di(2-ethyl-
hexyl) phthalate through rat milk and effects on milk com-
position and the mammary gland. Toxicol Appl Pharmacol
91(3):315-325.</mixed-citation>
         </ref>
         <ref id="d7585e607a1310">
            <mixed-citation id="d7585e611" publication-type="other">
Gehrs BC, Riddle MM, Williams WC, Smialowicz RJ. 1997.
Alterations in the developing immune system of the F344 rat
after perinatal exposure to 2,3,7,8-tetrachlorodibenzo-p-dioxin:
II. Effects on the pup and the adult. Toxicology 122(3):229-240.</mixed-citation>
         </ref>
         <ref id="d7585e627a1310">
            <mixed-citation id="d7585e631" publication-type="other">
Heishi M, Imai Y, Katayama H, Hashida R, Ito M, Shinagawa A,
et al. 2003. Gene expression analysis of atopic dermatitis-
like skin lesions induced in NC/Nga mice by mite antigen
stimulation under specific pathogen-free conditions. Int
Arch Allergy Immunol 132(4):355-363.</mixed-citation>
         </ref>
         <ref id="d7585e651a1310">
            <mixed-citation id="d7585e655" publication-type="other">
Heo Y, Saxon A, Hankinson O. 2001. Effect of diesel exhaust
particles and their components on the allergen-specific
IgE and IgG1 response in mice. Toxicology 159(3):143-158.</mixed-citation>
         </ref>
         <ref id="d7585e668a1310">
            <mixed-citation id="d7585e672" publication-type="other">
Holladay SD. 1999. Prenatal immunotoxicant exposure and
postnatal autoimmune disease. Environ Health Perspect
107(suppl 5):687-691.</mixed-citation>
         </ref>
         <ref id="d7585e685a1310">
            <mixed-citation id="d7585e689" publication-type="other">
Holladay SD, Smialowicz RJ. 2000. Development of the murine
and human immune system: differential effects of immuno-
toxicants depend on time of exposure. Environ Health
Perspect 108(suppl 3):463-473.</mixed-citation>
         </ref>
         <ref id="d7585e705a1310">
            <mixed-citation id="d7585e709" publication-type="other">
Hossny E, Aboul-Magd M, Bakr S. 2001. Increased plasma
eotaxin in atopic dermatitis and acute urticaria in infants
and children. Allergy 56(10):996-1002.</mixed-citation>
         </ref>
         <ref id="d7585e722a1310">
            <mixed-citation id="d7585e726" publication-type="other">
Ichinose T, Takano H, Sadakane K, Yanagisawa R, Yoshikawa T,
Sagai M, et al. 2004. Mouse strain differences in eosinophilic
airway inflammation caused by intratracheal instillation of
mite allergen and diesel exhaust particles. J Appl Toxicol
24(1):69-76.</mixed-citation>
         </ref>
         <ref id="d7585e745a1310">
            <mixed-citation id="d7585e749" publication-type="other">
Inoue K, Takano H, Hiyoshi K, Ichinose T, Sadakane K,
Yanagisawa R, et al. 2007. Naphthoquinone enhances
antigen-related airway inflammation in mice. Eur Respir J
29(2):259-267.</mixed-citation>
         </ref>
         <ref id="d7585e766a1310">
            <mixed-citation id="d7585e770" publication-type="other">
Jahnz-Rozyk K, Targowski T, Paluchowska E, Owczarek W,
Kucharczyk A. 2005. Serum thymus and activation-regulated
chemokine, macrophage-derived chemokine and eotaxin
as markers of severity of atopic dermatitis. Allergy
60(5):685-688.</mixed-citation>
         </ref>
         <ref id="d7585e789a1310">
            <mixed-citation id="d7585e793" publication-type="other">
Kim HS, Kim TS, Shin JH, Moon HJ, Kang IH, Kim IY, et al. 2004.
Neonatal exposure to di(n-butyl) phthalate (DBP) alters
male reproductive-tract development. J Toxicol Environ
Health A 67(23-24):2045-2060.</mixed-citation>
         </ref>
         <ref id="d7585e809a1310">
            <mixed-citation id="d7585e813" publication-type="other">
Latini G, De Felice C, Presta G, Del Vecchio A, Paris I, Ruggieri F,
et al. 2003a. Exposure to di(2-ethylhexyl)phthalate in
humans during pregnancy. A preliminary report. Biol
Neonate83(1):22-24.</mixed-citation>
         </ref>
         <ref id="d7585e829a1310">
            <mixed-citation id="d7585e833" publication-type="other">
Latini G, De Felice C, Presta G, Del Vecchio A, Paris I, Ruggieri F,
et al. 2003b. In utero exposure to di-(2-ethylhexyl)phthalate
and duration of human pregnancy. Environ Health Perspect
111:1783-1785.</mixed-citation>
         </ref>
         <ref id="d7585e849a1310">
            <mixed-citation id="d7585e853" publication-type="other">
Latini G, De Felice C, Verrotti A. 2004. Plasticizers, infant nutri-
tion and reproductive health. Reprod Toxicol 19(1):27-33.</mixed-citation>
         </ref>
         <ref id="d7585e863a1310">
            <mixed-citation id="d7585e867" publication-type="other">
Lee MH, Park J, Chung SW, Kang BY, Kim SH, Kim TS. 2004.
Enhancement of interleukin-4 production in activated CD4+
T cells by diphthalate plasticizers via increased NF-AT
binding activity. Int Arch Allergy Immunol 134(3):213-222.</mixed-citation>
         </ref>
         <ref id="d7585e884a1310">
            <mixed-citation id="d7585e888" publication-type="other">
Ma W, Bryce PJ, Humbles AA, Laouini D, Yalcindag A, Alenius H,
et al. 2002. CCR3 is essential for skin eosinophilia and air-
way hyperresponsiveness in a murine model of allergic skin
inflammation. J Clin Invest 109(5):621-628.</mixed-citation>
         </ref>
         <ref id="d7585e904a1310">
            <mixed-citation id="d7585e908" publication-type="other">
Main KM, Mortensen GK, Kaleva MM, Boisen KA, Damgaard IN,
Chellakooty M, et al. 2006. Human breast milk contamination
with phthalates and alterations of endogenous reproductive
hormones in infants three months of age. Environ Health
Perspect 114:270-276.</mixed-citation>
         </ref>
         <ref id="d7585e927a1310">
            <mixed-citation id="d7585e931" publication-type="other">
Marsee K, Woodruff TJ, Axelrad DA, Calafat AM, Swan SH.
2006. Estimated daily phthalate exposures in a population
of mothers of male infants exhibiting reduced anogenital
distance. Environ Health Perspect 114:805-809.</mixed-citation>
         </ref>
         <ref id="d7585e947a1310">
            <mixed-citation id="d7585e951" publication-type="other">
Miyabara Y, Yanagisawa R, Shimojo N, Takano H, Lim HB,
Ichinose T, et al. 1998. Murine strain differences in airway
inflammation caused by diesel exhaust particles. Eur
Respir J 11(2):291-298.</mixed-citation>
         </ref>
         <ref id="d7585e967a1310">
            <mixed-citation id="d7585e971" publication-type="other">
Mortensen GK, Main KM, Andersson AM, Leffers H,
Skakkebaek NE. 2005. Determination of phthalate mono-
esters in human milk, consumer milk, and infant formula by
tandem mass spectrometry (LC-MS-MS). Anal Bioanal
Chem 382(4):1084-1092.</mixed-citation>
         </ref>
         <ref id="d7585e990a1310">
            <mixed-citation id="d7585e994" publication-type="other">
Nagayama J, Tsuji H, lida T, Hirakawa H, Matsueda T, Okamura K,
et al. 1998. Postnatal exposure to chlorinated dioxins and
related chemicals on lymphocyte subsets in Japanese
breast-fed infants. Chemosphere 37(9-12):1781-1787.</mixed-citation>
         </ref>
         <ref id="d7585e1011a1310">
            <mixed-citation id="d7585e1015" publication-type="other">
Ochi H, Hirani WM, Yuan Q, Friend DS, Austen KF, Boyce JA.
1999. T helper cell type 2 cytokine-mediated comitogenic
responses and CCR3 expression during differentiation of
human mast cells in vitro. J Exp Med 190(2):267-280.</mixed-citation>
         </ref>
         <ref id="d7585e1031a1310">
            <mixed-citation id="d7585e1035" publication-type="other">
Peat JK, Li J. 1999. Reversing the trend: reducing the preva-
lence of asthma. J Allergy Clin Immunol 103(1 Pt 1):1-10.</mixed-citation>
         </ref>
         <ref id="d7585e1045a1310">
            <mixed-citation id="d7585e1049" publication-type="other">
Pollack GM, Li RC, Ermer JC, Shen DD. 1985. Effects of route of
administration and repetitive dosing on the disposition kinet-
ics of di(2-ethylhexyl) phthalate and its mono-de-esterified
metabolite in rats. Toxicol Appl Pharmacol 79(2):246-256.</mixed-citation>
         </ref>
         <ref id="d7585e1065a1310">
            <mixed-citation id="d7585e1069" publication-type="other">
Romagnani P, De Paulis A, Beltrame C, Annunziato F, Dente V,
Maggi E, et al. 1999. Tryptase-chymase double-positive
human mast cells express the eotaxin receptor CCR3 and
are attracted by CCR3-binding chemokines. Am J Pathol
155(4):1195-1204.</mixed-citation>
         </ref>
         <ref id="d7585e1088a1310">
            <mixed-citation id="d7585e1092" publication-type="other">
Sadakane K, Ichinose T, Takano H, Yanagisawa R, Sagai M,
Yoshikawa T, et al. 2002. Murine strain differences in airway
inflammation induced by diesel exhaust particles and house
dust mite allergen. Int Arch Allergy Immunol 128(3):220-228.</mixed-citation>
         </ref>
         <ref id="d7585e1108a1310">
            <mixed-citation id="d7585e1112" publication-type="other">
Sasakawa T, Higashi Y, Sakuma S, Hirayama Y, Sasakawa Y,
Ohkubo Y, et al. 2001. Atopic dermatitis-like skin lesions
induced by topical application of mite antigens in NC/Nga
mice. Int Arch Allergy Immunol 126(3):239-247.</mixed-citation>
         </ref>
         <ref id="d7585e1129a1310">
            <mixed-citation id="d7585e1133" publication-type="other">
Sorensen LK. 2006. Determination of phthalates in milk and milk
products by liquid chromatography/tandem mass spec-
trometry. Rapid Commun Mass Spectrom 20(7):1135-1143.</mixed-citation>
         </ref>
         <ref id="d7585e1146a1310">
            <mixed-citation id="d7585e1150" publication-type="other">
Takano H, Ichinose T, Miyabara Y, Yoshikawa T, Sagai M. 1998.
Diesel exhaust particles enhance airway responsiveness
following allergen exposure in mice. Immunopharmacol
Immunotoxicol 20(2):329-336.</mixed-citation>
         </ref>
         <ref id="d7585e1166a1310">
            <mixed-citation id="d7585e1170" publication-type="other">
Takano H, Yanagisawa R, Inoue K, Ichinose T, Sadakane K,
Yoshikawa T. 2006. Di-(2-ethylhexyl) phthalate enhances
atopic dermatitis-like skin lesions in mice. Environ Health
Perspect 114:1266-1269.</mixed-citation>
         </ref>
         <ref id="d7585e1186a1310">
            <mixed-citation id="d7585e1190" publication-type="other">
Takano H, Yoshikawa T, Ichinose T, Miyabara Y, Imaoka K,
Sagai M. 1997. Diesel exhaust particles enhance antigen-
induced airway inflammation and local cytokine expression
in mice. Am J Respir Crit Care Med 156(1):36-42.</mixed-citation>
         </ref>
         <ref id="d7585e1206a1310">
            <mixed-citation id="d7585e1210" publication-type="other">
Thor Larsen S, My Lund R, Damgård Nielsen G, Thygesen P,
Melchior Poulsen O. 2001. Di-(2-ethylhexyl) phthalate pos-
sesses an adjuvant effect in a subcutaneous injection
model with BALB/c mice. Toxicol Lett 125(1-3):11-18.</mixed-citation>
         </ref>
         <ref id="d7585e1226a1310">
            <mixed-citation id="d7585e1232" publication-type="other">
Vorderstrasse BA, Cundiff JA, Lawrence BP. 2006. A dose-
response study of the effects of prenatal and lactational
exposure to TCDD on the immune response to influenza A
virus. J Toxicol Environ Health A 69(6):445-463.</mixed-citation>
         </ref>
         <ref id="d7585e1249a1310">
            <mixed-citation id="d7585e1253" publication-type="other">
Weisglas-Kuperus N, Sas TC, Koopman-Esseboom C, van der
Zwan CW, De Ridder MA, Beishuizen A, et al. 1995.
Immunologie effects of background prenatal and postnatal
exposure to dioxins and polychlorinated biphenyls in
Dutch infants. Pediatr Res 38(3):404-410.</mixed-citation>
         </ref>
         <ref id="d7585e1272a1310">
            <mixed-citation id="d7585e1276" publication-type="other">
Yagi R, Nagai H, ligo Y, Akimoto T, Arai T, Kubo M. 2002.
Development of atopic dermatitis-like skin lesions in
STAT6-deficient NC/Nga mice. J Immunol 168(4):2020-2027.</mixed-citation>
         </ref>
         <ref id="d7585e1289a1310">
            <mixed-citation id="d7585e1293" publication-type="other">
Yamashita H, Makino T, Mizukami H, Nose M. 2007.
Pharmacological characterization of a chronic pruritus
model induced by multiple application of 2,4,6-trinitrochloro-
benzene in NC mice. Eur J Pharmacol 563(1-3):233-239.</mixed-citation>
         </ref>
         <ref id="d7585e1309a1310">
            <mixed-citation id="d7585e1313" publication-type="other">
Yanagisawa R, Takano H, Inoue KI, Ichinose T, Sadakane K,
Yoshino S, et al. 2006. Components of diesel exhaust parti-
cles differentially affect Th1/Th2 response in a murine
model of allergic airway inflammation. Clin Exp Allergy
36(3):386-395.</mixed-citation>
         </ref>
         <ref id="d7585e1332a1310">
            <mixed-citation id="d7585e1336" publication-type="other">
Yawalkar N, Uguccioni M, Scharer J, Braunwalder J, Karlen S,
Dewald B, et al. 1999. Enhanced expression of eotaxin and
CCR3 in atopic dermatitis. J Invest Dermatol 113(1):43-48.</mixed-citation>
         </ref>
         <ref id="d7585e1349a1310">
            <mixed-citation id="d7585e1353" publication-type="other">
Yoshino S, Yamaki K, Li X, Sai T, Yanagisawa R, Takano H, et al.
2004. Prenatal exposure to bisphenol A up-regulates immune
responses, including T helper 1 and T helper 2 responses, in
mice. Immunology 112(3):489-495.</mixed-citation>
         </ref>
      </ref-list>
   </back>
</article>
