<article xmlns:xsi="http://www.w3.org/2001/XMLSchema-instance"
         xmlns:xlink="http://www.w3.org/1999/xlink"
         xmlns:mml="http://www.w3.org/1998/Math/MathML"
         dtd-version="1.0"
         article-type="research-article">
   <front>
      <journal-meta>
         <journal-id journal-id-type="jstor">envihealpers</journal-id>
         <journal-id journal-id-type="jstor">j100482</journal-id>
         <journal-title-group>
            <journal-title>Environmental Health Perspectives</journal-title>
         </journal-title-group>
         <publisher>
            <publisher-name>National Institute of Environmental Health Sciences. National Institutes of Health. Department of Health, Education and Welfare</publisher-name>
         </publisher>
         <issn pub-type="ppub">00916765</issn>
      </journal-meta>
      <article-meta>
         <article-id pub-id-type="jstor">25148409</article-id>
         <article-id pub-id-type="pub-doi">10.1289/ehp.11257</article-id>
         <article-categories>
            <subj-group>
               <subject>Research</subject>
            </subj-group>
         </article-categories>
         <title-group>
            <article-title>Public Health and Air Pollution in Asia (PAPA): A Multicity Study of Short-Term Effects of Air Pollution on Mortality</article-title>
         </title-group>
         <contrib-group>
            <contrib>
               <string-name>
                  <given-names>Chit-Ming</given-names>
                  <surname>Wong</surname>
               </string-name>
            </contrib>
            <contrib>
               <string-name>
                  <given-names>Nuntavarn</given-names>
                  <surname>Vichit-Vadakan</surname>
               </string-name>
            </contrib>
            <contrib>
               <string-name>
                  <given-names>Haidong</given-names>
                  <surname>Kan</surname>
               </string-name>
            </contrib>
            <contrib>
               <string-name>
                  <given-names>Zhengmin</given-names>
                  <surname>Qian</surname>
               </string-name>
            </contrib>
            <contrib>
               <string-name>
                  <given-names>The PAPA Project</given-names>
                  <surname>Teams</surname>
               </string-name>
            </contrib>
         </contrib-group>
         <pub-date>
            <day>1</day>
            <month>9</month>
            <year>2008</year>
         </pub-date>
         <volume>116</volume>
         <issue>9</issue>
         <issue-id>i25148377</issue-id>
         <fpage>1195</fpage>
         <lpage>1202</lpage>
         <self-uri xlink:href="http://www.jstor.org/stable/25148409"/>
         <abstract>
            <p> Background and objectives: Although the deleterious effects of air pollution from fossil fuel combustion have been demonstrated in many Western nations, fewer studies have been conducted in Asia. The Public Health and Air Pollution in Asia (PAPA) project assessed the effects of short-term exposure to air pollution on daily mortality in Bangkok, Thailand, and in three cities in China: Hong Kong, Shanghai, and Wuhan. Methods: Poisson regression models incorporating natural spline smoothing functions were used to adjust for seasonality and other time-varying covariates that might confound the association between air pollution and mortality. Effect estimates were determined for each city and then for the cities combined using a random effects method. Results: In individual cities, associations were detected between most of the pollutants [nitrogen dioxide, sulfur dioxide, particulate matter ≤ 10 μm in aerodynamic diameter (PM₁₀), and ozone] and most health outcomes under study (i.e., all natural-cause, cardiovascular, and respiratory mortality). The city-combined effects of the four pollutants tended to be equal or greater than those identified in studies conducted in Western industrial nations. In addition, residents of Asian cities are likely to have higher exposures to air pollution than those in Western industrial nations because they spend more time outdoors and less time in air conditioning. Conclusions: Although the social and environmental conditions may be quite different, it is reasonable to apply estimates derived from previous health effect of air pollution studies in the West to Asia. </p>
         </abstract>
         <kwd-group>
            <kwd>Air pollution</kwd>
            <kwd>Bangkok</kwd>
            <kwd>Hong Kong</kwd>
            <kwd>Mortality</kwd>
            <kwd>Shanghai</kwd>
            <kwd>Time-series analysis</kwd>
            <kwd>Wuhan</kwd>
         </kwd-group>
         <custom-meta-group>
            <custom-meta>
               <meta-name>lang</meta-name>
               <meta-value>eng</meta-value>
            </custom-meta>
         </custom-meta-group>
      </article-meta>
   </front>
   <back>
      <ref-list>
         <title>References</title>
         <ref id="d7641e277a1310">
            <mixed-citation id="d7641e281" publication-type="other">
Anderson HR, Atkinson RW, Peacock JL, Marston L,
Konstantinou K. 2004. Meta-analysis of Time-series Studies
and Panel Studies of Paniculate Matter (PM) and Ozone
(03). Report of a WHO Task Group. Bonn, Germany:World
Health Organization.</mixed-citation>
         </ref>
         <ref id="d7641e300a1310">
            <mixed-citation id="d7641e304" publication-type="other">
Aunan K, Pan XC. 2004. Exposure-response functions for health
effects of ambient air pollution applicable for China—a
meta-analysis. Sei Total Environ 329:3-16.</mixed-citation>
         </ref>
         <ref id="d7641e317a1310">
            <mixed-citation id="d7641e321" publication-type="other">
Bell ML, McDermott A, Zeger SL, Samet JM, Dominici F. 2004.
Ozone and short-term mortality in 95 US urban communities,
1987-2000. JAMA 292:2372-2378.</mixed-citation>
         </ref>
         <ref id="d7641e334a1310">
            <mixed-citation id="d7641e338" publication-type="other">
Burnett RT, Stieb D, Brook JR, Cakmak S, Dales R, Raizenne M,
et al. 2004. Associations between short-term changes in
nitrogen dioxide and mortality in Canadian cities. Arch
Environ Health 59:228-236.</mixed-citation>
         </ref>
         <ref id="d7641e355a1310">
            <mixed-citation id="d7641e359" publication-type="other">
Chen B, Hong C, Kan H. 2004. Exposures and health outcomes
from outdoor air pollutants in China. Toxicology 198:291-300.</mixed-citation>
         </ref>
         <ref id="d7641e369a1310">
            <mixed-citation id="d7641e373" publication-type="other">
Daniels MJ, Dominici F, Samet JM, Zeger SL. 2000. Estimating
particulate matter-mortality dose-response curves and
threshold levels: an analysis of daily time-series for the 20
largest US cities. Am J Epidemiol 152:397-406.</mixed-citation>
         </ref>
         <ref id="d7641e389a1310">
            <mixed-citation id="d7641e393" publication-type="other">
Goldberg MS, Burnett RT, Brook J, Bailar JC, Valois MF,
Vincent R. 2001. Association between daily cause-specific
mortality and concentrations of ground-level ozone in
Montreal, Quebec. Am J Epidemiol 154:817-826.</mixed-citation>
         </ref>
         <ref id="d7641e409a1310">
            <mixed-citation id="d7641e413" publication-type="other">
HEI. 2004. Health Effects of Outdoor Air Pollution in Developing
Countries of Asia: A Literature Review. Health Effects
Institute Special Report 15.</mixed-citation>
         </ref>
         <ref id="d7641e426a1310">
            <mixed-citation id="d7641e430" publication-type="other">
HEI (Health Effects Institute). 2008. Public Health and Air
Pollution in Asia: Science Access on the Net. Available:
http://www.healtheffects.org/Asia/papasan-home.htm
[accessed 21 May 2008].</mixed-citation>
         </ref>
         <ref id="d7641e446a1310">
            <mixed-citation id="d7641e450" publication-type="other">
Hong YC, Leem JH, Ha E-H, Christiani DC. 1999. PM10 exposure,
gaseous pollutants, and daily mortality in Inchon, South
Korea. Environ Health Perspect 107:873-878.</mixed-citation>
         </ref>
         <ref id="d7641e464a1310">
            <mixed-citation id="d7641e468" publication-type="other">
Jinsart W, Tamura K, Loetkamonwit S, Thepanondh S, Karita K,
Yano E. 2002. Roadside particulate air pollution in
Bangkok. J Air Waste Manag Assoc. 52:1102-1110.</mixed-citation>
         </ref>
         <ref id="d7641e481a1310">
            <mixed-citation id="d7641e485" publication-type="other">
Katsouyanni K, Touloumi G, Spix C, Schwartz J, Balducci F,
Medina S, et al. 1997. Short-term effects of ambient sulphur
dioxide and particulate matter on mortality in 12 European
cities: results from time series data from the APHEA project.
Air Pollution and Health: a European Approach. BMJ
314:1658-1663.</mixed-citation>
         </ref>
         <ref id="d7641e508a1310">
            <mixed-citation id="d7641e512" publication-type="other">
Long W, Zhong T, Zhang B. 2007. China: The Issue of Residential
Air Conditioning. Available: http://www.iifiir.org/en/doc/
1056.pdf [accessed 11 May 2007].</mixed-citation>
         </ref>
         <ref id="d7641e525a1310">
            <mixed-citation id="d7641e529" publication-type="other">
Medina-Ramón M, Schwartz J. 2007. Temperature, temperature
extremes, and mortality: a study of acclimatization and
effect modification in 50 United States cities. Occup Environ
Med doi:10.1136/oem.2007.033175 [Online 28 June 2007].</mixed-citation>
         </ref>
         <ref id="d7641e545a1310">
            <mixed-citation id="d7641e549" publication-type="other">
Ostro B. 2004. Outdoor Air Pollution: Assessing the
Environmental Burden of Disease at National and Local
Levels. Environmental Burden of Diseases Series, No. 5)
Geneva:World Health Organization. Available: http://www.
who.int/quantifying_ehimpacts/publications/ebd5.pdf
[accessed 25 July 2008].</mixed-citation>
         </ref>
         <ref id="d7641e572a1310">
            <mixed-citation id="d7641e576" publication-type="other">
Ostro B, Chestnut L, Vichit-Vadakan N, Laixuthai A. 1999. The
impact of particulate matter on daily mortality in Bangkok,
Thailand. J Air Waste Manage Assoc 49:100-107.</mixed-citation>
         </ref>
         <ref id="d7641e590a1310">
            <mixed-citation id="d7641e594" publication-type="other">
Pope CA III, Dockery DW. 2006. Health effects of fine particu-
late air pollution: lines that connect. J Air Waste Manag
Assoc 56:1368-1380.</mixed-citation>
         </ref>
         <ref id="d7641e607a1310">
            <mixed-citation id="d7641e611" publication-type="other">
R Development Core Team. 2007. R: A Language and
Environment for Statistical Computing, Version 2.5.1.
Vienna:R Foundation for Statistical Computing.</mixed-citation>
         </ref>
         <ref id="d7641e624a1310">
            <mixed-citation id="d7641e628" publication-type="other">
Samet JM, Zeger SL, Dominici F, Curriero F, Coursac I,
Dockery DW, et al. 2000. The National Morbidity, Mortality,
and Air Pollution Study. Part II: Morbidity and mortality
from air pollution in the United States. Res Rep Health Eff
Inst 94:5-70.</mixed-citation>
         </ref>
         <ref id="d7641e647a1310">
            <mixed-citation id="d7641e653" publication-type="other">
Samoli E, Aga E, Touloumi G, Nisiotis K, Forsberg B, Lefranc A,
et al. 2006. Short-term effects of nitrogen dioxide on mor-
tality: an analysis within the APHEA project. Eur Respir J
27:1129-1138.</mixed-citation>
         </ref>
         <ref id="d7641e669a1310">
            <mixed-citation id="d7641e673" publication-type="other">
Samoli E, Analitis A, Touloumi G, Schwartz J, Anderson HR,
Sunyer J, et al. 2005. Estimating the exposure—response rela-
tionships between paniculate matter and mortality within the
APHEA murticity project. Environ Health Perspect 113:88-95.</mixed-citation>
         </ref>
         <ref id="d7641e689a1310">
            <mixed-citation id="d7641e693" publication-type="other">
Schwartz J, Samet JM, Patz JA. 2004. Hospital admissions for
heart disease: the effects of temperature and humidity.
Epidemiology 15:755-761.</mixed-citation>
         </ref>
         <ref id="d7641e707a1310">
            <mixed-citation id="d7641e711" publication-type="other">
Tsai FC, Smith KR, Vichit-Vadakan N, Ostro BD, Chestnut LG,
Kungskulniti N. 2000. Indoor/outdoor PM10 and PM2.5 in
Bangkok, Thailand. J Expo Anal Environ Epidemiol.
10:15-26.</mixed-citation>
         </ref>
         <ref id="d7641e727a1310">
            <mixed-citation id="d7641e731" publication-type="other">
WHO. 1977. Manual of the International Statistical Classifica-
tion of Diseases, Injuries, and Causes of Death, Ninth
Revision. Geneva:World HealthOrganization.</mixed-citation>
         </ref>
         <ref id="d7641e744a1310">
            <mixed-citation id="d7641e748" publication-type="other">
WHO. 1992. International Statistical Classification of Diseases
and Related Health Problems, Tenth Revision. Geneva:World
Health Organization.</mixed-citation>
         </ref>
         <ref id="d7641e761a1310">
            <mixed-citation id="d7641e765" publication-type="other">
WHO. 2005. Air Quality Guidelines for Paniculate Matter, Ozone,
Nitrogen Dioxide and Sulfur Dioxide - Global Update 2005.
Geneva: World Health Organization. Available: http://
whqlibdoc.who.int/hq/2006/WHO_SDE_PHE_OEH_06.
02_eng.pdf [accessed 26 July 2008].</mixed-citation>
         </ref>
         <ref id="d7641e784a1310">
            <mixed-citation id="d7641e788" publication-type="other">
Wong CM, Ma S, Hedley AJ, Lam TH. 2001. Effect of air pollu-
tion on daily mortality in Hong Kong. Environ Health
Perspect 109:335-340.</mixed-citation>
         </ref>
         <ref id="d7641e801a1310">
            <mixed-citation id="d7641e805" publication-type="other">
Wood SN. 2006. Generalized Additive Models: An Introduction
with R. Boca Raton, FL:Chapman &amp;amp; Hall/CRC.</mixed-citation>
         </ref>
      </ref-list>
   </back>
</article>
