<article xmlns:xsi="http://www.w3.org/2001/XMLSchema-instance"
         xmlns:xlink="http://www.w3.org/1999/xlink"
         xmlns:mml="http://www.w3.org/1998/Math/MathML"
         dtd-version="1.0"
         article-type="research-article">
   <front>
      <journal-meta>
         <journal-id journal-id-type="jstor">envihealpers</journal-id>
         <journal-id journal-id-type="jstor">j100482</journal-id>
         <journal-title-group>
            <journal-title>Environmental Health Perspectives</journal-title>
         </journal-title-group>
         <publisher>
            <publisher-name>National Institute of Environmental Health Sciences. National Institutes of Health. Department of Health, Education and Welfare</publisher-name>
         </publisher>
         <issn pub-type="ppub">00916765</issn>
      </journal-meta>
      <article-meta>
         <article-id pub-id-type="jstor">25148379</article-id>
         <article-id pub-id-type="pub-doi">10.1289/ehp.11856</article-id>
         <article-categories>
            <subj-group>
               <subject>Perspectives</subject>
            </subj-group>
         </article-categories>
         <title-group>
            <article-title>Editorial: Asia: Changing Times and Changing Problems</article-title>
         </title-group>
         <contrib-group>
            <contrib>
               <string-name>
                  <given-names>Frank E.</given-names>
                  <surname>Speizer</surname>
               </string-name>
            </contrib>
            <contrib>
               <string-name>
                  <given-names>Aaron</given-names>
                  <surname>Cohen</surname>
               </string-name>
            </contrib>
            <contrib>
               <string-name>
                  <given-names>Sumi</given-names>
                  <surname>Mehta</surname>
               </string-name>
            </contrib>
         </contrib-group>
         <pub-date>
            <day>1</day>
            <month>9</month>
            <year>2008</year>
         </pub-date>
         <volume>116</volume>
         <issue>9</issue>
         <issue-id>i25148377</issue-id>
         <fpage>A370</fpage>
         <lpage>A371</lpage>
         <self-uri xlink:href="http://www.jstor.org/stable/25148379"/>
         <custom-meta-group>
            <custom-meta>
               <meta-name>lang</meta-name>
               <meta-value>eng</meta-value>
            </custom-meta>
         </custom-meta-group>
      </article-meta>
   </front>
   <back>
      <ref-list>
         <title>References</title>
         <ref id="d7333e165a1310">
            <mixed-citation id="d7333e169" publication-type="other">
Center for Science and the Environment. 2006. The Leapfrog Factor: Clearing the Air in
Asian Cities. New Delhi:Center for Science and the Environment.</mixed-citation>
         </ref>
         <ref id="d7333e179a1310">
            <mixed-citation id="d7333e183" publication-type="other">
Cohen AJ, Anderson HR, Ostro B, Pandey KD, Krzyzanowski M, Künzli N, et al. 2004.
Mortality impacts of urban air pollution. In: Comparative Quantification of Health Risks:
Global and Regional Burden of Disease Due to Selected Major Risk Factors, vol 2
(Ezzati M, Lopez AD, Rodgers A, Murray CJL, eds). Geneva:World Health Organization,
1353-1433.</mixed-citation>
         </ref>
         <ref id="d7333e202a1310">
            <mixed-citation id="d7333e206" publication-type="other">
Ezzati M, Lopez AD, Rodgers A, Vander Hoorn S, Murray CJL, Comparative Risk
Assessment Collaborating Group. 2002. Selected major risk factors and global and
regional burden of disease. Lancet 360(9343):1347-1360</mixed-citation>
         </ref>
         <ref id="d7333e219a1310">
            <mixed-citation id="d7333e223" publication-type="other">
Harrison RM. Sources of air pollution. In: Air Quality Guidelines. Global Update 2005.
Copenhagen:World Health Organization, Regional Office for Europe, 9-30. Available:
http://www.euro.who.int/Document/E90038.pdf [accessed 4 August 2008].</mixed-citation>
         </ref>
         <ref id="d7333e237a1310">
            <mixed-citation id="d7333e241" publication-type="other">
HEI. 2003. Revised Analyses of Time-Series Studies of Air Pollution and Health. Special
Report. Boston:Health Effects Institute. Available: http://pubs.healtheffects.org/get-
file.php?u=21 [accessed 4 August 2008].</mixed-citation>
         </ref>
         <ref id="d7333e254a1310">
            <mixed-citation id="d7333e258" publication-type="other">
HEI. 2004. Health Effects of Outdoor Air Pollution in Developing Countries of Asia: A Literature
Review. Special Report 15. Boston:Health Effects Institute. Available:
http://pubs.heartheffects.org/getfile.php?u=13 [accessed 4 August 2008].</mixed-citation>
         </ref>
         <ref id="d7333e271a1310">
            <mixed-citation id="d7333e275" publication-type="other">
HEI (Health Effects Institute). 2008. Public Health and Air Pollution in Asia: Science
Access on the Net (PAPA-SAN). Available: http://www.healtheffects.org/
Asia/papasan-home.htm [accessed 4 August 2008].</mixed-citation>
         </ref>
         <ref id="d7333e288a1310">
            <mixed-citation id="d7333e292" publication-type="other">
Janssen N, Mehta S. Human exposure to air pollution. In: Air Quality Guidelines. Global
Update 2005. Copenhagen:World Health Organization, Regional Office for Europe,
61-85. Available: http://www.euro.who.int/Document/E90038.pdf [accessed 4 August
2008].</mixed-citation>
         </ref>
         <ref id="d7333e308a1310">
            <mixed-citation id="d7333e312" publication-type="other">
Kan H, London SJ, Chen G, Zhang Y, Song G, Zhao N, et al. 2008. Season, sex, age, and
education as modifiers of the effects of outdoor air pollution on daily mortality in
Shanghai, China: the Public Health and Air Pollution in Asia (PAPA) study. Environ
Health Perspect 116:1183-1188.</mixed-citation>
         </ref>
         <ref id="d7333e328a1310">
            <mixed-citation id="d7333e332" publication-type="other">
Katsouyanni K, Touloumi G, Samoli E, Gryparis A, Le Tertre A, Monopolis Y, et al. 2001.
Confounding and effect modification in the short-term effects of ambient particles
on total mortality: results from 29 European cities within the APHEA2 project.
Epidemiology 12:521-531.</mixed-citation>
         </ref>
         <ref id="d7333e349a1310">
            <mixed-citation id="d7333e353" publication-type="other">
Krzyzanowski M, Cohen A. 2008. Update of WHO air quality guidelines. Air Qual Atmos
Health 1:7-13.</mixed-citation>
         </ref>
         <ref id="d7333e363a1310">
            <mixed-citation id="d7333e367" publication-type="other">
Laden F, Schwartz J, Speizer FE, Dockery DW. 2006. Reduction in fine particulate air pol-
lution and mortality: extended follow-up of the Harvard Six Cities study. Am J Respir
Crit Care Med 173:667-672.</mixed-citation>
         </ref>
         <ref id="d7333e380a1310">
            <mixed-citation id="d7333e384" publication-type="other">
Pope CA III, Burnett RT, Thun MJ, Calle EE, Krewski D, Ito K, et al. 2002. Lung cancer,
cardiopulmonary mortality, and long-term exposure to fine particulate air pollution.
JAMA 287(9):1132-1141.</mixed-citation>
         </ref>
         <ref id="d7333e397a1310">
            <mixed-citation id="d7333e401" publication-type="other">
Qian Z, He Q, Lin HM, Kong L, Bentley CM, Liu W, et al. 2008. High temperatures
enhanced acute mortality effects of ambient particle pollution in the "oven" city of
Wuhan, China. Environ Health Perspect 116:1172-1178.</mixed-citation>
         </ref>
         <ref id="d7333e414a1310">
            <mixed-citation id="d7333e418" publication-type="other">
Samet JM, Zeger SL, Dominici F, Curriero F, Coursac I, Dockery DW, et al. 2000. The
National Morbidity, Mortality, and Air Pollution Study. Part II: Morbidity and mortal-
ity from air pollution in the United States. Res Rep Health Eff Inst. 94(Pt2).</mixed-citation>
         </ref>
         <ref id="d7333e431a1310">
            <mixed-citation id="d7333e435" publication-type="other">
Vichit-Vadakan N, Vajanapoom N, Bart Ostro B. 2008. The Public Health and Air Pollution
in Asia (PAPA) project: estimating the mortality effects of particulate matter in
Bangkok, Thailand. Environ Health Perspect 116:1179-1182.</mixed-citation>
         </ref>
         <ref id="d7333e449a1310">
            <mixed-citation id="d7333e453" publication-type="other">
Wong CM, Ou CQ, Chan KP, Chau YK, Thach TQ, Yang L, et al. 2008a. The effects of air
pollution on mortality in socially deprived urban areas in Hong Kong, China. Environ
Health Perspect 116:1189-1194.</mixed-citation>
         </ref>
         <ref id="d7333e466a1310">
            <mixed-citation id="d7333e470" publication-type="other">
Wong CM, Vichit-Vadakan N, Kan H, Qian, Z, PAPA Project Teams. 2008b. Public Health
and Air Pollution in Asia (PAPA): a multicity study of short-term effects of air pollu-
tion on mortality. Environ Health Perspect 116:1195-1202.</mixed-citation>
         </ref>
         <ref id="d7333e483a1310">
            <mixed-citation id="d7333e487" publication-type="other">
WHO. 2002. The World Health Report 2002: Reducing Risks, Promoting Healthy Life.
Geneva:World Health Organization. Available: http://www.who.int/whr/2002/en//
[accessed 4 August 2008].</mixed-citation>
         </ref>
         <ref id="d7333e500a1310">
            <mixed-citation id="d7333e504" publication-type="other">
WHO. 2006. Air Quality Guidelines. Global Update 2005. Copenhagen:World Health
Organization, Regional Office for Europe. Available: http://www.euro.who.int/
Document/E90038.pdf [accessed 4 August 2008].</mixed-citation>
         </ref>
      </ref-list>
   </back>
</article>
