<article xmlns:xsi="http://www.w3.org/2001/XMLSchema-instance"
         xmlns:xlink="http://www.w3.org/1999/xlink"
         xmlns:mml="http://www.w3.org/1998/Math/MathML"
         dtd-version="1.0"
         article-type="research-article">
   <front>
      <journal-meta>
         <journal-id journal-id-type="jstor">envihealpers</journal-id>
         <journal-id journal-id-type="jstor">j100482</journal-id>
         <journal-title-group>
            <journal-title>Environmental Health Perspectives</journal-title>
         </journal-title-group>
         <publisher>
            <publisher-name>National Institute of Environmental Health Sciences. National Institutes of Health. Department of Health, Education and Welfare</publisher-name>
         </publisher>
         <issn pub-type="ppub">00916765</issn>
      </journal-meta>
      <article-meta>
         <article-id pub-id-type="jstor">25148427</article-id>
         <article-id pub-id-type="pub-doi">10.1289/ehp.11250</article-id>
         <article-categories>
            <subj-group>
               <subject>Perspectives</subject>
            </subj-group>
         </article-categories>
         <title-group>
            <article-title>Editorial: Climate Change and Health Research: Time for Teamwork</article-title>
         </title-group>
         <contrib-group>
            <contrib>
               <string-name>
                  <given-names>Sharon H.</given-names>
                  <surname>Hrynkow</surname>
               </string-name>
            </contrib>
         </contrib-group>
         <pub-date>
            <day>1</day>
            <month>11</month>
            <year>2008</year>
         </pub-date>
         <volume>116</volume>
         <issue>11</issue>
         <issue-id>i25148425</issue-id>
         <fpage>A470</fpage>
         <lpage>A470</lpage>
         <self-uri xlink:href="http://www.jstor.org/stable/25148427"/>
         <custom-meta-group>
            <custom-meta>
               <meta-name>lang</meta-name>
               <meta-value>eng</meta-value>
            </custom-meta>
         </custom-meta-group>
      </article-meta>
   </front>
   <back>
      <ref-list>
         <title>References</title>
         <ref id="d6261e123a1310">
            <mixed-citation id="d6261e127" publication-type="other">
Hrynkow SH. 2008. Framing the NIEHS agenda on climate change. Available: http://www.
niehs.nih.gov/about/od/programs/climatechange/docs/framingreport.pdf [accessed
8 October 2008].</mixed-citation>
         </ref>
         <ref id="d6261e140a1310">
            <mixed-citation id="d6261e144" publication-type="other">
McMichael A, Campbell-Lendrum DH, Kovats RS, Edwards S, Wilkinson P, Wilson T, et al.
2004. Climate Change. In: Comparative Quantification of Health Risks: Global and
Regional Burden of Disease due to Selected Major Risk Factors, Vol 2 (Ezzati M,
Lopez A, Rodgers A, Mathers C, eds). Geneva:World Health Organization, 1543-1649.</mixed-citation>
         </ref>
      </ref-list>
   </back>
</article>
