<article xmlns:xsi="http://www.w3.org/2001/XMLSchema-instance"
         xmlns:xlink="http://www.w3.org/1999/xlink"
         xmlns:mml="http://www.w3.org/1998/Math/MathML"
         dtd-version="1.0"
         article-type="research-article">
   <front>
      <journal-meta>
         <journal-id journal-id-type="jstor">envihealpers</journal-id>
         <journal-id journal-id-type="jstor">j100482</journal-id>
         <journal-title-group>
            <journal-title>Environmental Health Perspectives</journal-title>
         </journal-title-group>
         <publisher>
            <publisher-name>National Institute of Environmental Health Sciences. National Institutes of Health. Department of Health, Education and Welfare</publisher-name>
         </publisher>
         <issn pub-type="ppub">00916765</issn>
      </journal-meta>
      <article-meta>
         <article-id pub-id-type="jstor">25148418</article-id>
         <article-id pub-id-type="pub-doi">10.1289/ehp.10945</article-id>
         <article-categories>
            <subj-group>
               <subject>Research</subject>
               <subj-group>
                  <subject>Children's Health</subject>
               </subj-group>
            </subj-group>
         </article-categories>
         <title-group>
            <article-title>Environmental Public Health Tracking of Childhood Asthma Using California Health Interview Survey, Traffic, and Outdoor Air Pollution Data</article-title>
         </title-group>
         <contrib-group>
            <contrib>
               <string-name>
                  <given-names>Michelle</given-names>
                  <surname>Wilhelm</surname>
               </string-name>
            </contrib>
            <contrib>
               <string-name>
                  <given-names>Ying-Ying</given-names>
                  <surname>Meng</surname>
               </string-name>
            </contrib>
            <contrib>
               <string-name>
                  <given-names>Rudolph P.</given-names>
                  <surname>Rull</surname>
               </string-name>
            </contrib>
            <contrib>
               <string-name>
                  <given-names>Paul</given-names>
                  <surname>English</surname>
               </string-name>
            </contrib>
            <contrib>
               <string-name>
                  <given-names>John</given-names>
                  <surname>Balmes</surname>
               </string-name>
            </contrib>
            <contrib>
               <string-name>
                  <given-names>Beate</given-names>
                  <surname>Ritz</surname>
               </string-name>
            </contrib>
         </contrib-group>
         <pub-date>
            <day>1</day>
            <month>9</month>
            <year>2008</year>
         </pub-date>
         <volume>116</volume>
         <issue>9</issue>
         <issue-id>i25148377</issue-id>
         <fpage>1254</fpage>
         <lpage>1260</lpage>
         <self-uri xlink:href="http://www.jstor.org/stable/25148418"/>
         <abstract>
            <p> Background: Despite extensive evidence that air pollution affects childhood asthma, state-level and national-level tracking of asthma outcomes in relation to air pollution is limited. Objectives: Our goals were to evaluate the feasibility of linking the 2001 California Health Interview Survey (CHIS), air monitoring, and traffic data; estimate associations between traffic density (TD) or outdoor air pollutant concentrations and childhood asthma morbidity; and evaluate the usefulness of such databases, linkages, and analyses to Environmental Public Health Tracking (EPHT). Methods: We estimated TD within 500 feet of residential cross-streets of respondents and annual average pollutant concentrations based on monitoring station measurements. We used logistic regression to examine associations with reported asthma symptoms and emergency department (ED) visits/hospitalizations. Results: Assignment of TD and air pollution exposures for cross-streets was successful for 82% of children with asthma in Los Angeles and San Diego, California, Counties. Children with asthma living in high ozone areas and areas with high concentrations of particulate matter &lt; 10 μm in aerodynamic diameter experienced symptoms more frequently, and those living close to heavy traffic reported more ED visits/hospitalizations. The advantages of the CHIS for asthma EPHT include a large and representative sample, biennial data collection, and ascertainment of important socio-demographic and residential address information. Disadvantages are its cross-sectional design, reliance on parental reports of diagnoses and symptoms, and lack of information on some potential confounders. Conclusions: Despite limitations, the CHIS provides a useful framework for examining air pollution and childhood asthma morbidity in support of EPHT, especially because later surveys address some noted gaps. We plan to employ CHIS 2003 and 2005 data and novel exposure assessment methods to re-examine the questions raised here. </p>
         </abstract>
         <kwd-group>
            <kwd>Air pollution</kwd>
            <kwd>Asthma</kwd>
            <kwd>Children</kwd>
            <kwd>Environmental public health tracking</kwd>
            <kwd>Epidemiology</kwd>
            <kwd>Geographic information system</kwd>
            <kwd>Traffic</kwd>
         </kwd-group>
         <custom-meta-group>
            <custom-meta>
               <meta-name>lang</meta-name>
               <meta-value>eng</meta-value>
            </custom-meta>
         </custom-meta-group>
      </article-meta>
   </front>
   <back>
      <ref-list>
         <title>References</title>
         <ref id="d7522e238a1310">
            <mixed-citation id="d7522e242" publication-type="other">
Avol E, Gauderman WJ, Tan SM, London SJ, Peters JM. 2001.
Respiratory effects of relocating to areas of differing air
pollution levels. Am J Respir Crit Care Med 164:2067-2072.</mixed-citation>
         </ref>
         <ref id="d7522e255a1310">
            <mixed-citation id="d7522e259" publication-type="other">
Avol E, Navidi WC, Colome SD. 1998. Modeling ozone levels in
and around southern California homes. Environ Sci
Technol 32:463-468.</mixed-citation>
         </ref>
         <ref id="d7522e272a1310">
            <mixed-citation id="d7522e276" publication-type="other">
Bloom B, Dey AN, Freeman G. 2006. Summary health statistics
for U.S. children: National Health Interview Survey, 2005.
Vital Health Stat 10:1-84.</mixed-citation>
         </ref>
         <ref id="d7522e289a1310">
            <mixed-citation id="d7522e293" publication-type="other">
Briggs D. 1997. Urban air pollution GIS: a regression-based
approach. Int J Geogr Inf Sci 11:699-718.</mixed-citation>
         </ref>
         <ref id="d7522e304a1310">
            <mixed-citation id="d7522e308" publication-type="other">
CDC (Centers for Disease Control and Prevention). 2008a.
Behavioral Risk Factor Surveillance System. Available: http://
www.cdc.gov/BRFSS/index.htm [accessed 2 April 2008].</mixed-citation>
         </ref>
         <ref id="d7522e321a1310">
            <mixed-citation id="d7522e325" publication-type="other">
CDC (Centers for Disease Control and Prevention). 2008b.
National Health and Nutrition Examination Survey.
Available: http://www.cdc.gov/nchs/nhanes.htm [accessed
2 April 2008].</mixed-citation>
         </ref>
         <ref id="d7522e341a1310">
            <mixed-citation id="d7522e345" publication-type="other">
CDC (Centers for Disease Control and Prevention). 2008c.
National Health Interview Survey. Available: http://www.
cdc.gov/nchs/nhis.htm [accessed 2 April 2008].</mixed-citation>
         </ref>
         <ref id="d7522e358a1310">
            <mixed-citation id="d7522e362" publication-type="other">
Center for Health Policy Research. 2002. CHIS 2001
Methodology Series: Report 2. Data Collection Methods.
Los Angeles, CA:UCLA Center for Health Policy Research.</mixed-citation>
         </ref>
         <ref id="d7522e375a1310">
            <mixed-citation id="d7522e379" publication-type="other">
Edwards J, Walters S, Griffiths RK. 1994. Hospital admissions
for asthma in preschool children: relationship to major
roads in Birmingham, United Kingdom. Arch Environ
Health 49:223-227.</mixed-citation>
         </ref>
         <ref id="d7522e395a1310">
            <mixed-citation id="d7522e399" publication-type="other">
English P, Neutra R, Scalf R, Sullivan M, Waller L, Zhu L 1999.
Examining associations between childhood asthma and
traffic flow using a geographic information system.
Environ Health Perspect 107:761-767.</mixed-citation>
         </ref>
         <ref id="d7522e416a1310">
            <mixed-citation id="d7522e420" publication-type="other">
Environmental Health Tracking Project Team. 2000. America's
Environmental Health Gap: Why the Country Needs a
Nationwide Health Tracking Network: Companion Report.
Baltimore, MD:Johns Hopkins School of Hygiene and Public
Health, Department of Health Policy and Management.</mixed-citation>
         </ref>
         <ref id="d7522e439a1310">
            <mixed-citation id="d7522e443" publication-type="other">
Friedman MS, Powell KE, Hutwagner L, Graham LM, Teague
WG. 2001. Impact of changes in transportation and com-
muting behaviors during the 1996 Summer Olympic Games
in Atlanta on air quality and childhood asthma. JAMA
285:897-905.</mixed-citation>
         </ref>
         <ref id="d7522e462a1310">
            <mixed-citation id="d7522e466" publication-type="other">
Gauderman WJ, Avol E, Lurmann F, Kuenzli N, Gilliland F,
Peters J, et al. 2005. Childhood asthma and exposure to
traffic and nitrogen dioxide. Epidemiology 16:737-743.</mixed-citation>
         </ref>
         <ref id="d7522e479a1310">
            <mixed-citation id="d7522e483" publication-type="other">
Gauderman WJ, Vora H, McConnell R, Berhane K, Gilliland F,
Thomas D, et al. 2007. Effect of exposure to traffic on lung
development from 10 to 18 years of age: a cohort study.
Lancet 369:571-577.</mixed-citation>
         </ref>
         <ref id="d7522e499a1310">
            <mixed-citation id="d7522e503" publication-type="other">
Geyh AS, Xue J, Ozkaynak H, Spengler JD. 2000. The Harvard
Southern California Chronic Ozone Exposure Study:
assessing ozone exposure of grade-school-age children in
two Southern California communities. Environ Health
Perspect 108:265-270.</mixed-citation>
         </ref>
         <ref id="d7522e522a1310">
            <mixed-citation id="d7522e526" publication-type="other">
Gilmour MI, Jaakola MS, London SJ, Nel AE, Rogers CA. 2006.
How exposure to environmental tobacco smoke, outdoor
air pollutants, and increased pollen burdens influences the
incidence of asthma. Environ Health Perspect 114:627-633.</mixed-citation>
         </ref>
         <ref id="d7522e543a1310">
            <mixed-citation id="d7522e547" publication-type="other">
Gunier RB, Hertz A, Von Behren J, Reynolds P. 2003. Traffic
density in California: socioeconomic and ethnic differ-
ences among potentially exposed children. J Expo Anal
Environ Epidemiol 13:240-246.</mixed-citation>
         </ref>
         <ref id="d7522e563a1310">
            <mixed-citation id="d7522e567" publication-type="other">
Jerrett M, Arain MA, Kanaroglou P, Beckerman B, Crouse D,
Gilbert NL, et al. 2007. Modeling the intraurban variability
of ambient traffic pollution in Toronto, Canada. J Toxicol
Environ Health 70:200-212.</mixed-citation>
         </ref>
         <ref id="d7522e583a1310">
            <mixed-citation id="d7522e587" publication-type="other">
Jerrett M, Arain MA, Kanaroglou P, Beckerman B, Potoglou D,
Sahsuvaroglu T, et al. 2005. A review and evaluation of
intra-urban air pollution exposure models. J Expo Anal
Environ Epidemiol 15:185-204.</mixed-citation>
         </ref>
         <ref id="d7522e603a1310">
            <mixed-citation id="d7522e607" publication-type="other">
Kim JJ, Smorodinsky S, Lipsett M, Singer B, Hodgson AT, Ostro
B. 2004. Traffic-related air pollution near busy roads: the
East Bay Children's Respiratory Health Study. Am J Resp
Crit Care Med 170:520-526.</mixed-citation>
         </ref>
         <ref id="d7522e623a1310">
            <mixed-citation id="d7522e627" publication-type="other">
Künzli N, Jerrett M, Mack WJ, Beckerman B, LaBree L,
Gilliland F, et al. 2005. Ambient air pollution and athero-
sclerosis in Los Angeles. Environ Health Perspect
113:201-206.</mixed-citation>
         </ref>
         <ref id="d7522e643a1310">
            <mixed-citation id="d7522e647" publication-type="other">
Künzli N, McConnell R, Bates DV, Bastain T, Hricko A, Lurmann
F, et al. 2003. Breathless in Los Angeles: the exhausting
search for clean air. Am J Public Health 93:1494-1499.</mixed-citation>
         </ref>
         <ref id="d7522e661a1310">
            <mixed-citation id="d7522e665" publication-type="other">
Lebret E. 2000. Small area variations in ambient NO2 concen-
trations in four European areas. Atmos Environ 34:177-185.</mixed-citation>
         </ref>
         <ref id="d7522e675a1310">
            <mixed-citation id="d7522e679" publication-type="other">
Li N, Sioutas C, Cho A, Schmitz D, Misra C, Sempf JM, et al.
2003. Ultrafine particulate pollutants induce oxidative
stress and mitochondrial damage. Environ Health Perspect
111:455-460.</mixed-citation>
         </ref>
         <ref id="d7522e695a1310">
            <mixed-citation id="d7522e699" publication-type="other">
Li N, Wang M, Oberley TD, Sempf JM, Nel AE. 2002.
Comparison of the pro-oxidative and proinflammatory
effects of organic diesel exhaust particle chemicals in
bronchial epithelial cells and macrophages. J Immunol
169:4531-4541.</mixed-citation>
         </ref>
         <ref id="d7522e718a1310">
            <mixed-citation id="d7522e722" publication-type="other">
Lin S, Munsie JP, Hwang SA, Fitzgerald E, Cayo M. 2002.
Childhood asthma hospitalizaron and residential exposure
to state route traffic. Environ Res 88:73-81.</mixed-citation>
         </ref>
         <ref id="d7522e735a1310">
            <mixed-citation id="d7522e739" publication-type="other">
Liu LJ, Delfino R, Koutrakis P. 1997. Ozone exposure assess-
ment in a southern California community. Environ Health
Perspect 105:58-65.</mixed-citation>
         </ref>
         <ref id="d7522e752a1310">
            <mixed-citation id="d7522e756" publication-type="other">
Marshall JD, Granvold PW, Hoats AS, McKone TE, Deakin E,
Nazaroff WW. 2006. Inhalation intake of ambient air pollu-
tion in California's South Coast Air Basin. Atmos Environ
40:4381-4392.</mixed-citation>
         </ref>
         <ref id="d7522e773a1310">
            <mixed-citation id="d7522e777" publication-type="other">
McConnell R, Berhane K, Gilliland F, London SJ, Islama T, Avol
E, et al. 2002. Asthma in exercising children exposed to
ozone: a cohort study. Lancet 359:386-391.</mixed-citation>
         </ref>
         <ref id="d7522e790a1310">
            <mixed-citation id="d7522e794" publication-type="other">
McConnell R, Berhane K, Gilliland F, Molitor J, Thomas D,
Lurmann F, et al. 2003. Prospective study of air pollution
and bronchitic symptoms in children with asthma. Am J
Respir Crit Care Med 168:790-797.</mixed-citation>
         </ref>
         <ref id="d7522e810a1310">
            <mixed-citation id="d7522e814" publication-type="other">
McConnell R, Berhane K, Yao L, Jerrett M, Lurmann F, Gilliland
F, et al. 2006. Traffic, susceptibility, and childhood asthma.
Environ Health Perspect 114:766-772.</mixed-citation>
         </ref>
         <ref id="d7522e827a1310">
            <mixed-citation id="d7522e831" publication-type="other">
McGeehin MA, Qualters JR, Niskar AS. 2004. National environ-
mental public health tracking program: bridging the infor-
mation gap. Environ Health Perspect 112:1409-1413.</mixed-citation>
         </ref>
         <ref id="d7522e844a1310">
            <mixed-citation id="d7522e848" publication-type="other">
Meng YY, Wilhelm M, Rull RP, English P, Ritz B. 2007. Traffic
and outdoor air pollution levels near residences and
poorly controlled asthma in adults. Ann Allergy Asthma
Immunol 98:455-463.</mixed-citation>
         </ref>
         <ref id="d7522e864a1310">
            <mixed-citation id="d7522e868" publication-type="other">
Monn C. 2001. Exposure assessment of air pollutants: a review
on spatial heterogeneity and indoor/outdoor/personal
exposure to suspended particulate matter, nitrogen diox-
ide and ozone. Atmos Environ 35:1-32.</mixed-citation>
         </ref>
         <ref id="d7522e885a1310">
            <mixed-citation id="d7522e889" publication-type="other">
Pandya RJ, Solomon G, Kinner A, Balmes JR. 2002. Diesel
exhaust and asthma: hypotheses and molecular mecha-
nisms of action. Environ Health Perspect 110(suppl
1):103-112.</mixed-citation>
         </ref>
         <ref id="d7522e905a1310">
            <mixed-citation id="d7522e909" publication-type="other">
Pope CA III. 1996. Particulate pollution and health: a review of
the Utah valley experience. J Expo Anal Environ Epidemiol
6:23-34.</mixed-citation>
         </ref>
         <ref id="d7522e922a1310">
            <mixed-citation id="d7522e926" publication-type="other">
Reynolds P, Von Behren J, Gunier RB, Goldberg DE, Hertz A.
2004. Residential exposure to traffic in California and
childhood cancer. Epidemiology 15:6-12.</mixed-citation>
         </ref>
         <ref id="d7522e939a1310">
            <mixed-citation id="d7522e943" publication-type="other">
Ross Z, English PB, Scalf R, Gunier R, Smorodinsky S, Wall S,
et al. 2006. Nitrogen dioxide prediction in southern
California using land use regression modeling: potential
for environmental health analyses. J Expo Sci Environ
Epidemiol 16:106-114.</mixed-citation>
         </ref>
         <ref id="d7522e962a1310">
            <mixed-citation id="d7522e966" publication-type="other">
Rothman KJ, Greenland S. 1998. Modern Epidemiology, 2nd ed.
Philadephia:Lippincott-Raven.</mixed-citation>
         </ref>
         <ref id="d7522e976a1310">
            <mixed-citation id="d7522e980" publication-type="other">
Salam MT, Islam T, Gilliland F. 2008. Recent evidence for
adverse effects of residential proximity to traffic sources
on asthma. Curr Opin Pulm Med 14:3-8.</mixed-citation>
         </ref>
         <ref id="d7522e994a1310">
            <mixed-citation id="d7522e998" publication-type="other">
Thurston GD, Bates DV. 2003. Air pollution as an underappreci-
ated cause of asthma symptoms. JAMA 290:1915-1917.</mixed-citation>
         </ref>
         <ref id="d7522e1008a1310">
            <mixed-citation id="d7522e1012" publication-type="other">
Trasande L, Thurston GD. 2005. The role of air pollution in
asthma and other pediatric morbidities. J Allergy Clin
Immunol 115:689-699.</mixed-citation>
         </ref>
         <ref id="d7522e1025a1310">
            <mixed-citation id="d7522e1029" publication-type="other">
Wilhelm M, Ritz B. 2003. Residential proximity to traffic and
adverse birth outcomes in Los Angeles County, California,
1994-1996. Environ Health Perspect 111:207-216.</mixed-citation>
         </ref>
         <ref id="d7522e1042a1310">
            <mixed-citation id="d7522e1046" publication-type="other">
Wu J, Lurmann F, Winer A, Lu R, Turco R, Funk T. 2005.
Development of an individual exposure model for applica-
tion to the southern California children's health study.
Atmos Environ 39:259-273.</mixed-citation>
         </ref>
         <ref id="d7522e1062a1310">
            <mixed-citation id="d7522e1066" publication-type="other">
Xue J, Liu SV, Ozkaynak H, Spengler JD. 2005. Parameter evalu-
ation and model validation of ozone exposure assessment
using Harvard Southern California Chronic Ozone Exposure
Study data. J Air Waste Manag Assoc 55:1508-1515.</mixed-citation>
         </ref>
         <ref id="d7522e1082a1310">
            <mixed-citation id="d7522e1086" publication-type="other">
Zhou Y, Levy JI. 2007. Factors influencing the spatial extent of
mobile source air pollution impacts: a meta-analysis. BMC
Public Health 7:89-99.</mixed-citation>
         </ref>
      </ref-list>
   </back>
</article>
