<article xmlns:xsi="http://www.w3.org/2001/XMLSchema-instance"
         xmlns:xlink="http://www.w3.org/1999/xlink"
         xmlns:mml="http://www.w3.org/1998/Math/MathML"
         dtd-version="1.0"
         article-type="research-article">
   <front>
      <journal-meta>
         <journal-id journal-id-type="jstor">envihealpers</journal-id>
         <journal-id journal-id-type="jstor">j100482</journal-id>
         <journal-title-group>
            <journal-title>Environmental Health Perspectives</journal-title>
         </journal-title-group>
         <publisher>
            <publisher-name>National Institute of Environmental Health Sciences. National Institutes of Health. Department of Health, Education and Welfare</publisher-name>
         </publisher>
         <issn pub-type="ppub">00916765</issn>
      </journal-meta>
      <article-meta>
         <article-id pub-id-type="jstor">25148442</article-id>
         <article-id pub-id-type="pub-doi">10.1289/ehp.10716</article-id>
         <article-categories>
            <subj-group>
               <subject>Commentary and Review</subject>
               <subj-group>
                  <subject>Commentary</subject>
               </subj-group>
            </subj-group>
         </article-categories>
         <title-group>
            <article-title>The Limits of Two-Year Bioassay Exposure Regimens for Identifying Chemical Carcinogens</article-title>
         </title-group>
         <contrib-group>
            <contrib>
               <string-name>
                  <given-names>James</given-names>
                  <surname>Huff</surname>
               </string-name>
            </contrib>
            <contrib>
               <string-name>
                  <given-names>Michael F.</given-names>
                  <surname>Jacobson</surname>
               </string-name>
            </contrib>
            <contrib>
               <string-name>
                  <given-names>Devra Lee</given-names>
                  <surname>Davis</surname>
               </string-name>
            </contrib>
         </contrib-group>
         <pub-date>
            <day>1</day>
            <month>11</month>
            <year>2008</year>
         </pub-date>
         <volume>116</volume>
         <issue>11</issue>
         <issue-id>i25148425</issue-id>
         <fpage>1439</fpage>
         <lpage>1442</lpage>
         <self-uri xlink:href="http://www.jstor.org/stable/25148442"/>
         <abstract>
            <p>Background: Chemical carcinogenesis bioassays in animals have long been recognized and accepted as valid predictors of potential cancer hazards to humans. Most rodent bioassays begin several weeks after birth and expose animals to chemicals or other substances, including workplace and environmental pollutants, for 2 years. New findings indicate the need to extend the timing and duration of exposures used in the rodent bioassay. Objectives: In this Commentary, we propose that the sensitivity of chemical carcinogenesis bioassays would be enhanced by exposing rodents beginning in utero and continuing for 30 months (130 weeks) or until their natural deaths at up to about 3 years. Discussion: Studies of three chemicals of different structures and uses-aspartame, cadmium, and toluene-suggest that exposing experimental animals in utero and continuing exposure for 30 months or until their natural deaths increase the sensitivity of bioassays, avoid false-negative results, and strengthen the value and validity of results for regulatory agencies. Conclusions: Government agencies, drug companies, and the chemical industry should conduct and compare the results of 2-year bioassays of known carcinogens or chemicals for which there is equivocal evidence of carcinogenicity with longer-term studies, with and without in utero exposure. If studies longer than 2 years and/or with in utero exposure are found to better identify potential human carcinogens, then regulatory agencies should promptly revise their testing guidelines, which were established in the 1960s and early 1970s. Changing the timing and dosing of the animal bioassay would enhance protection of workers and consumers who are exposed to potentially dangerous workplace or home contaminants, pollutants, drugs, food additives, and other chemicals throughout their lives.</p>
         </abstract>
         <kwd-group>
            <kwd>Animal cancer tests</kwd>
            <kwd>Aspartame</kwd>
            <kwd>Bioassay designs</kwd>
            <kwd>Bisphenol A</kwd>
            <kwd>Cadmium</kwd>
            <kwd>Carcinogenicity</kwd>
            <kwd>Chemical carcinogens</kwd>
            <kwd>Genistein</kwd>
            <kwd>Toluene</kwd>
            <kwd>Toxicology</kwd>
         </kwd-group>
         <custom-meta-group>
            <custom-meta>
               <meta-name>lang</meta-name>
               <meta-value>eng</meta-value>
            </custom-meta>
         </custom-meta-group>
      </article-meta>
   </front>
   <back>
      <ref-list>
         <title>References</title>
         <ref id="d6338e195a1310">
            <mixed-citation id="d6338e199" publication-type="other">
Abdo KM, Camargo CA Jr, Davis D, Egilman D, Epstein SS,
Froines J, et al. 2007. Letter to U.S. FDA commissioner.
Questions about the safety of the artificial sweetener
aspartame [Letter]. Int J Occup Environ Health 13:449-450.</mixed-citation>
         </ref>
         <ref id="d6338e215a1310">
            <mixed-citation id="d6338e219" publication-type="other">
Abdo KM, Kari FW. 1996. The sensitivity of the NTP bioassay
for carcinogen hazard evaluation can be modulated by
dietary restriction. Exp Toxicol Pathol 48(2-3): 129-137.</mixed-citation>
         </ref>
         <ref id="d6338e232a1310">
            <mixed-citation id="d6338e236" publication-type="other">
Belpoggi F, Soffritti M, Padovani M, Degli Esposti D, Lauriola M,
Minardi F. 2006. Results of long-term carcinogenicity bio-
assay on Sprague-Dawley rats exposed to aspartame
administered in feed. Ann NY Acad Sci 1076:559-577.</mixed-citation>
         </ref>
         <ref id="d6338e252a1310">
            <mixed-citation id="d6338e256" publication-type="other">
Bucher JR. 2002. The National Toxicology Program rodent
bioassay: designs, interpretations, and scientific contribu-
tions. Ann NY Acad Sci 982:198-207.</mixed-citation>
         </ref>
         <ref id="d6338e270a1310">
            <mixed-citation id="d6338e274" publication-type="other">
Committee on Toxicity Testing and Assessment of Environmental
Agents, Board on Environmental Studies and Toxicology,
National Research Council. 2007. Toxicity Testing in the
Twenty-First Century: A Vision and a Strategy. Washington,
DC:National Academies Press.</mixed-citation>
         </ref>
         <ref id="d6338e293a1310">
            <mixed-citation id="d6338e297" publication-type="other">
Dairkee SH, Seok J, Champion S, Sayeed A, Mindrinos M,
Xiao W, et al. 2008. Bisphenol A induces a profile of tumor
aggressiveness in high-risk cells from breast cancer
patients. Cancer Res 68:2076-2080.</mixed-citation>
         </ref>
         <ref id="d6338e313a1310">
            <mixed-citation id="d6338e317" publication-type="other">
Davies TS, Lynch BS, Monro AM, Munro IC, Nestmann ER.
2000. Rodent carcinogenicity tests need be no longer than
18 months: an analysis based on 210 chemicals in the
IARC Monographs. Food Chem Toxicol 38:219-235.</mixed-citation>
         </ref>
         <ref id="d6338e333a1310">
            <mixed-citation id="d6338e337" publication-type="other">
Davis DL 2007. The Secret History of the War on Cancer. New
York:Basic Books.</mixed-citation>
         </ref>
         <ref id="d6338e347a1310">
            <mixed-citation id="d6338e351" publication-type="other">
Davis DL, Friedler G, Mattison D, Morris R. 1992. Male-mediated
teratogenesis and other reproductive effects: biologic and
epidemiologic findings and a plea for clinical research.
Reprod Toxicol 6:289-292.</mixed-citation>
         </ref>
         <ref id="d6338e367a1310">
            <mixed-citation id="d6338e371" publication-type="other">
Dolinoy DC, Huang D, Jirtle RL 2007. Maternal nutrient supple-
mentation counteracts bisphenol A-induced DNA
hypomethylation in early development. Proc Nati Acad Sei
USA 104:13056-13061.</mixed-citation>
         </ref>
         <ref id="d6338e388a1310">
            <mixed-citation id="d6338e392" publication-type="other">
FDA (Food and Drug Administration). 2006. Toxicological
Principles for the Safety Assessment of Food Ingredients.
Available: http://www.cfsan.fda.gov/~redbook/red-ivc6.html
[accessed 24 January 2008].</mixed-citation>
         </ref>
         <ref id="d6338e408a1310">
            <mixed-citation id="d6338e412" publication-type="other">
Haseman J, Melnick R, Tomatis L, Huff J. 2001. Carcinogenesis
bioassays: study duration and biological relevance. Food
Chem Toxicol 39:739-744.</mixed-citation>
         </ref>
         <ref id="d6338e425a1310">
            <mixed-citation id="d6338e429" publication-type="other">
Herbst AL, Ulfelder H, Poskanzer DC. 1971. Adenocarcinoma of
the vagina. Association of maternal stilbestrol therapy
with tumor appearance in young women. N Engl J Med
284:878-881.</mixed-citation>
         </ref>
         <ref id="d6338e445a1310">
            <mixed-citation id="d6338e449" publication-type="other">
Huff J. 1996. Chemically induced cancers in hormonal organs
of laboratory animals and of humans. Prog Clin Biol Res
394:77-102.</mixed-citation>
         </ref>
         <ref id="d6338e462a1310">
            <mixed-citation id="d6338e466" publication-type="other">
Huff J. 1999. Value, validity, and historical development of car-
cinogenesis studies for predicting and confirming carcino-
genic risks to humans. In: Carcinogenicity Testing,
Predicting, and Interpreting Chemical Effects (Kitchin KT,
ed). NewYork:Marcel Dekker, 21-123.</mixed-citation>
         </ref>
         <ref id="d6338e485a1310">
            <mixed-citation id="d6338e489" publication-type="other">
Huff J. 2001. Carcinogenicity of bisphenol-A in Fischer rats and
B6C3F1 mice. Odontology 89:12-20.</mixed-citation>
         </ref>
         <ref id="d6338e500a1310">
            <mixed-citation id="d6338e504" publication-type="other">
Huff J. 2002. Chemicals studied and evaluated in long-term car-
cinogenesis bioassays by both the Ramazzini Foundation
and the National Toxicology Program: in tribute to Cesare
Maltoni and David Rail. Ann NY Acad Sci 982:208-230.</mixed-citation>
         </ref>
         <ref id="d6338e520a1310">
            <mixed-citation id="d6338e524" publication-type="other">
Huff J. 2003. Absence of carcinogenic activity in Fischer rats
and B6C3F1 mice following 103-week inhalation exposures
to toluene. Int J Occup Environ Health 9:138-146.</mixed-citation>
         </ref>
         <ref id="d6338e537a1310">
            <mixed-citation id="d6338e541" publication-type="other">
Huff J, Boyd J, Barrett JC. 1996. Hormonal carcinogenesis and
environmental influences: background and overview. Prog
Clin Biol Res 394:3-23.</mixed-citation>
         </ref>
         <ref id="d6338e554a1310">
            <mixed-citation id="d6338e558" publication-type="other">
Huff J, LaDou J. 2007. Aspartame bioassay findings portend
human cancer hazards. Int J Occup Environ Health
13:446-448.</mixed-citation>
         </ref>
         <ref id="d6338e571a1310">
            <mixed-citation id="d6338e575" publication-type="other">
Huff J, Lunn RM, Waalkes MP, Tomatis L, Infante PF. 2007.
Cadmium-induced cancers in animals and in humans. Int J
Occup Environ Health 13:202-212.</mixed-citation>
         </ref>
         <ref id="d6338e588a1310">
            <mixed-citation id="d6338e592" publication-type="other">
Huff J, Moore JA. 1984. Carcinogenesis studies design and
experimental data interpretation/evaluation at the National
Toxicology Program. Prog Clin Biol Res 141:43-64.</mixed-citation>
         </ref>
         <ref id="d6338e606a1310">
            <mixed-citation id="d6338e610" publication-type="other">
Ishii H, Koshimizu T, Usami S, Fujimoto T. 1981. Toxicity of
aspartame and its diketopiperazine for Wistar rats by
dietary administration for 104 weeks. Toxicology 21:91-94.</mixed-citation>
         </ref>
         <ref id="d6338e623a1310">
            <mixed-citation id="d6338e629" publication-type="other">
Kodell RL, Lin KK, Thorn BT, Chen JJ. 2000. Bioassays of
shortened duration for drugs: statistical implications.
Toxicol Sci 55:415-432.</mixed-citation>
         </ref>
         <ref id="d6338e642a1310">
            <mixed-citation id="d6338e646" publication-type="other">
Löser E. 1980. A 2 year oral carcinogenicity study with cadmium
on rats. Cancer Lett 9:191-198.</mixed-citation>
         </ref>
         <ref id="d6338e656a1310">
            <mixed-citation id="d6338e660" publication-type="other">
Maltoni C. 1995. The contribution of experimental (animal) studies
to the control of industrial carcinogenesis. Appl Occup
Environ Hyg 10:749-760.</mixed-citation>
         </ref>
         <ref id="d6338e673a1310">
            <mixed-citation id="d6338e677" publication-type="other">
Newbold RR, Banks EP, Bullock B, Jefferson WN. 2001. Uterine
adenocarcinoma in mice treated neonatally with genistein.
Cancer Res 61:4325-4328.</mixed-citation>
         </ref>
         <ref id="d6338e690a1310">
            <mixed-citation id="d6338e694" publication-type="other">
Newbold RR, McLachlan JA. 1982. Vaginal adenosis and adeno-
carcinoma in mice exposed prenatally or neonatally to
diethylstilbestrol. Cancer Res 42:2003-2011.</mixed-citation>
         </ref>
         <ref id="d6338e708a1310">
            <mixed-citation id="d6338e712" publication-type="other">
NTP. 1992. Toxicology and Carcinogenesis Studies of Ethylene
Thiourea (CAS No. 96-45-7) in F344 Rats and B6C3F1 Mice
(Feed Studies). Technical Report 388. Research Triangle
Park, NC:National Toxicology Program.</mixed-citation>
         </ref>
         <ref id="d6338e728a1310">
            <mixed-citation id="d6338e732" publication-type="other">
NTP. 1993a. Perinatal Toxicology and Carcinogenesis Studies of
5,5-Diphenylhydantoin (Phenytoin) (CAS No. 57-41-0) in
F344/N Rats and B6C3F1 Mice (Feed Studies). Technical
Report 404. Research Triangle Park, NC:National Toxicology
Program.</mixed-citation>
         </ref>
         <ref id="d6338e751a1310">
            <mixed-citation id="d6338e755" publication-type="other">
NTP. 1993b. Toxicology and Carcinogenesis Studies of
Polybrominated Biphenyls (CAS No. 67774-32-7) (Firemaster
FF-1) in F344/N Rats and B6C3F1 Mice (Feed Studies).
Research Triangle Park, NC:National Toxicology Program.</mixed-citation>
         </ref>
         <ref id="d6338e771a1310">
            <mixed-citation id="d6338e775" publication-type="other">
NTP. 1997a. Toxicology and Carcinogenesis Studies of
t-Butylhydroquinone (CAS No. 1948-33-0) in F344/N Rats
and B6C3F(1) Mice (Feed Studies). Technical Report 459.
Research Triangle Park, NC:National Toxicology Program.</mixed-citation>
         </ref>
         <ref id="d6338e791a1310">
            <mixed-citation id="d6338e795" publication-type="other">
NTP. 1997b. Toxicology and Carcinogenesis Studies of D&amp;amp;C
Yellow No. 11 (CAS No. 8003-22-3) in F344/N Rats (Feed
Studies). Technical Report 463. Research Triangle Park,
NC:National Toxicology Program.</mixed-citation>
         </ref>
         <ref id="d6338e811a1310">
            <mixed-citation id="d6338e815" publication-type="other">
NTP. 2006. Toxicology and Carcinogenesis Studies of
Transplacental AZT (CAS No. 30516-87-1) in Swiss (CD-1)
Mice (in Utero Studies). Technical Report 522. Research
Triangle Park, NC:National Toxicology Program.</mixed-citation>
         </ref>
         <ref id="d6338e832a1310">
            <mixed-citation id="d6338e836" publication-type="other">
NTP. 2007. Toxicology and Carcinogenesis Study of Genistein
(CAS No. 446-72-0) in Sprague-Dawley Rats (Feed Study).
Technical Report 545. Research Triangle Park, NC:National
Toxicology Program.</mixed-citation>
         </ref>
         <ref id="d6338e852a1310">
            <mixed-citation id="d6338e856" publication-type="other">
Palmer JR, Wise LA, Hatch EE, Troisi R, Titus-Ernstoff L,
Strohsnitter W, et al. 2006. Prenatal diethylstilbestrol expo-
sure and risk of breast cancer. Cancer Epidemiol
Biomarkers Prev 15:1509-1514.</mixed-citation>
         </ref>
         <ref id="d6338e872a1310">
            <mixed-citation id="d6338e876" publication-type="other">
Palmlund I.1996. Exposure to a xenoestrogen before birth: the
diethylstilbestrol experience. J Psychosom Obstet
Gynaecol 17:71-84.</mixed-citation>
         </ref>
         <ref id="d6338e889a1310">
            <mixed-citation id="d6338e893" publication-type="other">
Rall DP. 2000. Laboratory animal tests and human cancer. Drug
Metab Rev 32:119-128.</mixed-citation>
         </ref>
         <ref id="d6338e903a1310">
            <mixed-citation id="d6338e907" publication-type="other">
Soffritti M, Belpoggi F, Degli Esposti D, Lambertini L, Tibaldi E,
Rigano A. 2006. First experimental demonstration of the
multipotential carcinogenic effects of aspartame adminis-
tered in the feed to Sprague-Dawley rats. Environ Health
Perspect 114:379-385.</mixed-citation>
         </ref>
         <ref id="d6338e926a1310">
            <mixed-citation id="d6338e930" publication-type="other">
Soffritti M, Belpoggi F, Minardi F, Maltoni C. 2002. Ramazzini
Foundation cancer program: history and major projects,
life-span carcinogenicity bioassay design, chemicals
studied, and results. Ann NY Acad Sci 982:26-45.</mixed-citation>
         </ref>
         <ref id="d6338e947a1310">
            <mixed-citation id="d6338e951" publication-type="other">
Soffritti M, Belpoggi F, Padovani M, Lauriola M, Degli Esposti D,
Minardi F. 2004. Life-time carcinogenicity bioassays of
toluene given by stomach tube to Sprague-Dawley rats.
EurJ Oncol 9:91-102.</mixed-citation>
         </ref>
         <ref id="d6338e967a1310">
            <mixed-citation id="d6338e971" publication-type="other">
Soffritti M, Belpoggi F, Tibaldi E, Esposti DD, Lauriola M. 2007.
Life-span exposure to low doses of aspartame beginning
during prenatal life increases cancer effects in rats.
Environ Health Perspect 115:1293-1297.</mixed-citation>
         </ref>
         <ref id="d6338e987a1310">
            <mixed-citation id="d6338e991" publication-type="other">
Solleveld HA, McConnell EE. 1985. The value and significance
of life span and scheduled termination data in long-term
toxicity and carcinogenesis studies. Toxicol Pathol
13:128-134.</mixed-citation>
         </ref>
         <ref id="d6338e1007a1310">
            <mixed-citation id="d6338e1011" publication-type="other">
Soto AM, Maffini MV, Sonnenschein C. Neoplasia as develop-
ment gone awry: the role of endocrine disruptors. Int J
Androl 31:288-293.</mixed-citation>
         </ref>
         <ref id="d6338e1024a1310">
            <mixed-citation id="d6338e1028" publication-type="other">
Sugiura-Ogasawara M, Ozaki Y, Sonta S, Makino T,
Suzumori K. 2005. Exposure to bisphenol A is associated
with recurrent miscarriage. Hum Reprod 20:2325-2329.</mixed-citation>
         </ref>
         <ref id="d6338e1041a1310">
            <mixed-citation id="d6338e1045" publication-type="other">
Takenaka S, Oldiges H, Konig H, Hochrainer D, Oberdorster G.
1983. Carcinogenicity of cadmium chloride aerosols in W
rats. J Natl Cancer Inst 70:367-373.</mixed-citation>
         </ref>
         <ref id="d6338e1059a1310">
            <mixed-citation id="d6338e1063" publication-type="other">
Thayer KA, Foster PM. 2007.Workgroup report: National
Toxicology Program workshop: hormonally induced repro-
ductive tumors—relevance of rodent bioassays. Environ
Health Perspect 115:1351-1356.</mixed-citation>
         </ref>
         <ref id="d6338e1079a1310">
            <mixed-citation id="d6338e1083" publication-type="other">
Tomatis L 2006. Identification of carcinogenic agents and pri-
mary prevention of cancer. Ann NY Acad Sci 1076:1-14.</mixed-citation>
         </ref>
         <ref id="d6338e1093a1310">
            <mixed-citation id="d6338e1097" publication-type="other">
Tomatis L, Huff J. 2002. Evolution of research on cancer etiol-
ogy. In: The Molecular Basis of Human Cancer: Genomic
Instability and Molecular Mutation in Neoplastic
Transformation (Coleman WB, Tsongalis GJ, eds). Totowa,
NJ:Humana Press, 189-201.</mixed-citation>
         </ref>
         <ref id="d6338e1116a1310">
            <mixed-citation id="d6338e1120" publication-type="other">
Tomatis L, Narod S, Yamasaki H. 1992. Transgeneration trans-
mission of carcinogenic risk. Carcinogenesis 13:145-151.</mixed-citation>
         </ref>
         <ref id="d6338e1130a1310">
            <mixed-citation id="d6338e1134" publication-type="other">
Weisburger EK. 1983. History of the Bioassay Program of the
National Cancer Institute. Prog Exp Tumor Res 26:187-201.</mixed-citation>
         </ref>
         <ref id="d6338e1144a1310">
            <mixed-citation id="d6338e1148" publication-type="other">
Yamasaki H, Loktionov A, Tomatis L. 1992. Perinatal and multi-
generational effect of carcinogens: possible contribution
to determination of cancer susceptibility. Environ Health
Perspect 98:39-43.</mixed-citation>
         </ref>
      </ref-list>
   </back>
</article>
