<article dtd-version="1.0" article-type="research-article">
   <front>
      <journal-meta>
         <journal-id xmlns:xlink="http://www.w3.org/1999/xlink" journal-id-type="jstor">envihealpers</journal-id>
         <journal-id xmlns:xlink="http://www.w3.org/1999/xlink" journal-id-type="jstor">j100482</journal-id>
         <journal-title-group xmlns:xlink="http://www.w3.org/1999/xlink">
            <journal-title>Environmental Health Perspectives</journal-title>
         </journal-title-group>
         <publisher>
            <publisher-name>National Institute of Environmental Health Sciences. National Institutes of Health. Department of Health, Education and Welfare</publisher-name>
         </publisher>
         <issn xmlns:xlink="http://www.w3.org/1999/xlink" pub-type="ppub">00916765</issn>
      </journal-meta>
      <article-meta>
         <article-id xmlns:xlink="http://www.w3.org/1999/xlink" pub-id-type="jstor">25165523</article-id>
         <article-id pub-id-type="pub-doi">10.1289/ehp.11438</article-id>
         <article-categories>
            <subj-group>
               <subject>Research</subject>
            </subj-group>
         </article-categories>
         <title-group>
            <article-title>Inhalative Exposure to Vanadium Pentoxide Causes DNA Damage in Workers: Results of a Multiple End Point Study</article-title>
         </title-group>
         <contrib-group>
            <contrib>
               <string-name xmlns:xlink="http://www.w3.org/1999/xlink">
                  <given-names>Veronika A.</given-names>
                  <surname>Ehrlich</surname>
               </string-name>
            </contrib>
            <contrib>
               <string-name xmlns:xlink="http://www.w3.org/1999/xlink">
                  <given-names>Armen K.</given-names>
                  <surname>Nersesyan</surname>
               </string-name>
            </contrib>
            <contrib>
               <string-name xmlns:xlink="http://www.w3.org/1999/xlink">
                  <given-names>Christine</given-names>
                  <surname>Hoelzl</surname>
               </string-name>
            </contrib>
            <contrib>
               <string-name xmlns:xlink="http://www.w3.org/1999/xlink">
                  <given-names>Franziska</given-names>
                  <surname>Ferk</surname>
               </string-name>
            </contrib>
            <contrib>
               <string-name xmlns:xlink="http://www.w3.org/1999/xlink">
                  <given-names>Julia</given-names>
                  <surname>Bichler</surname>
               </string-name>
            </contrib>
            <contrib>
               <string-name xmlns:xlink="http://www.w3.org/1999/xlink">
                  <given-names>Eva</given-names>
                  <surname>Valic</surname>
               </string-name>
            </contrib>
            <contrib>
               <string-name xmlns:xlink="http://www.w3.org/1999/xlink">
                  <given-names>Andreas</given-names>
                  <surname>Schaffer</surname>
               </string-name>
            </contrib>
            <contrib>
               <string-name xmlns:xlink="http://www.w3.org/1999/xlink">
                  <given-names>Rolf</given-names>
                  <surname>Schulte-Hermann</surname>
               </string-name>
            </contrib>
            <contrib>
               <string-name xmlns:xlink="http://www.w3.org/1999/xlink">
                  <given-names>Michael</given-names>
                  <surname>Fenech</surname>
               </string-name>
            </contrib>
            <contrib>
               <string-name xmlns:xlink="http://www.w3.org/1999/xlink">
                  <given-names>Karl-Heinz</given-names>
                  <surname>Wagner</surname>
               </string-name>
            </contrib>
            <contrib>
               <string-name xmlns:xlink="http://www.w3.org/1999/xlink">
                  <given-names>Siegfried</given-names>
                  <surname>Knasmüller</surname>
               </string-name>
            </contrib>
         </contrib-group>
         <pub-date xmlns:xlink="http://www.w3.org/1999/xlink">
            <day>1</day>
            <month>12</month>
            <year>2008</year>
         </pub-date>
         <volume>116</volume>
         <issue>12</issue>
         <issue-id xmlns:xlink="http://www.w3.org/1999/xlink">i25165491</issue-id>
         <fpage>1689</fpage>
         <lpage>1693</lpage>
         <self-uri xmlns:xlink="http://www.w3.org/1999/xlink"
                   xlink:href="http://www.jstor.org/stable/25165523"/>
         <abstract>
            <p>Background: Inhalative exposure to vanadium pentoxide (V₂O₅) causes lung cancer in rodents. Objective: The aim of the study was to investigate the impact of V₂O₅ on DNA stability in workers from a V₂O₅ factory. Methods: We determined DNA strand breaks in leukocytes of 52 workers and controls using the alkaline comet assay. We also investigated different parameters of chromosomal instability in lymphocytes of 23 workers and 24 controls using the cytokinesis-block micronucleus (MN) cytome method. Results: Seven of eight biomarkers were increased in blood cells of the workers, and vanadium plasma concentrations in plasma were 7-fold higher than in the controls (0.31 μg/L). We observed no difference in DNA migration under standard conditions, but we found increased tail lengths due to formation of oxidized purines (7%) and pyrimidines (30%) with lesion-specific enzymes (formamidopyrimidine glycosylase and endonuclease III) in the workers. Bleomycin-induced DNA migration was higher in the exposed group (25%), whereas the repair of bleomycin-induced lesions was reduced. Workers had a 2.5-fold higher MN frequency, and nucleoplasmic bridges (NPBs) and nuclear buds (Nbuds) were increased 7-fold and 3-fold, respectively. Also, apoptosis and necrosis rates were higher, but only the latter parameter reached statistical significance. Conclusions: V₂O₅ causes oxidation of DNA bases, affects DNA repair, and induces formation of MNs, NPBs, and Nbuds in blood cells, suggesting that the workers are at increased risk for cancer and other diseases that are related to DNA instability.</p>
         </abstract>
         <kwd-group>
            <kwd>Comet assay</kwd>
            <kwd>Cytokinesis-block micronucleus assay</kwd>
            <kwd>DNA damage</kwd>
            <kwd>Occupational exposure</kwd>
            <kwd>Vanadium pentoxide</kwd>
         </kwd-group>
         <custom-meta-group xmlns:xlink="http://www.w3.org/1999/xlink">
            <custom-meta>
               <meta-name>lang</meta-name>
               <meta-value>eng</meta-value>
            </custom-meta>
         </custom-meta-group>
      </article-meta>
   </front>
   <back>
      <ref-list>
         <title>References</title>
         <ref id="d3195e273a1310">
            <mixed-citation id="d3195e277" publication-type="other">
Altamirano-Lozano M, Alvarez-Barrera L, Basurto-Alcantara F,
Valverde M, Rojas E. 1996. Reprotoxic and genotoxic studies
of vanadium pentoxide in male mice. Teratog Carcinog
Mutagen 16(1)7-17.</mixed-citation>
         </ref>
         <ref id="d3195e293a1310">
            <mixed-citation id="d3195e297" publication-type="other">
Altamirano-Lozano M, Valverde M, Alvarez-Barrera L,
Molina B, Rojas E. 1999. Genotoxic studies of vanadium
pentoxide (V2O5) in male mice. II. Effects in several mouse
tissues. Teratog Carcinog Mutagen 19(4):243-255.</mixed-citation>
         </ref>
         <ref id="d3195e313a1310">
            <mixed-citation id="d3195e317" publication-type="other">
Au A, Ha J, Hernandez M, Polotsky A, Hungerford DS,
Frondoza CG. 2006. Nickel and vanadium metal ions induce
apoptosis of T-lymphocyte Jurkat cells. J Biomed Mater
Res A 79(3):512-521.</mixed-citation>
         </ref>
         <ref id="d3195e333a1310">
            <mixed-citation id="d3195e337" publication-type="other">
Barceloux DG. 1999. Vanadium. J Toxicol Clin Toxicol 37(2):265-278.</mixed-citation>
         </ref>
         <ref id="d3195e345a1310">
            <mixed-citation id="d3195e351" publication-type="other">
Bichler J, Cavin C, Simic T, Chakraborty A, Ferk F, Hoelzl C, et al.
2007. Coffee consumption protects human lymphocytes
against oxidative and 3-amino-1-methyl-5h-pyrido[4,3-
bjindole acetate (trp-p-2) induced DNA-damage: results of
an experimental study with human volunteers. Food Chem
Toxicol 45(8):1428-1436.</mixed-citation>
         </ref>
         <ref id="d3195e374a1310">
            <mixed-citation id="d3195e378" publication-type="other">
Bonassi S, Neri M, Lando C, Ceppi M, Lin YP, Chang WP, et al.
2003. Effect of smoking habit on the frequency of micro-
nuclei in human lymphocytes: results from the human
micronucleus project. Mutat Res 543(2): 155-166.</mixed-citation>
         </ref>
         <ref id="d3195e394a1310">
            <mixed-citation id="d3195e398" publication-type="other">
Bonassi S, Znaor A, Ceppi M, Lando C, Chang WP, Holland N,
et al. 2007. An increased micronucleus frequency in
peripheral blood lymphocytes predicts the risk of cancer
in humans. Carcinogenesis 28(3):625-631.</mixed-citation>
         </ref>
         <ref id="d3195e414a1310">
            <mixed-citation id="d3195e418" publication-type="other">
Bundesminister für Wirtschaft und Arbeit. 2003. 184.
Verordnung: Änderung der Grenzwerteverordnung 2001 [in
German]. Public Law 755-813. Available: http://www.ris.
bka.gv.at/tawebcgi/taweb?x=d&amp;amp;o=r&amp;amp;v=bgblpdf&amp;amp;d=BGBLP
DF&amp;amp;i=3851&amp;amp;p=2 [accessed 5 November 2008].</mixed-citation>
         </ref>
         <ref id="d3195e437a1310">
            <mixed-citation id="d3195e441" publication-type="other">
Buschini A, Alessandrini C, Martino A, Pasini L, Rizzoli V, Carlo-
Stella C, et al. 2002. Bleomycin genotoxicity and amifostine
(WR-2721) cell protection in normal leukocytes vs. K562
tumoral cells. Biochem Pharmacol 63(5):967-975.</mixed-citation>
         </ref>
         <ref id="d3195e457a1310">
            <mixed-citation id="d3195e461" publication-type="other">
Chien PS, Mak OT, Huang HJ. 2006. Induction of COX-2 protein
expression by vanadate in A549 human lung carcinoma
cell line through EGF receptor and p38 MAPK-mediated
pathway. Biochem Biophys Res Commun 339(2):562-568.</mixed-citation>
         </ref>
         <ref id="d3195e478a1310">
            <mixed-citation id="d3195e482" publication-type="other">
Choi YJ, Lim SY, Woo JH, Kim YH, Kwon YK, Suh SI, et al. 2003.
Sodium orthovanadate potentiates EGCG-induced apoptosis
that is dependent on the ERK pathway. Biochem Biophys
Res Commun 305(1): 176-185.</mixed-citation>
         </ref>
         <ref id="d3195e498a1310">
            <mixed-citation id="d3195e502" publication-type="other">
Collins AR, Duthie SJ, Dobson VL 1993. Direct enzymic detection
of endogenous oxidative base damage in human lympho-
cyte DNA. Carcinogenesis 14(9): 1733-1735.</mixed-citation>
         </ref>
         <ref id="d3195e515a1310">
            <mixed-citation id="d3195e519" publication-type="other">
DFG (Deutsche Forschungsgemeinschaft), Senate Commission.
2006. Vanadium Pentoxide—Occupational Toxicants and
MAK Values. Weinheim, Germany:Wiley.</mixed-citation>
         </ref>
         <ref id="d3195e532a1310">
            <mixed-citation id="d3195e536" publication-type="other">
Donaldson J, Hemming R, LaBella F. 1985. Vanadium exposure
enhances lipid peroxidation in the kidney of rats and mice.
Can J Physiol Pharmacol 63(3):196-199.</mixed-citation>
         </ref>
         <ref id="d3195e549a1310">
            <mixed-citation id="d3195e553" publication-type="other">
Duesberg P, Li R, Fabarius A, Hehlmann R. 2005. The chromo-
somal basis of cancer. Cell Oncol 27(5-6):293-318.</mixed-citation>
         </ref>
         <ref id="d3195e563a1310">
            <mixed-citation id="d3195e567" publication-type="other">
El-Zein RA, Schabath MB, Etzel CJ, Lopez MS, Franklin JD,
Spitz MR. 2006. Cytokinesis-blocked micronucleus assay
as a novel biomarker for lung cancer risk. Cancer Res
66(12):6449-6456.</mixed-citation>
         </ref>
         <ref id="d3195e584a1310">
            <mixed-citation id="d3195e588" publication-type="other">
Fenech M. 2006. Cytokinesis-block micronucleus assay evolves
into a "cytome" assay of chromosomal instability, mitotic
dysfunction and cell death. Mutat Res 600(1-2):58-66.</mixed-citation>
         </ref>
         <ref id="d3195e601a1310">
            <mixed-citation id="d3195e605" publication-type="other">
Fenech M. 2007. Cytokinesis-block micronucleus cytome
assay. Nat Protoc 2(5): 1084-1104.</mixed-citation>
         </ref>
         <ref id="d3195e615a1310">
            <mixed-citation id="d3195e619" publication-type="other">
Fenech M, Chang WP, Kirsch-Volders M, Holland N, Bonassi S,
Zeiger E. 2003. HUMN project: detailed description of the
scoring criteria for the cytokinesis-block micronucleus
assay using isolated human lymphocyte cultures. Mutat Res
534(1-2):65-75.</mixed-citation>
         </ref>
         <ref id="d3195e638a1310">
            <mixed-citation id="d3195e642" publication-type="other">
Fenech M, Dreosti IE, Rinaldi JR. 1997. Folate, vitamin B12, homo-
cysteine status and chromosome damage rate in lympho-
cytes of older men. Carcinogenesis 18(7):1329-1336.</mixed-citation>
         </ref>
         <ref id="d3195e655a1310">
            <mixed-citation id="d3195e659" publication-type="other">
Fenech M, Morley AA. 1985. Measurement of micronuclei in
lymphocytes. Mutat Res 147(1-2):29-36.</mixed-citation>
         </ref>
         <ref id="d3195e669a1310">
            <mixed-citation id="d3195e673" publication-type="other">
Galli A, Vellosi R, Fiorio R, Delia Croce C, Del Carratore R,
Morichetti E, et al. 1991. Genotoxicity of vanadium com-
pounds in yeast and cultured mammalian cells. Teratog
Carcinog Mutagen 11(4):175-183.</mixed-citation>
         </ref>
         <ref id="d3195e690a1310">
            <mixed-citation id="d3195e694" publication-type="other">
Grossi S, Sumberaz A, Gosmar M, Mattioli F, Testino G,
Martelli A. 2008. DNA damage in peripheral blood lympho-
cytes of patients with cirrhosis related to alcohol abuse or
to hepatitis B and C viruses. Eur J Gastroenterol Hepatol
20(1):22-25.</mixed-citation>
         </ref>
         <ref id="d3195e713a1310">
            <mixed-citation id="d3195e717" publication-type="other">
Helma C, Uhl M. 2000. A public domain image-analysis program
for the single-cell gel-electrophoresis (comet) assay.
MutatRes466(1):9-15.</mixed-citation>
         </ref>
         <ref id="d3195e730a1310">
            <mixed-citation id="d3195e734" publication-type="other">
Hoelzl C, Glatt H, Meint W, Sontag G, Haidinger G, Kundi M,
et al. 2008. Consumption of brussels sprouts protects
peripheral human lymphocytes against 2-amino-1-methyl-
6-phenylimidazo[4,5-b]pyridine (PHIP) and oxidative DNA-
damage: results of a controlled human intervention trial.
Mol Nutr Food Res 52(3):330-341.</mixed-citation>
         </ref>
         <ref id="d3195e757a1310">
            <mixed-citation id="d3195e761" publication-type="other">
Hsu TC, Johnston DA, Cherry LM, Ramkissoon D, Schantz SP,
Jessup JM, et al. 1989. Sensitivity to genotoxic effects of
bleomycin in humans: possible relationship to environmental
carcinogenesis. Int J Cancer 43(3):403-409.</mixed-citation>
         </ref>
         <ref id="d3195e777a1310">
            <mixed-citation id="d3195e781" publication-type="other">
Huang C, Zhang Z, Ding M, Li J, Ye J, Leonard SS, et al. 2000.
Vanadate induces p53 transactivation through hydrogen
peroxide and causes apoptosis. J Biol Chem 275(42):
32516-32522.</mixed-citation>
         </ref>
         <ref id="d3195e797a1310">
            <mixed-citation id="d3195e803" publication-type="other">
Human Micronucleus Project. 2008. International Collaborative
Project on Micronucleus Frequency in Human Populations.
Available: http://www.humn.org [accessed 3 November
2008].</mixed-citation>
         </ref>
         <ref id="d3195e820a1310">
            <mixed-citation id="d3195e824" publication-type="other">
IARC (International Agency for Research on Cancer). 2006.
Vanadium pentoxide. IARC Monogr Eval Carcinog Risks
Hum 86:227-292.</mixed-citation>
         </ref>
         <ref id="d3195e837a1310">
            <mixed-citation id="d3195e841" publication-type="other">
larmarcovai G, Sari-Minodier I, Orsiere T, De Meo M, Gallice P,
Bideau C, et al. 2006. A combined analysis of XRCC1, XRCC3,
GSTM1 and GSTT1 polymorphisms and centromere content
of micronuclei in welders. Mutagenesis 21 (2):159-165.</mixed-citation>
         </ref>
         <ref id="d3195e857a1310">
            <mixed-citation id="d3195e861" publication-type="other">
Ingram JL, Antao-Menezes A, Turpin EA, Wallace DG,
Mangum JB, Pluta LJ, et al. 2007. Genomic analysis of
human lung fibroblasts exposed to vanadium pentoxide to
identify candidate genes for occupational bronchitis. Respir
Res 8:34; doi:10.1186/1465-9921-8-34 [Online 25 April 2007].</mixed-citation>
         </ref>
         <ref id="d3195e880a1310">
            <mixed-citation id="d3195e884" publication-type="other">
Ingram JL, Rice AB, Santos J, Van Houten B, Bonner JC. 2003.
Vanadium-induced HB-EGF expression in human lung
fibroblasts is oxidant dependent and requires map kinases.
Am J Physiol Lung Cell Mol Physiol 284(5):L774-L782.</mixed-citation>
         </ref>
         <ref id="d3195e900a1310">
            <mixed-citation id="d3195e904" publication-type="other">
Ivancsits S, Pilger A, Diem E, Schaffer A, Rudiger HW. 2002.
Vanadate induces DNA strand breaks in cultured human
fibroblasts at doses relevant to occupational exposure.
Mutat Res 519(1-2):25-35.</mixed-citation>
         </ref>
         <ref id="d3195e920a1310">
            <mixed-citation id="d3195e924" publication-type="other">
Kleinsasser N, Dirschedl P, Staudenmaier R, Harreus U,
Wallner B. 2003. Genotoxic effects of vanadium pentoxide
on human peripheral lymphocytes and mucosal cells of
the upper aerodigestive tract. Int J Environ Health Res
13(4):373-379.</mixed-citation>
         </ref>
         <ref id="d3195e944a1310">
            <mixed-citation id="d3195e948" publication-type="other">
Lampronti I, Bianchi N, Borgatti M, Fabbri E, Vizziello L,
Khan MT, et al. 2005. Effects of vanadium complexes on
cell growth of human leukemia cells and protein-DNA
interactions. Oncol Rep 14(1 ):9-15.</mixed-citation>
         </ref>
         <ref id="d3195e964a1310">
            <mixed-citation id="d3195e968" publication-type="other">
Lener J, Kucera J, Kodl M, Skokanova V. 1998. Health effects of
environmental exposure to vanadium. In: Vanadium in the
Environment (Nriagu J, ed). New York:Wiley, 1-19.</mixed-citation>
         </ref>
         <ref id="d3195e981a1310">
            <mixed-citation id="d3195e985" publication-type="other">
Leopardi P, Villani P, Cordelli E, Siniscalchi E, Veschetti E,
Crebelli R. 2005. Assessment of the in vivo genotoxicity of
vanadate: analysis of micronuclei and DNA damage
induced in mice by oral exposure. Toxicol Lett 158(1):39-49.</mixed-citation>
         </ref>
         <ref id="d3195e1001a1310">
            <mixed-citation id="d3195e1005" publication-type="other">
Lindl T, Bauer J. 1994. Zeil- und Gewebekultur [in German].
Stuttgart, Germany:Gustav Fischer Verlag.</mixed-citation>
         </ref>
         <ref id="d3195e1015a1310">
            <mixed-citation id="d3195e1019" publication-type="other">
Luo J, Sun Y, Lin H, Qian Y, Li Z, Leonard SS, et al. 2003. Activation
of JNK by vanadate induces a FAS-associated death domain
(FADD)-dependent death of cerebellar granule progenitors
in vitro. J Biol Chem 278(7):4542-4551.</mixed-citation>
         </ref>
         <ref id="d3195e1035a1310">
            <mixed-citation id="d3195e1039" publication-type="other">
Majchrzak D, Singer I, Manner M, Rust P, Genser D, Wagner KH,
et al. 2006. B-vitamin status and concentrations of homo-
cysteine in Austrian omnivores, vegetarians and vegans.
Ann Nutr Metab 50(6):485-491.</mixed-citation>
         </ref>
         <ref id="d3195e1056a1310">
            <mixed-citation id="d3195e1060" publication-type="other">
Mateuca R, Aka PV, De Boeck M, Hauspie R, Kirsch-Volders M,
Lison D. 2005. Influence of H0GG1, XRCC1 and XRCC3 geno-
types on biomarkers of genotoxicity in workers exposed to
cobalt or hard metal dusts. Toxicol Lett 156(2):277-288.</mixed-citation>
         </ref>
         <ref id="d3195e1076a1310">
            <mixed-citation id="d3195e1080" publication-type="other">
Mateuca RA, Roelants M, larmarcovai G, Aka PV, Godderis L,
Tremp A, et al. 2008. H0GG1326, XRCC1399 and XRCC3241
polymorphisms influence micronucleus frequencies in
human lymphocytes in vivo. Mutagenesis 23(1):35-41.</mixed-citation>
         </ref>
         <ref id="d3195e1096a1310">
            <mixed-citation id="d3195e1100" publication-type="other">
Migliore L, Bocciardi R, Macri C, Lo Jacono F. 1993. Cytogenetic
damage induced in human lymphocytes by four vanadium
compounds and micronucleus analysis by fluorescence in
situ hybridization with a centromeric probe. Mutat Res
319(3):205-213.</mixed-citation>
         </ref>
         <ref id="d3195e1119a1310">
            <mixed-citation id="d3195e1123" publication-type="other">
Murgia E, Maggini V, Barale R, Rossi AM. 2007. Micronuclei,
genetic polymorphisms and cardiovascular disease mor-
tality in a nested case-control study in Italy. Mutat Res
621(1-2):113-118.</mixed-citation>
         </ref>
         <ref id="d3195e1139a1310">
            <mixed-citation id="d3195e1143" publication-type="other">
NTP. 2002. Toxicology and Carcinogenesis Studies of Vanadium
Pentoxide (CAS no. 1314-62-1) in F344/N Rats and B6C3F1
Mice (Inhalation Studies). Technical Report 507. Research
Triangle Park, NC:National Toxicology Program.</mixed-citation>
         </ref>
         <ref id="d3195e1159a1310">
            <mixed-citation id="d3195e1163" publication-type="other">
Occupational Safety and Health Administration. 2006. Chemical
Sampling Information: Vanadium Fume (as V205). Available:
http://www.osha.gov/dts/chemicalsampling/data/
CH_275000.html [accessed 31 October 2008].</mixed-citation>
         </ref>
         <ref id="d3195e1180a1310">
            <mixed-citation id="d3195e1184" publication-type="other">
Pitot HC. 1986. Oncogenes and human neoplasia. Clin Lab Med
6(1):167-179.</mixed-citation>
         </ref>
         <ref id="d3195e1194a1310">
            <mixed-citation id="d3195e1198" publication-type="other">
Plunkett ER. 1987. Handbook of Industrial Toxicology. New
York:Chemical Publishing Co, 563-664.</mixed-citation>
         </ref>
         <ref id="d3195e1208a1310">
            <mixed-citation id="d3195e1212" publication-type="other">
Rajaee-Behbahani N, Schmezer P, Risch A, Rittgen W, Kayser
KW, Dienemann H, et al. 2001. Altered DNA repair capacity
and bleomycin sensitivity as risk markers for non-small cell
lung cancer. Int J Cancer 95(2):86-91.</mixed-citation>
         </ref>
         <ref id="d3195e1228a1310">
            <mixed-citation id="d3195e1234" publication-type="other">
Ramirez P, Eastmond DA, Laclette JP, Ostrosky-Wegman P. 1997.
Disruption of microtubule assembly and spindle formation as
a mechanism for the induction of aneuploid cells by sodium
arsenite and vanadium pentoxide. Mutat Res 386(3):291-298.</mixed-citation>
         </ref>
         <ref id="d3195e1250a1310">
            <mixed-citation id="d3195e1254" publication-type="other">
Ray RS, Rana B, Swami B, Venu V, Chatterjee M. 2006.
Vanadium mediated apoptosis and cell cycle arrest in
MCF7 cell line. Chem Biol Interact 163(3):239-247.</mixed-citation>
         </ref>
         <ref id="d3195e1267a1310">
            <mixed-citation id="d3195e1271" publication-type="other">
Ress NB, Chou BJ, Renne RA, Dill JA, Miller RA, Roycroft JH,
et al. 2003. Carcinogenicity of inhaled vanadium pentoxide
in F344/N rats and B6C3F1 mice. Toxicol Sci 74(2):287-296.</mixed-citation>
         </ref>
         <ref id="d3195e1285a1310">
            <mixed-citation id="d3195e1289" publication-type="other">
Rojas E, Valverde M, Herrera LA, Altamirano-Lozano M,
Ostrosky-Wegman P. 1996. Genotoxicity of vanadium pen-
toxide evaluate by the single cell gel electrophoresis
assay in human lymphocytes. Mutat Res 359(2):77-84.</mixed-citation>
         </ref>
         <ref id="d3195e1305a1310">
            <mixed-citation id="d3195e1309" publication-type="other">
Roldan RE, Altamirano LM. 1990. Chromosomal aberrations,
sister-chromatid exchanges, cell-cycle kinetics and satel-
lite associations in human lymphocyte cultures exposed to
vanadium pentoxide. Mutat Res 245(2):61-65.</mixed-citation>
         </ref>
         <ref id="d3195e1325a1310">
            <mixed-citation id="d3195e1329" publication-type="other">
Schlade-Bartusiak K, Stembalska-Kozlowska A, Bernady M,
Kudyba M, Sasiadek M. 2002. Analysis of adaptive response
to bleomycin and mitomycin C. Mutat Res 513(1-2):75-81.</mixed-citation>
         </ref>
         <ref id="d3195e1342a1310">
            <mixed-citation id="d3195e1346" publication-type="other">
Schmezer P, Rajaee-Behbahani N, Risch A, Thiel S, Rittgen W,
Drings P, et al. 2001. Rapid screening assay for mutagen
sensitivity and DNA repair capacity in human peripheral
blood lymphocytes. Mutagenesis 16(1):25-30.</mixed-citation>
         </ref>
         <ref id="d3195e1362a1310">
            <mixed-citation id="d3195e1366" publication-type="other">
Shi X, Dalai NS. 1992. Hydroxyl radical generation in the
NADH/microsomal reduction of vanadate. Free Radie Res
Commun 17(6):369-376.</mixed-citation>
         </ref>
         <ref id="d3195e1379a1310">
            <mixed-citation id="d3195e1383" publication-type="other">
Shimizu N, Itoh N, Utiyama H, Wahl GM. 1998. Selective entrap-
ment of extrachromosomally amplified DNA by nuclear
budding and micronucleation during S phase. J Cell Biol
140(6):1307-1320.</mixed-citation>
         </ref>
         <ref id="d3195e1400a1310">
            <mixed-citation id="d3195e1404" publication-type="other">
Shimizu N, Shimura T, Tanaka T. 2000. Selective elimination of
acentric double minutes from cancer cells through the
extrusion of micronuclei. Mutat Res 448(1):81-90.</mixed-citation>
         </ref>
         <ref id="d3195e1417a1310">
            <mixed-citation id="d3195e1421" publication-type="other">
Steinkellner H, Hoelzl C, Uhl M, Cavin C, Haidinger G, Gsur A,
et al. 2005. Coffee consumption induces gstp in plasma and
protects lymphocytes against (+/-)-anti-benzo[a]pyrene-
7,8-dihydrodiol-9,10-epoxide induced DNA-damage: results
of controlled human intervention trials. Mutat Res
591(1-2):264-275.</mixed-citation>
         </ref>
         <ref id="d3195e1444a1310">
            <mixed-citation id="d3195e1448" publication-type="other">
Sun M. 1996. Toxicity of vanadium and its environmental health
standard. J Health Toxicol 10:25-31.</mixed-citation>
         </ref>
         <ref id="d3195e1458a1310">
            <mixed-citation id="d3195e1462" publication-type="other">
Szekely G, Remenar E, Kasler M, Gundy S. 2003. Does the
bleomycin sensitivity assay express cancer phenotype?
Mutagenesis 18(1):59-63.</mixed-citation>
         </ref>
         <ref id="d3195e1475a1310">
            <mixed-citation id="d3195e1479" publication-type="other">
Tice RR, Agurell E, Anderson D, Burlinson B, Hartmann A,
Kobayashi H, et al. 2000. Single cell gel/comet assay:
guidelines for in vitro and in vivo genetic toxicology testing.
Environ Mol Mutagen 35(3):206-221.</mixed-citation>
         </ref>
         <ref id="d3195e1495a1310">
            <mixed-citation id="d3195e1499" publication-type="other">
Undeger U, Basaran N. 2005. Effects of pesticides on human
peripheral lymphocytes in vitro: induction of DNA damage.
Arch Toxicol 79(3): 169-176.</mixed-citation>
         </ref>
         <ref id="d3195e1513a1310">
            <mixed-citation id="d3195e1517" publication-type="other">
Villani P, Cordelli E, Leopardi P, Siniscalchi E, Veschetti E,
Fresegna AM, et al. 2007. Evaluation of genotoxicity of oral
exposure to tetravalent vanadium in vivo. Toxicol Lett
170(1):11-18.</mixed-citation>
         </ref>
         <ref id="d3195e1533a1310">
            <mixed-citation id="d3195e1537" publication-type="other">
Wang YZ, Ingram JL, Walters DM, Rice AB, Santos JH, Van
Houten B, et al. 2003. Vanadium-induced STAT-1 activation
in lung myofibroblasts requires H202 and p38 map kinase.
Free Radie Biol Med 35(8):845-855.</mixed-citation>
         </ref>
         <ref id="d3195e1553a1310">
            <mixed-citation id="d3195e1557" publication-type="other">
Wei Z, Lifen J, Jiliang H, Jianlin L, Baohong W, Hongping D.
2005. Detecting DNA repair capacity of peripheral lympho-
cytes from cancer patients with UVC challenge test and
bleomycin challenge test. Mutagenesis 20(4):271-277.</mixed-citation>
         </ref>
         <ref id="d3195e1573a1310">
            <mixed-citation id="d3195e1577" publication-type="other">
Woolery M. 1997. Vanadium compounds. In: Kirk-Othmer
Encyclopedia of Chemical Technology (Kroschwitz Jl,
Howe-Grant M, eds). New YorWohn Wiley &amp;amp; Sons, 797-811.</mixed-citation>
         </ref>
         <ref id="d3195e1590a1310">
            <mixed-citation id="d3195e1594" publication-type="other">
Ye J, Ding M, Leonard SS, Robinson VA, Millecchia L, Zhang X,
et al. 1999. Vanadate induces apoptosis in epidermal JB6 P+
cells via hydrogen peroxide-mediated reactions. Mol Cell
Biochem 202(1-2):9-17.</mixed-citation>
         </ref>
         <ref id="d3195e1610a1310">
            <mixed-citation id="d3195e1614" publication-type="other">
Yoshida J, Kosaka H, Tomioka K, Kumagai S. 2006. Genotoxic
risks to nurses from contamination of the work environ-
ment with antineoplastic drugs in Japan. J Occup Health
48(6):517-522.</mixed-citation>
         </ref>
         <ref id="d3195e1631a1310">
            <mixed-citation id="d3195e1635" publication-type="other">
Zhang M, Chen Z, Chen Q, Zou H, Lou J, He J. 2008. Investigating
DNA damage in tannery workers occupationally exposed to
trivalent chromium using comet assay. Mutat Res 654:45-51.</mixed-citation>
         </ref>
         <ref id="d3195e1648a1310">
            <mixed-citation id="d3195e1652" publication-type="other">
Zhang Z, Huang C, Li J, Leonard SS, Lanciotti R, Butterworth L,
et al. 2001. Vanadate-induced cell growth regulation and
the role of reactive oxygen species. Arch Biochem
Biophys 392(2):311-320.</mixed-citation>
         </ref>
         <ref id="d3195e1668a1310">
            <mixed-citation id="d3195e1672" publication-type="other">
Zhong BZ, Gu ZW, Wallace WE, Whong WZ, Ong T. 1994.
Genotoxicity of vanadium pentoxide in Chinese hamster
v79 cells. Mutat Res 321(1-2):35-42.</mixed-citation>
         </ref>
      </ref-list>
   </back>
</article>
