<article dtd-version="1.0" article-type="research-article">
   <front>
      <journal-meta>
         <journal-id xmlns:xlink="http://www.w3.org/1999/xlink" journal-id-type="jstor">envihealpers</journal-id>
         <journal-id xmlns:xlink="http://www.w3.org/1999/xlink" journal-id-type="jstor">j100482</journal-id>
         <journal-title-group xmlns:xlink="http://www.w3.org/1999/xlink">
            <journal-title>Environmental Health Perspectives</journal-title>
         </journal-title-group>
         <publisher>
            <publisher-name>National Institute of Environmental Health Sciences. National Institutes of Health. Department of Health, Education and Welfare</publisher-name>
         </publisher>
         <issn xmlns:xlink="http://www.w3.org/1999/xlink" pub-type="ppub">00916765</issn>
      </journal-meta>
      <article-meta>
         <article-id xmlns:xlink="http://www.w3.org/1999/xlink" pub-id-type="jstor">25165521</article-id>
         <article-id pub-id-type="pub-doi">10.1289/ehp.11272</article-id>
         <article-categories>
            <subj-group>
               <subject>Research</subject>
            </subj-group>
         </article-categories>
         <title-group>
            <article-title>Recent Mortality from Pleural Mesothelioma, Historical Patterns of Asbestos Use, and Adoption of Bans: A Global Assessment</article-title>
         </title-group>
         <contrib-group>
            <contrib>
               <string-name xmlns:xlink="http://www.w3.org/1999/xlink">
                  <given-names>Kunihito</given-names>
                  <surname>Nishikawa</surname>
               </string-name>
            </contrib>
            <contrib>
               <string-name xmlns:xlink="http://www.w3.org/1999/xlink">
                  <given-names>Ken</given-names>
                  <surname>Takahashi</surname>
               </string-name>
            </contrib>
            <contrib>
               <string-name xmlns:xlink="http://www.w3.org/1999/xlink">
                  <given-names>Antti</given-names>
                  <surname>Karjalainen</surname>
               </string-name>
            </contrib>
            <contrib>
               <string-name xmlns:xlink="http://www.w3.org/1999/xlink">
                  <given-names>Chi-Pang</given-names>
                  <surname>Wen</surname>
               </string-name>
            </contrib>
            <contrib>
               <string-name xmlns:xlink="http://www.w3.org/1999/xlink">
                  <given-names>Sugio</given-names>
                  <surname>Furuya</surname>
               </string-name>
            </contrib>
            <contrib>
               <string-name xmlns:xlink="http://www.w3.org/1999/xlink">
                  <given-names>Tsutomu</given-names>
                  <surname>Hoshuyama</surname>
               </string-name>
            </contrib>
            <contrib>
               <string-name xmlns:xlink="http://www.w3.org/1999/xlink">
                  <given-names>Miwako</given-names>
                  <surname>Todoroki</surname>
               </string-name>
            </contrib>
            <contrib>
               <string-name xmlns:xlink="http://www.w3.org/1999/xlink">
                  <given-names>Yoshifumi</given-names>
                  <surname>Kiyomoto</surname>
               </string-name>
            </contrib>
            <contrib>
               <string-name xmlns:xlink="http://www.w3.org/1999/xlink">
                  <given-names>Donald</given-names>
                  <surname>Wilson</surname>
               </string-name>
            </contrib>
            <contrib>
               <string-name xmlns:xlink="http://www.w3.org/1999/xlink">
                  <given-names>Toshiaki</given-names>
                  <surname>Higashi</surname>
               </string-name>
            </contrib>
            <contrib>
               <string-name xmlns:xlink="http://www.w3.org/1999/xlink">
                  <given-names>Megu</given-names>
                  <surname>Ohtaki</surname>
               </string-name>
            </contrib>
            <contrib>
               <string-name xmlns:xlink="http://www.w3.org/1999/xlink">
                  <given-names>Guowei</given-names>
                  <surname>Pan</surname>
               </string-name>
            </contrib>
            <contrib>
               <string-name xmlns:xlink="http://www.w3.org/1999/xlink">
                  <given-names>Gregory</given-names>
                  <surname>Wagner</surname>
               </string-name>
            </contrib>
         </contrib-group>
         <pub-date xmlns:xlink="http://www.w3.org/1999/xlink">
            <day>1</day>
            <month>12</month>
            <year>2008</year>
         </pub-date>
         <volume>116</volume>
         <issue>12</issue>
         <issue-id xmlns:xlink="http://www.w3.org/1999/xlink">i25165491</issue-id>
         <fpage>1675</fpage>
         <lpage>1680</lpage>
         <self-uri xmlns:xlink="http://www.w3.org/1999/xlink"
                   xlink:href="http://www.jstor.org/stable/25165521"/>
         <abstract>
            <p>Background: In response to the health risks posed by asbestos exposure, some countries have imposed strict regulations and adopted bans, whereas other countries have intervened less and continue to use varying quantities of asbestos. Objectives: This study was designed to assess, on a global scale, national experiences of recent mortality from pleural mesothelioma, historical trends in asbestos use, adoption of bans, and their possible interrelationships. Methods: For 31 countries with available data, we analyzed recent pleural mesothelioma (International Classification of Diseases, 10th Revision) mortality rates (MRs) using age-adjusted period MRs (deaths/million/year) from 1996 to 2005. We calculated annual percent changes (APCs) in age-adjusted MRs to characterize trends during the period. We characterized historical patterns of asbestos use by per capita asbestos use (kilograms per capita/year) and the status of national bans. Results: Period MRs increased with statistical significance in five countries, with marginal significance in two countries, and were equivocal in 24 countries (five countries in Northern and Western Europe recorded negative APC values). Countries adopting asbestos bans reduced use rates about twice as fast as those not adopting bans. Turning points in use preceded bans. Change in asbestos use during 1970-1985 was a significant predictor of APC in mortality for pleural mesothelioma, with an adjusted R² value of 0.47 (p &amp;lt; 0.0001). Conclusions: The observed disparities in global mesothelioma trends likely relate to country-to-country disparities in asbestos use trends.</p>
         </abstract>
         <kwd-group>
            <kwd>Asbestos</kwd>
            <kwd>Asbestos-related diseases</kwd>
            <kwd>Ban</kwd>
            <kwd>Epidemiology</kwd>
            <kwd>Lung cancer</kwd>
            <kwd>Mesothelioma</kwd>
            <kwd>Mortality</kwd>
            <kwd>Occupational cancer</kwd>
            <kwd>Pleural mesothelioma</kwd>
         </kwd-group>
         <custom-meta-group xmlns:xlink="http://www.w3.org/1999/xlink">
            <custom-meta>
               <meta-name>lang</meta-name>
               <meta-value>eng</meta-value>
            </custom-meta>
         </custom-meta-group>
      </article-meta>
   </front>
   <back>
      <ref-list>
         <title>References</title>
         <ref id="d3244e345a1310">
            <mixed-citation id="d3244e349" publication-type="other">
Ahmad OB. Boschi-Pinto C, Lopez AD, Murray CJL, Lozano R,
Inoue M. 2000. Age Standardization of Rates: A New WHO
Standard. GPE Discussion Paper Series No. 31.
Geneva:World Health Organization.</mixed-citation>
         </ref>
         <ref id="d3244e365a1310">
            <mixed-citation id="d3244e369" publication-type="other">
[Anonymous.] 1997. Asbestos, asbestosis, and cancer: the
Helsinki criteria for diagnosis and attribution. Scand J
Work Environ Health 23:311-316.</mixed-citation>
         </ref>
         <ref id="d3244e382a1310">
            <mixed-citation id="d3244e386" publication-type="other">
Burdorf A, Jarvholm B, Englund A. 2005. Explaining differences
in incidence rates of pleural mesothelioma between
Sweden and the Netherlands. IntJ Cancer 113:298-301.</mixed-citation>
         </ref>
         <ref id="d3244e399a1310">
            <mixed-citation id="d3244e403" publication-type="other">
IARC (International Agency for Research on Cancer). 1973.
Some Inorganic and Organometallic Compounds. IARC
Monogr Eval Carcinog Risks Hum 2.</mixed-citation>
         </ref>
         <ref id="d3244e417a1310">
            <mixed-citation id="d3244e421" publication-type="other">
IARC (International Agency for Research on Cancer). 1977.
Asbestos. Monogr Eval Carcinog Risks Hum 14.</mixed-citation>
         </ref>
         <ref id="d3244e431a1310">
            <mixed-citation id="d3244e435" publication-type="other">
ILO. 1980. Employment Injury Benefits Convention, 1964 [Schedule
1 amended in 1980] (No. 121): List of Occupational Diseases.
Geneva:lnternational Labour Organization.</mixed-citation>
         </ref>
         <ref id="d3244e448a1310">
            <mixed-citation id="d3244e454" publication-type="other">
ILO (International Labour Organization). 1986. C162 Asbestos
Convention, 1986. Available: http://www.itcilo.it/actrav/osh_
es/m%f3dulos/legis/c162.htm [accessed 14 June 2008].</mixed-citation>
         </ref>
         <ref id="d3244e467a1310">
            <mixed-citation id="d3244e471" publication-type="other">
ILO. 2006. Resolution Concerning Asbestos (Adopted by the
95th Session of the International Labour Conference, June
2006). Geneva:lnternational Labour Organization.</mixed-citation>
         </ref>
         <ref id="d3244e484a1310">
            <mixed-citation id="d3244e488" publication-type="other">
Jemal A, Devesa SS, Fears TR, Hartge P. 2000. Cancer surveil-
lance series: changing patterns of cutaneous malignant
melanoma mortality rates among whites in the United
States. J Nati Cancer Inst 92:811-818.</mixed-citation>
         </ref>
         <ref id="d3244e504a1310">
            <mixed-citation id="d3244e508" publication-type="other">
Karjalainen A, Pukkala E, Mattson K, Tammilehto L, Vainio H.
1997. Trends in mesothelioma incidence and occupational
mesotheliomas in Finland in 1960-1995. Scand J Work
Environ Health 23(4):266-270.</mixed-citation>
         </ref>
         <ref id="d3244e525a1310">
            <mixed-citation id="d3244e529" publication-type="other">
Kazan-Allen L 2005. Asbestos and mesothelioma: worldwide
trends. Lung Cancer 49(suppl 1):S3-S8.</mixed-citation>
         </ref>
         <ref id="d3244e539a1310">
            <mixed-citation id="d3244e543" publication-type="other">
Kazan-Allen L 2006. International Ban Asbestos Secretariat.
Available: http://www.ibas.btinternet.co.uk [accessed
8 March 2007].</mixed-citation>
         </ref>
         <ref id="d3244e556a1310">
            <mixed-citation id="d3244e560" publication-type="other">
Kjaergaard J, Andersson M. 2000. Incidence rates of malignant
mesothelioma in Denmark and predicted future number of
cases among men. Scand J Work Environ Health 26:112-117.</mixed-citation>
         </ref>
         <ref id="d3244e573a1310">
            <mixed-citation id="d3244e577" publication-type="other">
LaDou J. 2004. The asbestos cancer epidemic. Environ Health
Perspect 112:285-290.</mixed-citation>
         </ref>
         <ref id="d3244e587a1310">
            <mixed-citation id="d3244e591" publication-type="other">
Lahmeyer J. 2007. Population Statistics. Available: http://www.
populstatinfo [accessed 11 April 2007].</mixed-citation>
         </ref>
         <ref id="d3244e601a1310">
            <mixed-citation id="d3244e605" publication-type="other">
Lasithiotakis KG, Leiter U, Gorkievicz R, Eigentier T, Breuninger
H, Metzler G, et al. 2006. The incidence and mortality of
cutaneous melanoma in Southern Germany: trends by
anatomic site and pathologic characteristics, 1976 to 2003.
Cancer 107:1331-1339.</mixed-citation>
         </ref>
         <ref id="d3244e625a1310">
            <mixed-citation id="d3244e629" publication-type="other">
Lin RT, Takahashi K, Karjalainen A, Hoshuyama T, Wilson D,
Kameda T, et al. 2007. Ecological association between
asbestos-related diseases and historical asbestos con-
sumption: an international analysis. Lancet 369:844-849.</mixed-citation>
         </ref>
         <ref id="d3244e645a1310">
            <mixed-citation id="d3244e649" publication-type="other">
Montanaro F, Bray F, Gennaro V, Merler E, Tyczynski JE, Parkin
DM, et al. 2003. Pleural mesothelioma incidence in Europe:
evidence of some deceleration in the increasing trends.
Cancer Causes Control 14:791-803.</mixed-citation>
         </ref>
         <ref id="d3244e665a1310">
            <mixed-citation id="d3244e669" publication-type="other">
National Institute for Occupational Safety and Health. 2005.
Work-Related Lung Disease (WoRLD) Surveillance
System: Malignant Mesothelioma. Available: http://
www2a.cdc.gov/drds/WorldReportData/SectionDetails.
asp?SectionTitlelD = 7 [accessed 25 November 2007].</mixed-citation>
         </ref>
         <ref id="d3244e688a1310">
            <mixed-citation id="d3244e692" publication-type="other">
Nicholson WJ, Perkel G, Selikoff IJ. 1982. Occupational
exposure to asbestos: population at risk and projected
mortality—1980-2030. Am J Ind Med 3:259-311.</mixed-citation>
         </ref>
         <ref id="d3244e705a1310">
            <mixed-citation id="d3244e709" publication-type="other">
Peto J, Decarli A, La Vecchia C, Levi F, Negri E. 1999. The
European mesothelioma epidemic. Br J Cancer 79:666-672.</mixed-citation>
         </ref>
         <ref id="d3244e719a1310">
            <mixed-citation id="d3244e723" publication-type="other">
Peto J, Hodgson JT, Matthews FE, Jones JR. 1995. Continuing
increase in mesothelioma mortality in Britain. Lancet
345:535-539.</mixed-citation>
         </ref>
         <ref id="d3244e737a1310">
            <mixed-citation id="d3244e741" publication-type="other">
Price B. 1997. Analysis of current trends in United States
mesothelioma incidence. Am J Epidemiol 145:211-218.</mixed-citation>
         </ref>
         <ref id="d3244e751a1310">
            <mixed-citation id="d3244e755" publication-type="other">
Price B, Ware A. 2004. Mesothelioma trends in the United
States: an update based on Surveillance, Epidemiology,
and End Results Program data for 1973 through 2003. Am J
Epidemiol 159:107-112.</mixed-citation>
         </ref>
         <ref id="d3244e771a1310">
            <mixed-citation id="d3244e775" publication-type="other">
Ries LAG, Kosary CL, Hankey BF, Miller BA, Harras A, Edwards
BK. 1997. SEER Cancer Statistics Review, 1973-1994.
Bethesda, MD:National Cancer Institute.</mixed-citation>
         </ref>
         <ref id="d3244e788a1310">
            <mixed-citation id="d3244e792" publication-type="other">
Segura O, Burdorf A, Looman C. 2003. Update of predictions of
mortality from pleural mesothelioma in the Netherlands.
Occup Environ Med 60:50-55.</mixed-citation>
         </ref>
         <ref id="d3244e805a1310">
            <mixed-citation id="d3244e809" publication-type="other">
Selikoff IJ, Churg J, Hammond EC. 1984a. Classics in oncology:
asbestos exposure and neoplasia. CA Cancer J Clin
34:48-56.</mixed-citation>
         </ref>
         <ref id="d3244e822a1310">
            <mixed-citation id="d3244e826" publication-type="other">
Selikoff IJ, Churg J, Hammond EC. 1984b. Asbestos exposure
and neoplasia. JAMA 252:91-95.</mixed-citation>
         </ref>
         <ref id="d3244e837a1310">
            <mixed-citation id="d3244e841" publication-type="other">
Takahashi K, Karjalainen A. 2003. A cross-country comparative
overview of the asbestos situation in ten Asian countries.
Int J Occup Environ Health 9:244-248.</mixed-citation>
         </ref>
         <ref id="d3244e854a1310">
            <mixed-citation id="d3244e858" publication-type="other">
United Nations. 2006. World Population Prospects: The 2006
Revision Population Database. Available: http://esa.
un.org/unpp [accessed 27 December 2006].</mixed-citation>
         </ref>
         <ref id="d3244e871a1310">
            <mixed-citation id="d3244e875" publication-type="other">
U.S. Census Bureau. 2006. International Data Base:
International Programs Center, Population Division.
Available: http://www.census.gov/ipc/www/idb [accessed
22 December 2006].</mixed-citation>
         </ref>
         <ref id="d3244e891a1310">
            <mixed-citation id="d3244e895" publication-type="other">
U.S. EPA 1989. Asbestos: Manufacture, Importation, Processing,
and Distribution in Commerce Prohibitions; Final Rule
(40 CFR Part 763). Washington, DC:U.S. Environmental
Protection Agency.</mixed-citation>
         </ref>
         <ref id="d3244e911a1310">
            <mixed-citation id="d3244e915" publication-type="other">
Virta RL 2005. Mineral Commodity Profiles—Asbestos. Circular
1255-KK. Reston, VA:U.S. Geological Survey.</mixed-citation>
         </ref>
         <ref id="d3244e925a1310">
            <mixed-citation id="d3244e929" publication-type="other">
Virta RL. 2006. Worldwide Asbestos Supply and Consumption
Trends from 1900 through 2003. Available: http://pubs.
usgs.gov/circ/2006/1298/c1298.pdf [accessed 26 March
2007].</mixed-citation>
         </ref>
         <ref id="d3244e946a1310">
            <mixed-citation id="d3244e950" publication-type="other">
Weill H, Hughes JM, Churg AM. 2004. Changing trends in US
mesothelioma incidence. Occup Environ Med 61:438-441.</mixed-citation>
         </ref>
         <ref id="d3244e960a1310">
            <mixed-citation id="d3244e964" publication-type="other">
WHO. 1992. International Statistical Classification of Diseases
and Related Health Problems. 10th Revision. Geneva:World
Health Organization.</mixed-citation>
         </ref>
         <ref id="d3244e977a1310">
            <mixed-citation id="d3244e981" publication-type="other">
WHO. 2006a. Elimination of Asbestos-Related Diseases.
Geneva:World Health Organization. Available: http://
www.who.int/occupational_health/publications/
asbestosrelateddiseases.pdf [28 July 2007].</mixed-citation>
         </ref>
         <ref id="d3244e997a1310">
            <mixed-citation id="d3244e1001" publication-type="other">
WHO. 2006b. WHO Mortality Database: World Health
Organization Statistical Information System (WH0SIS).
Available: http://www.who.int/healthinfo/morttables/
en/index.html [accessed 10 December 2006].</mixed-citation>
         </ref>
      </ref-list>
   </back>
</article>
