<article dtd-version="1.0" article-type="research-article">
   <front>
      <journal-meta>
         <journal-id xmlns:xlink="http://www.w3.org/1999/xlink" journal-id-type="jstor">envihealpers</journal-id>
         <journal-id xmlns:xlink="http://www.w3.org/1999/xlink" journal-id-type="jstor">j100482</journal-id>
         <journal-title-group xmlns:xlink="http://www.w3.org/1999/xlink">
            <journal-title>Environmental Health Perspectives</journal-title>
         </journal-title-group>
         <publisher>
            <publisher-name>National Institute of Environmental Health Sciences. National Institutes of Health. Department of Health, Education and Welfare</publisher-name>
         </publisher>
         <issn xmlns:xlink="http://www.w3.org/1999/xlink" pub-type="ppub">00916765</issn>
      </journal-meta>
      <article-meta>
         <article-id xmlns:xlink="http://www.w3.org/1999/xlink" pub-id-type="jstor">25165514</article-id>
         <article-id pub-id-type="pub-doi">10.1289/ehp.11519</article-id>
         <article-categories>
            <subj-group>
               <subject>Research</subject>
            </subj-group>
         </article-categories>
         <title-group>
            <article-title>Population Physiologically Based Pharmacokinetic Modeling for the Human Lactational Transfer of PCB-153 with Consideration of Worldwide Human Biomonitoring Results</article-title>
         </title-group>
         <contrib-group>
            <contrib>
               <string-name xmlns:xlink="http://www.w3.org/1999/xlink">
                  <given-names>Laurel E.</given-names>
                  <surname>Redding</surname>
               </string-name>
            </contrib>
            <contrib>
               <string-name xmlns:xlink="http://www.w3.org/1999/xlink">
                  <given-names>Michael D.</given-names>
                  <surname>Sohn</surname>
               </string-name>
            </contrib>
            <contrib>
               <string-name xmlns:xlink="http://www.w3.org/1999/xlink">
                  <given-names>Thomas E.</given-names>
                  <surname>McKone</surname>
               </string-name>
            </contrib>
            <contrib>
               <string-name xmlns:xlink="http://www.w3.org/1999/xlink">
                  <given-names>Jein-Wen</given-names>
                  <surname>Chen</surname>
               </string-name>
            </contrib>
            <contrib>
               <string-name xmlns:xlink="http://www.w3.org/1999/xlink">
                  <given-names>Shu-Li</given-names>
                  <surname>Wang</surname>
               </string-name>
            </contrib>
            <contrib>
               <string-name xmlns:xlink="http://www.w3.org/1999/xlink">
                  <given-names>Dennis P. H.</given-names>
                  <surname>Hsieh</surname>
               </string-name>
            </contrib>
            <contrib>
               <string-name xmlns:xlink="http://www.w3.org/1999/xlink">
                  <given-names>Raymond S. H.</given-names>
                  <surname>Yang</surname>
               </string-name>
            </contrib>
         </contrib-group>
         <pub-date xmlns:xlink="http://www.w3.org/1999/xlink">
            <day>1</day>
            <month>12</month>
            <year>2008</year>
         </pub-date>
         <volume>116</volume>
         <issue>12</issue>
         <issue-id xmlns:xlink="http://www.w3.org/1999/xlink">i25165491</issue-id>
         <fpage>1629</fpage>
         <lpage>1634</lpage>
         <self-uri xmlns:xlink="http://www.w3.org/1999/xlink"
                   xlink:href="http://www.jstor.org/stable/25165514"/>
         <abstract>
            <p>Background: One of the most serious human health concerns related to environmental contamination with polychlorinated biphenyls (PCBs) is the presence of these chemicals in breast milk. Objectives: We developed a physiologically based pharmacokinetic model of PCB-153 in women, and predict its transfer via lactation to infants. The model is the first human, population-scale lactational model for PCB-153. Data in the literature provided estimates for model development and for performance assessment. Methods: We used physiologic parameters from a cohort in Taiwan and reference values given in the literature to estimate partition coefficients based on chemical structure and the lipid content in various body tissues. Using exposure data from Japan, we predicted acquired body burden of PCB-153 at an average childbearing age of 25 years and compared predictions to measurements from studies in multiple countries. We attempted one example of reverse dosimetry modeling using our PBPK model for possible exposure scenarios in Canadian Inuits, the population with the highest breast milk PCB-153 level in the world. Results: Forward-model predictions agree well with human biomonitoring measurements, as represented by summary statistics and uncertainty estimates. Conclusion: The model successfully describes the range of possible PCB-153 dispositions in maternal milk, suggesting a promising option for back-estimating doses for various populations.</p>
         </abstract>
         <kwd-group>
            <kwd>Body burden</kwd>
            <kwd>Exposure reconstruction</kwd>
            <kwd>Human milk biomonitoring</kwd>
            <kwd>Lactational transfer</kwd>
            <kwd>PCB-153</kwd>
            <kwd>Physiologically based pharmacokinetic modeling</kwd>
            <kwd>Polychlorinated biphenyls</kwd>
            <kwd>Reverse dosimetry</kwd>
         </kwd-group>
         <custom-meta-group xmlns:xlink="http://www.w3.org/1999/xlink">
            <custom-meta>
               <meta-name>lang</meta-name>
               <meta-value>eng</meta-value>
            </custom-meta>
         </custom-meta-group>
      </article-meta>
   </front>
   <back>
      <ref-list>
         <title>References</title>
         <ref id="d3013e320a1310">
            <mixed-citation id="d3013e324" publication-type="other">
Abraham K, Papke O, Gross A, Kordonouri O, Wiegand S,
Wahn U, et al. (19981. Time course of PCDD/PCDF/PCB
concentrations in breast-feeding mothers and their
infants. Chemosphere 37:1731-1741.</mixed-citation>
         </ref>
         <ref id="d3013e340a1310">
            <mixed-citation id="d3013e344" publication-type="other">
Akutsu K, Kuwabara K, Konishi Y, Matsumoto H, Murakami Y,
Tanaka Y, et al. 2005. Congener-specific analysis of PCBs
in food samples by using GC/MS [in Japanese]. Shokuhin
Eiseigaku Zasshi 46:99-108.</mixed-citation>
         </ref>
         <ref id="d3013e360a1310">
            <mixed-citation id="d3013e364" publication-type="other">
Allen BC, Hack CE, Clewell HJ. 2007. Use of Markov Chain Monte
Carlo analysis with a physiologically-based pharmaco-
kinetic model of methylmercury to estimate exposures in US
women of childbearing age. Risk Anal 27:947-959.</mixed-citation>
         </ref>
         <ref id="d3013e380a1310">
            <mixed-citation id="d3013e384" publication-type="other">
Angulo R, Martinez P, Jodral ML 1999. PCB congeners trans-
ferred by human mitk, with an estimate of their daily
intake. Food Chem Toxicol 37:1081-1088.</mixed-citation>
         </ref>
         <ref id="d3013e398a1310">
            <mixed-citation id="d3013e402" publication-type="other">
Brambilla G, Fochi I, Falce M, De FiJippis SP, Ubaldi A,
di Domenico A. 2008. PCDD and PCDF depletion in milk
from dairy cows according to the herd metabolic scenario.
Chemosphere 73(1 suppl):S216-S219.</mixed-citation>
         </ref>
         <ref id="d3013e418a1310">
            <mixed-citation id="d3013e422" publication-type="other">
Butte NF, Garza C, Stuff JE, Smith EO, Nichols BL 1984. Effect
of maternal diet and body composition on lactational per-
formance. Am J Clin Nutr 39:296-306.</mixed-citation>
         </ref>
         <ref id="d3013e435a1310">
            <mixed-citation id="d3013e439" publication-type="other">
Byczkowski JZ, Fisher JW. 1995. A computer program linking
physiologically based pharmacokinetic model with cancer
risk assessment for breast-fed infants. Comput Methods
Programs Biomed 46:155-163.</mixed-citation>
         </ref>
         <ref id="d3013e455a1310">
            <mixed-citation id="d3013e459" publication-type="other">
CDC. 2005. Third National Report on Human Exposure to
Environmental Chemicals. Atlanta, GA:Centers for Disease
Control and Prevention.</mixed-citation>
         </ref>
         <ref id="d3013e472a1310">
            <mixed-citation id="d3013e476" publication-type="other">
Clewell RA, Gearhart JM. 2002. Pharmacokinetics of toxic
chemicals in breast milk: use of PBPK models to predict
infant exposure. Environ Health Perspect 110:A333-A337.</mixed-citation>
         </ref>
         <ref id="d3013e489a1310">
            <mixed-citation id="d3013e493" publication-type="other">
Covaci A, de Boer J, Ryan JJ, Voorspoels S, Schepens P. 2002.
Distribution of organobrominated and organochlorinated
contaminants in Belgian human adipose tissue. Environ
Res88(3):210-218.</mixed-citation>
         </ref>
         <ref id="d3013e510a1310">
            <mixed-citation id="d3013e514" publication-type="other">
DeAmiciD, Gasparoni A, Guala A, KlersyC. 2001. Does ethnicity
predict lactation? A study of four ethnic communities. Eur J
Epidemiol 17:357-362.</mixed-citation>
         </ref>
         <ref id="d3013e527a1310">
            <mixed-citation id="d3013e531" publication-type="other">
DeJongh J, Verhaar H JM, Hermens JLM. 1997. A quantitative
property-property relationship (QPPR) approach to esti-
mate in vitro tissue-blood partition coefficients of organic
chemicals in rats and humans. Arch Toxicol 72:17-25.</mixed-citation>
         </ref>
         <ref id="d3013e547a1310">
            <mixed-citation id="d3013e551" publication-type="other">
Del Prado M, Villalpando S, Gordillo J, Hernandez-Montes H.
1999. A high dietary lipid intake during pregnancy and lacta-
tion enhances mammary gland lipid uptake and lipoprotein
iipase activity in rats. J Nutr 129:1574-1578.</mixed-citation>
         </ref>
         <ref id="d3013e567a1310">
            <mixed-citation id="d3013e571" publication-type="other">
Dewailly É, Ayotte P, Laliberte C, Weber JP, Gingras S, Nantel AJ.
1996. Polychlorinated biphenyl (PCB) and dichlorodiphenyl
dichloroethylene (DDE) concentrations in the breast milk of
women in Quebec. Am J Public Health 86:1241-1246.</mixed-citation>
         </ref>
         <ref id="d3013e587a1310">
            <mixed-citation id="d3013e591" publication-type="other">
Dewailly É, Ryan JJ, Laliberté C, Bruneau S, Weber JP,
Gingras S, et al. 1994. Exposure of remote maritime popu-
lations to coplanar PCBs. Environ Health Perspect
102&amp;amp;lt;suppl 11:205-209.</mixed-citation>
         </ref>
         <ref id="d3013e607a1310">
            <mixed-citation id="d3013e613" publication-type="other">
Fisher J, Mahle D, Bankston L, Greene R, Gearhart J. 1997.
Lactational transfer of volatile chemicals in breast milk.
Am Ind Hyg Assoc J 58:425-431.</mixed-citation>
         </ref>
         <ref id="d3013e627a1310">
            <mixed-citation id="d3013e631" publication-type="other">
Gentry PR, Covington TR, Clewell HJ III. 2003. Evaluation of the
potential impact of pharmacokinetic differences on tissue
dosimetry in offspring during pregnancy and lactation.
Regul Toxicol Pharmacol 38:1-16.</mixed-citation>
         </ref>
         <ref id="d3013e647a1310">
            <mixed-citation id="d3013e651" publication-type="other">
Glynn AW, Atuma S, Aune M, Darnerud PO, Cnattingius S. 2001.
Polychlorinated biphenyl congeners as markers of toxic
equivalents of polychlorinated biphenyls, dibenzo-p-dioxins
and dibenzofurans in breast milk. Environ Res 86:217-228.</mixed-citation>
         </ref>
         <ref id="d3013e667a1310">
            <mixed-citation id="d3013e671" publication-type="other">
Goldey ES, Kehn LS, Lau C, Rehnberg GL, Crofton KM. 1995.
Developmental exposure to polychlorinated biphenyls
(Aroclor 1254) reduces circulating thyroid hormone con-
centrations and causes hearing deficits in rats. Toxicol
Appl Pharmacol 135:77-88.</mixed-citation>
         </ref>
         <ref id="d3013e690a1310">
            <mixed-citation id="d3013e694" publication-type="other">
Greizerstein HB, Stinson C, Mendola P, Buck GM, Kostyniak PJ,
Vena JE. 1999. Comparison of PCB congeners and pesticide
levels between serum and milk from lactating women.
Environ Res 80:280-286.</mixed-citation>
         </ref>
         <ref id="d3013e710a1310">
            <mixed-citation id="d3013e714" publication-type="other">
Haddad S, Restieri C, Krishnan K. 2001. Characterization of
age-related changes in body weight and organ weights
from birth to adolescence in humans. J Toxicol Environ
Health A 64:453-464.</mixed-citation>
         </ref>
         <ref id="d3013e730a1310">
            <mixed-citation id="d3013e734" publication-type="other">
Haiek LIM, Kramer MS, Ciampi A, Tirado R. 2001. Postpartum
weight loss and infant feeding. J Am Board Fam Pract
14:85-94.</mixed-citation>
         </ref>
         <ref id="d3013e748a1310">
            <mixed-citation id="d3013e752" publication-type="other">
Huisman M, Koopman-Esseboom C, Fidler V, Hadders-Algra M,
van der Paauw CG, Tuinstra LG, et al. 1995. Perinatal expo-
sure to polychlorinated biphenyls and dioxins and its
effect on neonatal neurological development. Early Hum
Dev 41:111-127.</mixed-citation>
         </ref>
         <ref id="d3013e771a1310">
            <mixed-citation id="d3013e775" publication-type="other">
Inoue K, Harada K, Takenaka K, Uehara S, Kono M, Shimizu T,
et al. 2006. Levels and concentration ratios of polychlori-
nated biphenyls and polybrominated diphenyl ethers in
serum and breast milk in Japanese mothers. Environ
Health Perspect 114:1179-1185.</mixed-citation>
         </ref>
         <ref id="d3013e794a1310">
            <mixed-citation id="d3013e798" publication-type="other">
Jacobson JL, Jacobson SW, Humphrey HE. 1990. Effects of in
utero exposure to polychlorinated biphenyls and related
contaminants on cognitive functioning in young children.
J Pediatr 116:38-45.</mixed-citation>
         </ref>
         <ref id="d3013e814a1310">
            <mixed-citation id="d3013e820" publication-type="other">
Jaraczewska K, Lulek J, Covaci A, Voorspoels S, Kaluba-
Skotarczak A, Drews K, et al. 2006. Distribution of polychlo-
rinated biphenyls, organochlorine pesticides and
polybrominated diphenyl ethers in human umbilical cord
serum, maternal serum and milk from Wielkopolska region,
Poland. Sei Total Environ 372(1):20-31.</mixed-citation>
         </ref>
         <ref id="d3013e843a1310">
            <mixed-citation id="d3013e847" publication-type="other">
Kent JC, Mitoulas LR, Cox DB, Owens RA, Hartmann PE. 1999.
Breast volume and milk production during extended lacta-
tion in women. Exp Physiol 84:435-447.</mixed-citation>
         </ref>
         <ref id="d3013e860a1310">
            <mixed-citation id="d3013e864" publication-type="other">
Kent JC, Mitoulas LR, Cregan MD, Ramsay DT, Doherty DA,
Hartmann PE. 2006. Volume and frequency of breastfeedings
and fat content of breast milk throughout the day. Pediatrics
117:387-395.</mixed-citation>
         </ref>
         <ref id="d3013e881a1310">
            <mixed-citation id="d3013e885" publication-type="other">
Kiviranta H, Tuomisto JT, Tuomisto J, Tukiainen E, Vartiainen T.
2005. Polychlorinated dibenzo-p-dioxins, dibenzofurans,
and biphenyls in the general population in Finland.
Chemosphere 60:854-869.</mixed-citation>
         </ref>
         <ref id="d3013e901a1310">
            <mixed-citation id="d3013e905" publication-type="other">
Lee SK, Ou YC, Andersen ME, Yang RS. 2007. A physiologically
based pharmacokinetic model for lactational transfer of
PCB 153 with or without PCB 126 in mice. Arch Toxicol
81:101-111.</mixed-citation>
         </ref>
         <ref id="d3013e921a1310">
            <mixed-citation id="d3013e925" publication-type="other">
Minh TB, Watanabe M, Kajiwara N, Iwata H, Takahashi S,
Subramanian A, et al. 2006. Human blood monitoring pro-
gram in Japan: contamination and bioaccumulation of per-
sistent organochlorines in Japanese residents. Arch
Environ Contam Toxicol 51(2):296-313.</mixed-citation>
         </ref>
         <ref id="d3013e944a1310">
            <mixed-citation id="d3013e948" publication-type="other">
Mitoulas LR, Kent JC, Cox DB, Owens RA, Sherriff JL,
Hartmann PE. 2002. Variation in fat, lactose and protein in
human milk over 24 h and throughout the first year of lacta-
tion. Br J Nutr 88:29-37.</mixed-citation>
         </ref>
         <ref id="d3013e964a1310">
            <mixed-citation id="d3013e968" publication-type="other">
Parham FM, Kohn MC, Matthews HB, DeRosa C, Portier CJ. 1997.
Using structural information to create physiologically based
pharmacokinetic models for all polychlorinated biphenyls: I.
Tissue:blood partition coefficients. Toxicol Appl Pharmacol
144:340-347.</mixed-citation>
         </ref>
         <ref id="d3013e987a1310">
            <mixed-citation id="d3013e991" publication-type="other">
Patterson DG Jr, Todd GD, Turner WE, Maggio V, Alexander LR,
Needham LL 1994. Levels of non-ortho-substituted (coplanar),
mono- and di-ortho-substituted polychlorinated biphenyls,
dibenzo-p-dioxins, and dibenzofurans in human serum and
adipose tissue. Environ Health Perspect 102(suppl 1):195-204.</mixed-citation>
         </ref>
         <ref id="d3013e1011a1310">
            <mixed-citation id="d3013e1015" publication-type="other">
Polder A, Odland JO, Tkachev A, Foreid S, Savinova TN,
Skaare JU. 2003. Geographic variation of chlorinated pesti-
cides, toxaphenes and PCBs in human milk from sub-arctic
and arctic locations in Russia. Sei Total Environ 306:179-195.</mixed-citation>
         </ref>
         <ref id="d3013e1031a1310">
            <mixed-citation id="d3013e1035" publication-type="other">
Price PS, Conolly RB, Chaisson CF, Gross EA, Young JS,
Mathis ET, et al. 2003. Modeling interindividual variation in
physiological factors used in PBPK models for humans.
Crit Rev Toxicol 33:469-503.</mixed-citation>
         </ref>
         <ref id="d3013e1051a1310">
            <mixed-citation id="d3013e1055" publication-type="other">
Ramos L, Hernandez LM, Gonzalez MJ. 1997. Variation of PCB
congener levels during lactation period and relationship to
their molecular structure. Arch Environ Contam Toxicol
33:97-103.</mixed-citation>
         </ref>
         <ref id="d3013e1071a1310">
            <mixed-citation id="d3013e1075" publication-type="other">
R Foundation for Statistical Computing. 2008. The R Project for
Statistical Computing. Available: http://www.r-project.org/
[accessed 30 April 2008].</mixed-citation>
         </ref>
         <ref id="d3013e1088a1310">
            <mixed-citation id="d3013e1092" publication-type="other">
Rusiecki JA, Matthews A, Sturgeon S, Sinha R, Pellizzari E,
Zheng T, et al. 2005. A correlation study of organochlorine
levels in serum, breast adipose tissue, and gluteal adipose
tissue among breast cancer cases in India. Cancer
Epidemiol Biomarkers 14(5):1113-1124.</mixed-citation>
         </ref>
         <ref id="d3013e1111a1310">
            <mixed-citation id="d3013e1115" publication-type="other">
Sakai K, Okuyama H, Yura J, Takeyama H, Shinagawa N,
Tsuruga N, et al. 1992. Composition and turnover of
phospholipids and neutral lipids in human breast cancer
and reference tissues. Carcinogenesis 13:579-584.</mixed-citation>
         </ref>
         <ref id="d3013e1132a1310">
            <mixed-citation id="d3013e1136" publication-type="other">
Schecter A, Kassis I, Papke O. 1998. Partitioning of dioxins,
dibenzofurans, and coplanar PCBS in blood, milk, adipose
tissue, placenta and cord blood from five American
women. Chemosphere 37:1817-1823.</mixed-citation>
         </ref>
         <ref id="d3013e1152a1310">
            <mixed-citation id="d3013e1156" publication-type="other">
Seegal RF, Brosch KO, Okoniewski RJ. 1997. Effects of in utero
and lactational exposure of the laboratory rat to 2,4,2',4'-
and 3,4,3',4'-tetrachlorobiphenyl on dopamine function.
Toxicol Appl Pharmacol 146:95-103.</mixed-citation>
         </ref>
         <ref id="d3013e1172a1310">
            <mixed-citation id="d3013e1176" publication-type="other">
Sohn MD, McKone TE, Blancato JN. 2004. Reconstructing
population exposures from dose biomarkers: inhalation of
trichloroethylene (TCE) as a case study. J Expo Anal
Environ Epidemiol 14:204-213.</mixed-citation>
         </ref>
         <ref id="d3013e1192a1310">
            <mixed-citation id="d3013e1196" publication-type="other">
Suzuki G, Nakano M, Nakano S. 2005. Distribution of
PCDDs/PCDFs and Co-PCBs in human maternal blood,
cord blood, placenta, milk, and adipose tissue: dioxins
showing high toxic equivalency factor accumulate in the
placenta. Biosci Biotechnol Biochem 69:1836-1847.</mixed-citation>
         </ref>
         <ref id="d3013e1215a1310">
            <mixed-citation id="d3013e1219" publication-type="other">
Tilson HA, Jacobson JL, Rogan WJ. 1990. Polychlorinated
biphenyls and the developing nervous system: cross-
species comparisons. IMeurotoxicol Teratol 12:239-248.</mixed-citation>
         </ref>
         <ref id="d3013e1232a1310">
            <mixed-citation id="d3013e1236" publication-type="other">
Vartiainen T, Saarikoski S, Jaakkola JJ, Tuomisto J. 1997.
PCDD, PCDF, and PCB concentrations in human milk from
two areas in Finland. Chemosphere 34:2571-2583.</mixed-citation>
         </ref>
         <ref id="d3013e1250a1310">
            <mixed-citation id="d3013e1254" publication-type="other">
Wittsiepe J, Fürst P, Schrey P, Lemm F, Kraft M, Eberwein G,
et al. 2007. PCDD/F and dioxin-like PCB in human blood and
milk from German mothers. Chemosphere 67:S286-S294.</mixed-citation>
         </ref>
      </ref-list>
   </back>
</article>
