<article dtd-version="1.0" article-type="research-article">
   <front>
      <journal-meta>
         <journal-id xmlns:xlink="http://www.w3.org/1999/xlink" journal-id-type="jstor">envihealpers</journal-id>
         <journal-id xmlns:xlink="http://www.w3.org/1999/xlink" journal-id-type="jstor">j100482</journal-id>
         <journal-title-group xmlns:xlink="http://www.w3.org/1999/xlink">
            <journal-title>Environmental Health Perspectives</journal-title>
         </journal-title-group>
         <publisher>
            <publisher-name>National Institute of Environmental Health Sciences. National Institutes of Health. Department of Health, Education and Welfare</publisher-name>
         </publisher>
         <issn xmlns:xlink="http://www.w3.org/1999/xlink" pub-type="ppub">00916765</issn>
      </journal-meta>
      <article-meta>
         <article-id xmlns:xlink="http://www.w3.org/1999/xlink" pub-id-type="jstor">25165519</article-id>
         <article-id pub-id-type="pub-doi">10.1289/ehp.11515</article-id>
         <article-categories>
            <subj-group>
               <subject>Research</subject>
            </subj-group>
         </article-categories>
         <title-group>
            <article-title>Respiratory Cancer and Inhaled Inorganic Arsenic in Copper Smelters Workers: A Linear Relationship with Cumulative Exposure That Increases with Concentration</article-title>
         </title-group>
         <contrib-group>
            <contrib>
               <string-name xmlns:xlink="http://www.w3.org/1999/xlink">
                  <given-names>Jay H.</given-names>
                  <surname>Lubin</surname>
               </string-name>
            </contrib>
            <contrib>
               <string-name xmlns:xlink="http://www.w3.org/1999/xlink">
                  <given-names>Lee E.</given-names>
                  <surname>Moore</surname>
               </string-name>
            </contrib>
            <contrib>
               <string-name xmlns:xlink="http://www.w3.org/1999/xlink">
                  <given-names>Joseph F.</given-names>
                  <surname>Fraumeni,</surname>
                  <suffix>Jr.</suffix>
               </string-name>
            </contrib>
            <contrib>
               <string-name xmlns:xlink="http://www.w3.org/1999/xlink">
                  <given-names>Kenneth P.</given-names>
                  <surname>Cantor</surname>
               </string-name>
            </contrib>
         </contrib-group>
         <pub-date xmlns:xlink="http://www.w3.org/1999/xlink">
            <day>1</day>
            <month>12</month>
            <year>2008</year>
         </pub-date>
         <volume>116</volume>
         <issue>12</issue>
         <issue-id xmlns:xlink="http://www.w3.org/1999/xlink">i25165491</issue-id>
         <fpage>1661</fpage>
         <lpage>1665</lpage>
         <self-uri xmlns:xlink="http://www.w3.org/1999/xlink"
                   xlink:href="http://www.jstor.org/stable/25165519"/>
         <abstract>
            <p>Background: Inhalation of high levels of airborne inorganic arsenic is a recognized cause of respiratory cancer. Although multiple epidemiologic studies have demonstrated this association, there have been few analyses of the mathematical relationship between cumulative arsenic exposure and risk of respiratory cancer, and no assessment as to whether and how arsenic concentration may modify this association. Objectives: The objective is an evaluation of the shape of the relationship between respiratory cancer mortality and cumulative inhaled arsenic exposure among copper smelter workers, and the modification of that relationship by arsenic concentration. Methods: We used Poisson regression methods to analyze data from a cohort of arsenic-exposed copper smelter workers under a linear-exponential model for the excess relative risk. Results: Within categories of arsenic concentration, the association between respiratory cancer and cumulative arsenic exposure was consistent with linearity. The slope of the linear relationship with cumulative exposure increased with increasing arsenic concentration category. Conclusions: Our results suggested a direct concentration effect from inhaled inorganic arsenic, whereby the excess relative risk for a fixed cumulative exposure was greater when delivered at a higher concentration and shorter duration than when delivered at a lower concentration and longer duration.</p>
         </abstract>
         <kwd-group>
            <kwd>Arsenic</kwd>
            <kwd>Dose-response relationship</kwd>
            <kwd>Lung neoplasms</kwd>
            <kwd>Occupational diseases</kwd>
         </kwd-group>
         <custom-meta-group xmlns:xlink="http://www.w3.org/1999/xlink">
            <custom-meta>
               <meta-name>lang</meta-name>
               <meta-value>eng</meta-value>
            </custom-meta>
         </custom-meta-group>
      </article-meta>
   </front>
   <back>
      <ref-list>
         <title>References</title>
         <ref id="d3188e209a1310">
            <mixed-citation id="d3188e213" publication-type="other">
Ahsan H, Chen Y, Kibriya MG, Slavkovich V, Parvez F, Jasmine F,
et al. 2007. Arsenic metabolism, genetic susceptibility, and
risk of premalignant skin lesions in Bangladesh. Cancer
Epidemiol Biomarkers Prev 16:1270-1278.</mixed-citation>
         </ref>
         <ref id="d3188e229a1310">
            <mixed-citation id="d3188e233" publication-type="other">
Ahsan H, Chen Y, Parvez F, Zablotska L, Argos M, Hussain I, et al.
2006. Arsenic exposure from drinking water and risk of pre-
malignant skin lesions in Bangladesh: baseline results from
the Health Effects of Arsenic Longitudinal Study. Am J
Epidemiol 163:1138-1148.</mixed-citation>
         </ref>
         <ref id="d3188e252a1310">
            <mixed-citation id="d3188e256" publication-type="other">
Aposhian HV, Gurzau ES, Le XC, Gurzau A, Healy SM, Lu X, et al.
2000. Occurrence of monomethylarsonous acid in urine of
humans exposed to inorganic arsenic. Chem Res Toxicol
13:693-697.</mixed-citation>
         </ref>
         <ref id="d3188e272a1310">
            <mixed-citation id="d3188e276" publication-type="other">
Bates MN, Smith AH, Hopenhayn-Rich C. 1992. Arsenic ingestion
and internal cancers: a review. Am J Epidemiol 135:462-476.</mixed-citation>
         </ref>
         <ref id="d3188e287a1310">
            <mixed-citation id="d3188e291" publication-type="other">
Breslow NE, Day NE. 1987. Statistical Methods in Cancer Research:
The Analysis of Cohort Studies. Lyon, France:lnternational
Agency for Research on Cancer.</mixed-citation>
         </ref>
         <ref id="d3188e304a1310">
            <mixed-citation id="d3188e308" publication-type="other">
Cantor KP, Lubin JH. 2007. Arsenic, internal cancers, and issues
in inference from studies of low-level exposures in human
populations. Toxicol Appl Pharmacol 222:252-257.</mixed-citation>
         </ref>
         <ref id="d3188e321a1310">
            <mixed-citation id="d3188e325" publication-type="other">
Chen YC, Guo YLL, Su HJJ, Hsueh YM, Smith TJ, Lee MS, et al.
2003a. Arsenic methylation and skin cancer risk in south-
western Taiwan. J Occup Environ Med 45:241-248.</mixed-citation>
         </ref>
         <ref id="d3188e338a1310">
            <mixed-citation id="d3188e342" publication-type="other">
Chen YC, Su HJJ, Guo YLL, Hsueh YM, Smith TJ, Ryan LM, et al.
2003b. Arsenic methylation and bladder cancer risk in
Taiwan. Cancer Causes Control 14:303-310.</mixed-citation>
         </ref>
         <ref id="d3188e355a1310">
            <mixed-citation id="d3188e359" publication-type="other">
Cullen WR, Reimer KJ. 1989. Arsenic speciation in the environ-
ment. Chem Rev 89:713-764.</mixed-citation>
         </ref>
         <ref id="d3188e369a1310">
            <mixed-citation id="d3188e373" publication-type="other">
Engel RR, Hopenhayn-Rich C, Receveur O, Smith AH. 1994.
Vascular effects of chronic arsenic exposure: a review.
Epidemiol Rev 16:184-209.</mixed-citation>
         </ref>
         <ref id="d3188e387a1310">
            <mixed-citation id="d3188e391" publication-type="other">
Enterline PE, Henderson VL, Marsh GM. 1987. Exposure to
arsenic and respiratory cancer. A reanalysis. Am J
Epidemiol 125:929-938.</mixed-citation>
         </ref>
         <ref id="d3188e404a1310">
            <mixed-citation id="d3188e408" publication-type="other">
Hertz-Picciotto I, Smith AH. 1993. Observations on the dose-
response curve for arsenic exposure and lung cancer.
Scand J Work Environ Health 19:217-226.</mixed-citation>
         </ref>
         <ref id="d3188e421a1310">
            <mixed-citation id="d3188e425" publication-type="other">
Hopenhayn-Rich C, Biggs ML, Kaiman DA, Moore LE, Smith AH.
1996a. Arsenic methylation patterns before and after chang-
ing from high to lower concentrations of arsenic in drinking
water. Environ Health Perspect 104:1200-1207.</mixed-citation>
         </ref>
         <ref id="d3188e441a1310">
            <mixed-citation id="d3188e445" publication-type="other">
Hopenhayn-Rich C, Biggs ML, Smith AH, Kaiman DA, Moore LE.
1996b. Methylation study of a population environmentally
exposed to arsenic in drinking water. Environ Health
Perspect 104:620-628.</mixed-citation>
         </ref>
         <ref id="d3188e461a1310">
            <mixed-citation id="d3188e465" publication-type="other">
Hsueh YM, Chiou HY, Huang YL, Wu WL, Huang CC, Yang MH,
et al. 1997. Serum beta-carotene level, arsenic methylation
capability, and incidence of skin cancer. Cancer Epidemiol
Biomarkers Prev 6:589-596.</mixed-citation>
         </ref>
         <ref id="d3188e481a1310">
            <mixed-citation id="d3188e485" publication-type="other">
International Agency for Research on Cancer. 1980. Evaluation of
the Carcinogenic Risk of Some Metals and Metallic
Compounds. Monogr Eval Carcinog Risk Chem Hum 23.</mixed-citation>
         </ref>
         <ref id="d3188e499a1310">
            <mixed-citation id="d3188e503" publication-type="other">
International Agency for Research on Cancer. 1987. Overall
Evaluations of Carcinogenicity: An Updating of IARC
Monographs, Volumes 1 to 42. Monogr Eval Carcinog Risk
ChemHumSuppl7.</mixed-citation>
         </ref>
         <ref id="d3188e519a1310">
            <mixed-citation id="d3188e523" publication-type="other">
Karagas MR, Tosteson TD, Morris JS, Demidenko E, Mott LA,
Heaney J, et al. 2004. Incidence of transitional cell carci-
noma of the bladder and arsenic exposure in New
Hampshire. Cancer Causes Control 15:465-472.</mixed-citation>
         </ref>
         <ref id="d3188e539a1310">
            <mixed-citation id="d3188e543" publication-type="other">
Kitchin KT, Wallace K. 2008. The role of protein binding of triva-
lent arsenicals in arsenic carcinogenesis and toxicity.
J Inorg Biochem 102:532-539.</mixed-citation>
         </ref>
         <ref id="d3188e556a1310">
            <mixed-citation id="d3188e560" publication-type="other">
Kumagai Y, Sumi D. 2007. Arsenic: signal transduction, transcrip-
tion factor, and biotransformation involved in cellular
response and toxicity. Annu Rev Pharmacol Toxicol
47:243-262.</mixed-citation>
         </ref>
         <ref id="d3188e576a1310">
            <mixed-citation id="d3188e580" publication-type="other">
Lamm SH, Engel A, Penn CA, Chen R, Feinleib M. 2006. Arsenic
cancer risk confounder in southwest Taiwan data set.
Environ Health Perspect 114:1077-1082.</mixed-citation>
         </ref>
         <ref id="d3188e593a1310">
            <mixed-citation id="d3188e597" publication-type="other">
Le XC, Ma M, Cullen WR, Aposhian HV, Lu X, Zheng B. 2000.
Determination of monomethylarsonous acid, a key arsenic
methylation intermediate, in human urine. Environ Health
Perspect 108:1015-1018.</mixed-citation>
         </ref>
         <ref id="d3188e614a1310">
            <mixed-citation id="d3188e618" publication-type="other">
Lee A, Fraumeni JF Jr. 1969. Arsenic and respiratory cancer in
man: an occupational study. J Nati Cancer Inst 42:1045-1052.</mixed-citation>
         </ref>
         <ref id="d3188e628a1310">
            <mixed-citation id="d3188e632" publication-type="other">
Lee-Feldstein A. 1983. Arsenic and respiratory cancer in
humans—follow-up of copper smelter employees in
Montana. J Nati Cancer Inst 70:601-610.</mixed-citation>
         </ref>
         <ref id="d3188e645a1310">
            <mixed-citation id="d3188e651" publication-type="other">
Lee-Feldstein A. 1986. Cumulative exposure to arsenic and its
relationship to respiratory cancer among copper smelter
employees. J Occup Med 28:296-302.</mixed-citation>
         </ref>
         <ref id="d3188e664a1310">
            <mixed-citation id="d3188e668" publication-type="other">
Lin S, Cullen WR, Thomas DJ. 1999. Methylarsenicals and
arsinothiols are potent inhibitors of mouse liver thioredoxin
reductase. Chem ResToxicol 12:924-930.</mixed-citation>
         </ref>
         <ref id="d3188e681a1310">
            <mixed-citation id="d3188e685" publication-type="other">
Lin S, Del Razo LM, Styblo M, Wang CQ, Cullen WR, Thomas DJ.
2001. Arsenicals inhibit thioredoxin reductase in cultured rat
hepatocytes. Chem ResToxicol 14:305-311.</mixed-citation>
         </ref>
         <ref id="d3188e698a1310">
            <mixed-citation id="d3188e702" publication-type="other">
Lubin JH, Caporaso N. 2006. Cigarette smoking and lung cancer:
modeling total exposure and intensity. Cancer Epidemiol
Biomarkers Prev 15:517-523.</mixed-citation>
         </ref>
         <ref id="d3188e716a1310">
            <mixed-citation id="d3188e720" publication-type="other">
Lubin JH, Pottern LM, Blot WJ, Tokudome S, Stone BJ, Fraumeni
JF Jr. 1981. Respiratory cancer among copper smelter work-
ers: recent mortality statistics. J Occup Med 23:779-784.</mixed-citation>
         </ref>
         <ref id="d3188e733a1310">
            <mixed-citation id="d3188e737" publication-type="other">
Lubin JH, Pottern LM, Stone BJ, Fraumeni JF. 2000. Respiratory
cancer in a cohort of copper smelter workers: results from
more than 50 years of follow-up. Am J Epidemiol 151:554-565.</mixed-citation>
         </ref>
         <ref id="d3188e750a1310">
            <mixed-citation id="d3188e754" publication-type="other">
Mandai BK, Ogra Y, Suzuki KT. 2001. Identification of dimethyl-
arsinous and monomethylarsonous acids in human urine of
the arsenic-affected areas in West Bengal, India. Chem Res
Toxicol 14:371-378.</mixed-citation>
         </ref>
         <ref id="d3188e770a1310">
            <mixed-citation id="d3188e774" publication-type="other">
Mass MJ, Tennant A, Roop BC, Cullen WR, Styblo M, Thomas DJ,
et al. 2001. Methylated trivalent arsenic species are geno-
toxic. Chem ResToxicol 14:355-361.</mixed-citation>
         </ref>
         <ref id="d3188e787a1310">
            <mixed-citation id="d3188e791" publication-type="other">
Morris HF. 1978. Testimony on proposed standard for exposure to
inorganic arsenic (exhibit 28B) in Department of Labor,
Occupational Safety and Health Administration: occupa-
tional exposures to inorganic arsenic—final standard. Fed
Reg 43:19584-19629.</mixed-citation>
         </ref>
         <ref id="d3188e810a1310">
            <mixed-citation id="d3188e814" publication-type="other">
National Research Council. 2006. Health Risks from Exposure to
Low Levels of Ionizing Radiation (BEIR VII Phase 2).
Washington, DC:National Academy Press.</mixed-citation>
         </ref>
         <ref id="d3188e828a1310">
            <mixed-citation id="d3188e832" publication-type="other">
Petrick JS, Jagadish B, Mash EA, Aposhian HV. 2001.
Monomethylarsonous acid (MMA(III)) and arsenite: LD50 in
hamsters and in vitro inhibition of pyruvate dehydrogenase.
Chem Res Toxicol 14:651-656.</mixed-citation>
         </ref>
         <ref id="d3188e848a1310">
            <mixed-citation id="d3188e852" publication-type="other">
Preston DL, Lubin JH, Pierce DA, McConney ME. 2004. EPICURE:
Risk Regression and Data Analysis Software, Release 2.0.
Seattle:HiroSoft International Corporation.</mixed-citation>
         </ref>
         <ref id="d3188e865a1310">
            <mixed-citation id="d3188e869" publication-type="other">
Pu YS, Yang SM, Huang Yk, Chung CJ, Huang SK, Chiu AW, et al.
2007. Urinary arsenic profile affects the risk of urothelial
carcinoma even at low arsenic exposure. Toxicol Appl
Pharmacol 218:99-106.</mixed-citation>
         </ref>
         <ref id="d3188e885a1310">
            <mixed-citation id="d3188e889" publication-type="other">
Rahman M, Vahter M, Sohel N, Yunus M, Wahed MA, Streatfield
PK, et al. 2006. Arsenic exposure and age- and sex-specific
risk for skin lesions: a population-based case-referent study
in Bangladesh. Environ Health Perspect 114:1847-1852.</mixed-citation>
         </ref>
         <ref id="d3188e905a1310">
            <mixed-citation id="d3188e909" publication-type="other">
Steinmaus C, Bates MN, Yuan Y, Kaiman D, Atallah R, Rey OA,
et al. 2006. Arsenic methylation and bladder cancer risk in
case-control studies in Argentina and the United States.
J Occup Environ Med 48:478-488.</mixed-citation>
         </ref>
         <ref id="d3188e925a1310">
            <mixed-citation id="d3188e929" publication-type="other">
Styblo M, Del Razo LM, Vega L, Germolec DR, LeCluyse EL,
Hamilton GA, et al. 2000. Comparative toxicity of trivalent
and pentavaient inorganic and methylated arsenicals in rat
and human cells. Arch Toxicol 74:289-299.</mixed-citation>
         </ref>
         <ref id="d3188e946a1310">
            <mixed-citation id="d3188e950" publication-type="other">
Styblo M, Drobna Z, Jaspers I, Lin S, Thomas DJ. 2002. The role
of biomethylation in toxicity and carcinogenicity of arsenic:
a research update. Environ Health Perspect 110(suppl
5):767-771.</mixed-citation>
         </ref>
         <ref id="d3188e966a1310">
            <mixed-citation id="d3188e970" publication-type="other">
Styblo M, Thomas DJ. 1997. Binding of arsenicals to proteins in an
in vitro methylation system. Toxicol Appl Pharmacol 147:1-8.</mixed-citation>
         </ref>
         <ref id="d3188e980a1310">
            <mixed-citation id="d3188e984" publication-type="other">
Valenzuela OL, Borja-Aburto VH, Garcia-Vargas GG, Cruz-
Gonzalez MB, Garcia-Montalvo EA, Calderon-Aranda ES,
et al. 2005. Urinary trivalent methylated arsenic species in a
population chronically exposed to inorganic arsenic.
Environ Health Perspect 113:250-254</mixed-citation>
         </ref>
         <ref id="d3188e1003a1310">
            <mixed-citation id="d3188e1007" publication-type="other">
Waters SB, Devesa V, Fricke MW, Creed JT, Styblo M, Thomas
DJ. 2004. Glutathione modulates recombinant rat arsenic
(+3 oxidation state) methyltransferase-catalyzed formation
of trimethylarsine oxide and trimethylarsine. Chem Res
Toxicol 17:1621-1629.</mixed-citation>
         </ref>
         <ref id="d3188e1026a1310">
            <mixed-citation id="d3188e1030" publication-type="other">
World Health Organization. 2001. Environmental Health Criteria 224:
Arsenic and Arsenic Compounds. 2nd ed. Geneva:World
Health Organization.</mixed-citation>
         </ref>
         <ref id="d3188e1043a1310">
            <mixed-citation id="d3188e1047" publication-type="other">
Yu HS, Liao WT, Chai CY. 2006. Arsenic carcinogenesis in the
skin. J Biomed Sci 13:657-666.</mixed-citation>
         </ref>
         <ref id="d3188e1058a1310">
            <mixed-citation id="d3188e1062" publication-type="other">
Yu RC, Hsu KH, Chen CJ, Froines JR. 2000. Arsenic methylation
capacity and skin cancer. Cancer Epidemiol Biomarkers
Prev 9:1259-1262.</mixed-citation>
         </ref>
      </ref-list>
   </back>
</article>
