<article xmlns:xsi="http://www.w3.org/2001/XMLSchema-instance"
         xmlns:xlink="http://www.w3.org/1999/xlink"
         xmlns:mml="http://www.w3.org/1998/Math/MathML"
         dtd-version="1.0"
         article-type="research-article">
   <front>
      <journal-meta>
         <journal-id journal-id-type="jstor">envihealpers</journal-id>
         <journal-id journal-id-type="jstor">j100482</journal-id>
         <journal-title-group>
            <journal-title>Environmental Health Perspectives</journal-title>
         </journal-title-group>
         <publisher>
            <publisher-name>National Institute of Environmental Health Sciences. National Institutes of Health. Department of Health, Education and Welfare</publisher-name>
         </publisher>
         <issn pub-type="ppub">00916765</issn>
      </journal-meta>
      <article-meta>
         <article-id pub-id-type="jstor">25434938</article-id>
         <article-id pub-id-type="pub-doi">10.1289/ehp.11670</article-id>
         <article-categories>
            <subj-group>
               <subject>Research</subject>
               <subj-group>
                  <subject>Children's Health</subject>
               </subj-group>
            </subj-group>
         </article-categories>
         <title-group>
            <article-title>Effect of Arsenic Exposure during Pregnancy on Infant Development at 7 Months in Rural Matlab, Bangladesh</article-title>
         </title-group>
         <contrib-group>
            <contrib>
               <string-name>
                  <given-names>Fahmida</given-names>
                  <surname>Tofail</surname>
               </string-name>
            </contrib>
            <contrib>
               <string-name>
                  <given-names>Marie</given-names>
                  <surname>Vahter</surname>
               </string-name>
            </contrib>
            <contrib>
               <string-name>
                  <given-names>Jena D.</given-names>
                  <surname>Hamadani</surname>
               </string-name>
            </contrib>
            <contrib>
               <string-name>
                  <given-names>Barbro</given-names>
                  <surname>Nermell</surname>
               </string-name>
            </contrib>
            <contrib>
               <string-name>
                  <given-names>Syed N.</given-names>
                  <surname>Huda</surname>
               </string-name>
            </contrib>
            <contrib>
               <string-name>
                  <given-names>Mohammad</given-names>
                  <surname>Yunus</surname>
               </string-name>
            </contrib>
            <contrib>
               <string-name>
                  <given-names>Mahfuzar</given-names>
                  <surname>Rahman</surname>
               </string-name>
            </contrib>
            <contrib>
               <string-name>
                  <given-names>Sally M.</given-names>
                  <surname>Grantham-McGregor</surname>
               </string-name>
            </contrib>
         </contrib-group>
         <pub-date>
            <day>1</day>
            <month>2</month>
            <year>2009</year>
         </pub-date>
         <volume>117</volume>
         <issue>2</issue>
         <issue-id>i25434902</issue-id>
         <fpage>288</fpage>
         <lpage>293</lpage>
         <self-uri xlink:href="http://www.jstor.org/stable/25434938"/>
         <abstract>
            <p>Background: Exposure to arsenic-contaminated drinking water during pregnancy is associated with low birth weight and fetal loss, and there is concern that the infants' development may be affected. Objective: We assessed the effects of in utero arsenic exposure during pregnancy on infants' problem-solving ability and motor development. Methods: We conducted a large population-based study of nutritional supplementation with 4,436 pregnant women in Matlab, Bangladesh, an area of high-arsenic-contaminated tube wells. We measured arsenic concentration in spot urine specimens at 8 and 30 weeks of pregnancy. We assessed a subsample of 1,799 infants, born to these mothers, at 7 months of age on two problem-solving tests (PSTs), the motor scale of the Bayley Scales of Infant Development-II, and behavior ratings. Result: Arsenic concentrations in maternal urine were high, with a median (interquartile range) of 81 μg/L (37-207 μg/L) at 8 weeks of gestation and of 84 μg/L (42-230 μg/L) at 30 weeks. Arsenic exposure was related to many poor socioeconomic conditions that also correlated with child development measures. Multiple regressions of children's motor and PST scores and behavior ratings, controlling for socioeconomic background variables, age, and sex, showed no significant effect of urinary arsenic concentration on any developmental outcome. Conclusion: We detected no significant effect of arsenic exposure during pregnancy on infant development. However, it is possible that other effects are as yet unmeasured or that effects will become apparent at a later age.</p>
         </abstract>
         <kwd-group>
            <kwd>Bangladesh cognitive function</kwd>
            <kwd>Infants</kwd>
            <kwd>Motor development</kwd>
            <kwd>Problem-solving tests</kwd>
            <kwd>Urinary arsenic</kwd>
         </kwd-group>
         <custom-meta-group>
            <custom-meta>
               <meta-name>lang</meta-name>
               <meta-value>eng</meta-value>
            </custom-meta>
         </custom-meta-group>
      </article-meta>
   </front>
   <back>
      <ref-list>
         <title>References</title>
         <ref id="d3659e240a1310">
            <mixed-citation id="d3659e244" publication-type="other">
Ahmad SA, Sayed MH, Barua S, Khan MH, Faruquee MH, Jalil
A, et al. 2001. Arsenic in drinking water and pregnancy
outcomes. Environ Health Perspect 109:629-631.</mixed-citation>
         </ref>
         <ref id="d3659e257a1310">
            <mixed-citation id="d3659e261" publication-type="other">
Alaerts G, Khouri N, Kabir B. 2001. Strategies to mitigate arse-
nic contamination of water supply. In: Arsenic in Drinking
Water. United Nations Synthesis Report on Arsenic in
Drinking Water. Available: http://www.who.int/water_sani-
tation_health/dwq/arsenicun8.pdf [accessed 4 June 2005].</mixed-citation>
         </ref>
         <ref id="d3659e280a1310">
            <mixed-citation id="d3659e284" publication-type="other">
Bayley N. 1993. Bayley Scales of Infant Development. 2nd ed.
San Antonio, TX:Psychological Corporation.</mixed-citation>
         </ref>
         <ref id="d3659e294a1310">
            <mixed-citation id="d3659e298" publication-type="other">
Black MM, Baqui AH, Zaman K, Ake Persson L, El Arifeen
S, Le K, et al. 2004. Iron and zinc supplementation pro-
mote motor development and exploratory behavior among
Bangladeshi infants. Am J Clin Nutr 80(4):903-910.</mixed-citation>
         </ref>
         <ref id="d3659e315a1310">
            <mixed-citation id="d3659e319" publication-type="other">
British Geological Survey. 2001. Arsenic Contamination of
Ground Water in Bangladesh. British Geological Survey
Technical Report, WC/00/19, Vol 1 (Kinniburgh DG,
Smedley PL, eds). Keyworth, UK:British Geological Survey.</mixed-citation>
         </ref>
         <ref id="d3659e335a1310">
            <mixed-citation id="d3659e339" publication-type="other">
Calderón J, Navarro ME, Jimenez-Capdeville ME, Santos-Diaz
MA, Golden A, Rodriguez-Leyva I, et al. 2001. Exposure to
arsenic and lead and neuropsychological development in
Mexican children. Environ Res 85(2):69-76.</mixed-citation>
         </ref>
         <ref id="d3659e355a1310">
            <mixed-citation id="d3659e359" publication-type="other">
Chattopadhyay S, Bhaumik S, Purkayastha M, Basu S, Nag
Chaudhuri A, Das Gupta S. 2002. Apoptosis and necrosis in
developing brain cells due to arsenic toxicity and protec-
tion with antioxidants. Toxicol Lett 136(1 ):65-76.</mixed-citation>
         </ref>
         <ref id="d3659e375a1310">
            <mixed-citation id="d3659e379" publication-type="other">
Colombo J. 1993. Infant Cognition: Predicting Later Intellectual
Functioning. Individual Differences and Development
Series. Vol 5. London:Sage.</mixed-citation>
         </ref>
         <ref id="d3659e392a1310">
            <mixed-citation id="d3659e396" publication-type="other">
Concha G, Vogler G, Lezcano D, Nermell B, Vahter M. 1998.
Exposure to inorganic arsenic metabolites during early
human development. Toxicol Sei 44(2): 185-190.</mixed-citation>
         </ref>
         <ref id="d3659e409a1310">
            <mixed-citation id="d3659e413" publication-type="other">
Fangstrom B, Moore S, Nermell B, Kuenstl L, Goessler W,
Grander M, et al. 2008. Breast-feeding protects against
arsenic exposure in Bangladeshi infants. Environ Health
Perspect 116:963-996.</mixed-citation>
         </ref>
         <ref id="d3659e430a1310">
            <mixed-citation id="d3659e434" publication-type="other">
Golub MS, Macintosh MS, Baumrind N. 1998. Developmental
and reproductive toxicity of inorganic arsenic: animal
studies and human concerns. J Toxicol Environ Health B
Crit Rev 1(3): 199-241.</mixed-citation>
         </ref>
         <ref id="d3659e450a1310">
            <mixed-citation id="d3659e454" publication-type="other">
Grantham-McGregor SM, Cheung YB, Cueto S, Glewwe P,
Richter L, Strupp B, et al. 2007. Child development in
developing countries 1. Developmental potential in the
first 5 years for children in developing countries. Lancet
369:60-70.</mixed-citation>
         </ref>
         <ref id="d3659e473a1310">
            <mixed-citation id="d3659e477" publication-type="other">
Hamadani J, Fuchs GJ, Osendarp SJM, Huda SN, Grantham-
McGregor SM. 2002. Zinc supplementation during preg-
nancy and effects on mental development and behavior of
infants: a follow-up study. Lancet 360:290-294.</mixed-citation>
         </ref>
         <ref id="d3659e493a1310">
            <mixed-citation id="d3659e497" publication-type="other">
Hopenhayn C, Ferreccio C, Browning SR, Huang B, Peralta C,
Gibb H, et al. 2003. Arsenic exposure from drinking water
and birth weight. Epidemiology 14(5):593-602.</mixed-citation>
         </ref>
         <ref id="d3659e510a1310">
            <mixed-citation id="d3659e514" publication-type="other">
Huyck KL, Kile ML, Mahiuddin G, Quamruzzaman Q, Rahman M,
Breton CV, et al. 2007. Maternal arsenic exposure associ-
ated with low birth weight in Bangladesh. J Occup Environ
Med49(10):1097-1104.</mixed-citation>
         </ref>
         <ref id="d3659e530a1310">
            <mixed-citation id="d3659e536" publication-type="other">
Li L, Ekström EC, Goessler W, Lonnerdal B, Nermell B, Yunus
MR, et al. 2008. Nutritional status has marginal influ-
ence on the metabolism of inorganic arsenic in pregnant
Bangladeshi women. Environ Health Perspect 116:315-321.</mixed-citation>
         </ref>
         <ref id="d3659e553a1310">
            <mixed-citation id="d3659e557" publication-type="other">
Lind T, Lonnerdal B, Stenlund H, Gamavanti IL, Ismail D,
Seswandhana R, et al. 2004; A community-based random-
ized controlled trial of iron and zinc supplementation in
Indonesian infants: effects on growth and development.
Am J Clin Nutr 80(3):729-736.</mixed-citation>
         </ref>
         <ref id="d3659e576a1310">
            <mixed-citation id="d3659e580" publication-type="other">
Meeks Gardner J, Walker SP, Powell CA, Grantham-McGregor
S. 2003. A randomized controlled trial of a home-visiting
intervention on cognition and behavior in term low birth
weight infants. J Pediatr 143(5):634-639.</mixed-citation>
         </ref>
         <ref id="d3659e596a1310">
            <mixed-citation id="d3659e600" publication-type="other">
Moffatt ME, Longstaffe S, Besant J, Dureski C. 1994. Prevention
of iron deficiency and psychomotor decline in high-risk
infants through use of iron-fortified infant formula: a ran-
domized clinical trial. J Pediatr 125(4):527-534.</mixed-citation>
         </ref>
         <ref id="d3659e616a1310">
            <mixed-citation id="d3659e620" publication-type="other">
Mukherjee S, Das D, Mukherjee M, Das AS, Mitra C. 2006.
Synergistic effect of folie acid and vitamin B12 in amelio-
rating arsenic-induced oxidative damage in pancreatic
tissue of rat. J Nutr Biochem 17(5):319-327.</mixed-citation>
         </ref>
         <ref id="d3659e636a1310">
            <mixed-citation id="d3659e640" publication-type="other">
National Research Council. 1999. Arsenic in Drinking Water.
Washington, DC:National Academy Press.</mixed-citation>
         </ref>
         <ref id="d3659e650a1310">
            <mixed-citation id="d3659e654" publication-type="other">
National Research Council, Subcommittee to Update the
1999 Arsenic in Drinking Water Report. 2001. Arsenic in
Drinking Water 2001 Update. Washington, DC:National
Research Council.</mixed-citation>
         </ref>
         <ref id="d3659e671a1310">
            <mixed-citation id="d3659e675" publication-type="other">
Nermell B, Lindberg AL, Rahman M, Berglund M, Persson
LA, El Arifeen S, et al. 2008. Urinary arsenic concentra-
tion adjustment factors and malnutrition. Environ Res
106(2):212-218.</mixed-citation>
         </ref>
         <ref id="d3659e691a1310">
            <mixed-citation id="d3659e695" publication-type="other">
Piaget J. 1955. The Construction of Reality in the Child.
London:Routledge and Kegan Paul.</mixed-citation>
         </ref>
         <ref id="d3659e705a1310">
            <mixed-citation id="d3659e709" publication-type="other">
Pollitt E, Oh SY. 1994. Early supplementary feeding, child devel-
opment, and health policy. Food Nutr Bull 15(3):208-214.</mixed-citation>
         </ref>
         <ref id="d3659e719a1310">
            <mixed-citation id="d3659e723" publication-type="other">
Rahman A, Vahter M, Ekstrom EC, Rahman M, Golam Mustafa
AH, Wahed MA, et al. 2007. Association of arsenic exposure
during pregnancy with fetal loss and infant death: a cohort
study in Bangladesh. Am J Epidemiol 165(12): 1389-1396.</mixed-citation>
         </ref>
         <ref id="d3659e739a1310">
            <mixed-citation id="d3659e743" publication-type="other">
Rahman M, Vahter M, Wahed MA, Sohel N, Yunus M,
Streatfield PK, et al. 2006. Prevalence of arsenic exposure
and skin lesions. A population based survey in Matlab,
Bangladesh. J Epidemiol Community Health 60(3):242-248.</mixed-citation>
         </ref>
         <ref id="d3659e759a1310">
            <mixed-citation id="d3659e763" publication-type="other">
Rosado JL, Ronquillo D, Kordas K, Rojas 0, Alatorre J, Lopez P,
et al. 2007. Arsenic exposure and cognitive performance
in Mexican schoolchildren. Environ Health Perspect
115:1371-1375.</mixed-citation>
         </ref>
         <ref id="d3659e780a1310">
            <mixed-citation id="d3659e784" publication-type="other">
Saha KK, Frongillo EA, Alam DS, Arifeen SE, Persson LA,
Rasmussen KM. 2008. Appropriate infant feeding practices
result in better growth of infants and young children in
rural Bangladesh. Am J Clin Nutr 87(6):1852-1859.</mixed-citation>
         </ref>
         <ref id="d3659e800a1310">
            <mixed-citation id="d3659e804" publication-type="other">
Slater A. 1995. Individual differences in infancy and later IQ.
J Child Psych Psychiatr 36:69-112.</mixed-citation>
         </ref>
         <ref id="d3659e814a1310">
            <mixed-citation id="d3659e818" publication-type="other">
Tofail F, Kabir I, Hamadani JD, Chowdhury F, Yesmin S,
Mehreen F, et al. 2006. Supplementation of fish-oil and
soy-oil during pregnancy and psychomotor development
of infants. J Health Popul Nutr 24(1):48-56.</mixed-citation>
         </ref>
         <ref id="d3659e834a1310">
            <mixed-citation id="d3659e838" publication-type="other">
Tofail F, Persson LA, El Arifeen S, Hamadani JD, Mehrin F,
Ridout D, et al. 2008. Effects of prenatal food and micro-
nutrient supplementation on infant development: a ran-
domized trial from the Maternal and Infant Nutrition
Interventions, Matlab (MINIMat) study. Am J Clin Nutr
87(3):704-711.</mixed-citation>
         </ref>
         <ref id="d3659e861a1310">
            <mixed-citation id="d3659e865" publication-type="other">
Tsai SY, Chou HY, The HW, Chen CM, Chen CJ. 2003. The
effects of chronic arsenic exposure from drinking water
on the neurobehavioral development in adolescence.
Neurotoxicology 24(4-5):747-753.</mixed-citation>
         </ref>
         <ref id="d3659e881a1310">
            <mixed-citation id="d3659e885" publication-type="other">
Tseng CH. 2007. Arsenic methyiation, urinary arsenic metabo-
lites and human diseases: current perspective. J Environ
Sei Health C Environ Carcinog Ecotoxicol Rev 25(1):1-22.</mixed-citation>
         </ref>
         <ref id="d3659e899a1310">
            <mixed-citation id="d3659e903" publication-type="other">
Vahter M. 2002. Mechanisms of arsenic biotransformation.
Toxicology 181-182:211-217.</mixed-citation>
         </ref>
         <ref id="d3659e913a1310">
            <mixed-citation id="d3659e917" publication-type="other">
Vahter ME. 2007. Interactions between arsenic-induced toxic-
ity and nutrition in early life. J Nutr 137(12):2798-2804.</mixed-citation>
         </ref>
         <ref id="d3659e927a1310">
            <mixed-citation id="d3659e931" publication-type="other">
Vahter ME, Li L, Nermell B, Rahman A, El Arifeen S, Rahman M,
et al. 2006. Arsenic exposure in pregnancy: a population-
based study in Matlab, Bangladesh. J Health Popul Nutr
24(2):236-245.</mixed-citation>
         </ref>
         <ref id="d3659e947a1310">
            <mixed-citation id="d3659e951" publication-type="other">
von Ehrenstein OS, Poddar S, Yuan Y, Mazumder DG, Eskenazi
B, Basu A, et al. 2007. Children's intellectual function in
relation to arsenic exposure. Epidemiology 18(1):44-51.</mixed-citation>
         </ref>
         <ref id="d3659e964a1310">
            <mixed-citation id="d3659e968" publication-type="other">
Wang SX, Wang ZH, Cheng XT, Li J, Sang ZP, Zhang XD, et al.
2007. Arsenic and fluoride exposure in drinking water: chil-
dren's IQ and growth in Shanyin county, Shanxi province,
China. Environ Health Perspect 115:643-647.</mixed-citation>
         </ref>
         <ref id="d3659e984a1310">
            <mixed-citation id="d3659e988" publication-type="other">
Wasserman GA, Liu X, Parvez F, Ahsan H, Factor-Litvak P, Kline
J, et al. 2007. Water arsenic exposure and intellectual
function in 6-year-old children in Araihazar, Bangladesh.
Environ Health Perspect 115:285-289.</mixed-citation>
         </ref>
         <ref id="d3659e1005a1310">
            <mixed-citation id="d3659e1009" publication-type="other">
Wasserman GA, Liu X, Parvez F, Ahsan H, Factor-Litvak P, van
Geen A, et al. 2004. Water arsenic exposure and children's
intellectual function in Araihazar, Bangladesh. Environ
Health Perspect 112:1329-1333.</mixed-citation>
         </ref>
         <ref id="d3659e1025a1310">
            <mixed-citation id="d3659e1029" publication-type="other">
WHO. 1983. Measuring Change in Nutritional Status. Guidelines
for Assessing the Nutritional Impact of Supplementary
Feeding Programmes for Vulnerable Groups. Geneva:World
Health Organization.</mixed-citation>
         </ref>
         <ref id="d3659e1045a1310">
            <mixed-citation id="d3659e1049" publication-type="other">
WHO. 2001. Arsenic and Arsenic Compounds. 2nd ed.
Environmental Health Criteria 224. Geneva:World Health
Organization.</mixed-citation>
         </ref>
         <ref id="d3659e1062a1310">
            <mixed-citation id="d3659e1068" publication-type="other">
WHO. 2006. Global Database on Child Growth and Malnutrition.
World Health Organization. Available: http://www.who.int/
nutgrowthdb/database/en/ [accessed 1 January 2008].</mixed-citation>
         </ref>
         <ref id="d3659e1081a1310">
            <mixed-citation id="d3659e1085" publication-type="other">
Willatts P. 1984. Stages in the development of intentional
search by young infants. Dev Psychol 20(3):389-396.</mixed-citation>
         </ref>
         <ref id="d3659e1095a1310">
            <mixed-citation id="d3659e1099" publication-type="other">
Willatts P. 1997. Beyond the "couch potato" infant: how infants
use their knowledge to regulate action, solve problems,
and achieve goals. In: Infant Development: Recent
Advances (Bremner JC, Slater A, Butterworth G, eds).
Hove, UK:Psychology Press, 109-135.</mixed-citation>
         </ref>
         <ref id="d3659e1119a1310">
            <mixed-citation id="d3659e1123" publication-type="other">
Willatts P. 1999. Development of means-end behavior in young
infants: pulling a support to retrieve a distant object. Dev
Psychol 35(3):651-667.</mixed-citation>
         </ref>
         <ref id="d3659e1136a1310">
            <mixed-citation id="d3659e1140" publication-type="other">
Willatts P, Forsyth JS, DiModugno MK, Varma S, Colvin M.
1998a. Effect of long-chain polyunsaturated fatty acids
in infant formula on problem solving at 10 months of age.
Lancet 352(9129):688-691.</mixed-citation>
         </ref>
         <ref id="d3659e1156a1310">
            <mixed-citation id="d3659e1160" publication-type="other">
Willatts P, Forsyth JS, DiModugno MK, Varma S, Colvin M.
1998b. Influence of long-chain polyunsaturated fatty acids
on infant cognitive function. Lipids 33(10):973-980.</mixed-citation>
         </ref>
         <ref id="d3659e1173a1310">
            <mixed-citation id="d3659e1177" publication-type="other">
Wlodarczyk BJ, Bennett GD, Calvin JA, Finnell RH. 1996.
Arsenic-induced neural tube defects in mice: alterations in
cell cycle gene expression. Reprod Toxicol 10(6):447-454.</mixed-citation>
         </ref>
         <ref id="d3659e1190a1310">
            <mixed-citation id="d3659e1194" publication-type="other">
Wolke D, Skuse D, Mathisen V. 1990. Behavioral style in failure
to thrive infants: a preliminary communication. J Pediatr
Psychol 15:237-254.</mixed-citation>
         </ref>
         <ref id="d3659e1207a1310">
            <mixed-citation id="d3659e1211" publication-type="other">
Wright RO, Amarasiriwardena C, Woolf AD, Jim R, Bellinger
DC. 2006. Neuropsychological correlates of hair arsenic,
manganese, and cadmium levels in school-age children
residing near a hazardous waste site. Neurotoxicology
27(2):210-216.</mixed-citation>
         </ref>
      </ref-list>
   </back>
</article>
