<article xmlns:xsi="http://www.w3.org/2001/XMLSchema-instance"
         xmlns:xlink="http://www.w3.org/1999/xlink"
         xmlns:mml="http://www.w3.org/1998/Math/MathML"
         dtd-version="1.0"
         article-type="research-article">
   <front>
      <journal-meta>
         <journal-id journal-id-type="jstor">envihealpers</journal-id>
         <journal-id journal-id-type="jstor">j100482</journal-id>
         <journal-title-group>
            <journal-title>Environmental Health Perspectives</journal-title>
         </journal-title-group>
         <publisher>
            <publisher-name>National Institute of Environmental Health Sciences. National Institutes of Health. Department of Health, Education and Welfare</publisher-name>
         </publisher>
         <issn pub-type="ppub">00916765</issn>
      </journal-meta>
      <article-meta>
         <article-id pub-id-type="jstor">25434923</article-id>
         <article-id pub-id-type="pub-doi">10.1289/ehp.11766</article-id>
         <article-categories>
            <subj-group>
               <subject>Research</subject>
            </subj-group>
         </article-categories>
         <title-group>
            <article-title>Medications as a Potential Source of Exposure to Phthalates in the U.S. Population</article-title>
         </title-group>
         <contrib-group>
            <contrib>
               <string-name>
                  <given-names>Sonia</given-names>
                  <surname>Hernández-Díaz</surname>
               </string-name>
            </contrib>
            <contrib>
               <string-name>
                  <given-names>Allen A.</given-names>
                  <surname>Mitchell</surname>
               </string-name>
            </contrib>
            <contrib>
               <string-name>
                  <given-names>Katherine E.</given-names>
                  <surname>Kelley</surname>
               </string-name>
            </contrib>
            <contrib>
               <string-name>
                  <given-names>Antonia M.</given-names>
                  <surname>Calafat</surname>
               </string-name>
            </contrib>
            <contrib>
               <string-name>
                  <given-names>Russ</given-names>
                  <surname>Hauser</surname>
               </string-name>
            </contrib>
         </contrib-group>
         <pub-date>
            <day>1</day>
            <month>2</month>
            <year>2009</year>
         </pub-date>
         <volume>117</volume>
         <issue>2</issue>
         <issue-id>i25434902</issue-id>
         <fpage>185</fpage>
         <lpage>189</lpage>
         <self-uri xlink:href="http://www.jstor.org/stable/25434923"/>
         <abstract>
            <p>Background: Widespread human exposure to phthalates, some of which are developmental and reproductive toxicants in experimental animals, raises concerns about potential human health risks. Underappreciated sources of exposure include phthalates in the polymers coating some oral medications. Objective: The objective of this study was to evaluate whether users of phthalate-containing medications have higher urinary concentrations of phthalate metabolites than do nonusers. Methods: We used publically available files from the National Health and Nutrition Examination Survey for the years 1999-2004. For certain survey periods, participants were asked to recall use of prescription medication during the past 30 days, and for a subsample of individuals, the urinary concentrations of phthalate metabolites were measured. We a priori identified medications potentially containing phthalates as inactive ingredients and then compared the mean urinary concentration of phthalate metabolites between users and nonusers of those medications. Results: Of the 7,999 persons with information on urinary phthalate concentrations, 6 reported using mesalamine formulations, some of which may include dibutyl phthalate (DBP); the mean urinary concentration of monobutyl phthalate, the main DBP metabolite, among these mesalamine users was 50 times higher than the mean for nonusers (2,257 μg/L vs. 46 μg/L; p &lt; 0.0001). Users of didanosine, omeprazole, and theophylline products, some of which may contain diethyl phthalate (DEP), had mean urinary concentrations of monoethyl phthalate, the main DEP metabolite, significantly higher than the mean for nonusers. Conclusion: Select medications might be a source of high exposure to some phthalates, one of which, DBP, shows adverse developmental and reproductive effects in laboratory animals. These results raise concern about potential human health risks, specifically among vulnerable segments of the general population and particularly pregnant women and children.</p>
         </abstract>
         <kwd-group>
            <kwd>Coating</kwd>
            <kwd>Didanosine</kwd>
            <kwd>Medications</kwd>
            <kwd>Mesalamine</kwd>
            <kwd>Omeprazole</kwd>
            <kwd>Phthalates</kwd>
            <kwd>Theophylline</kwd>
         </kwd-group>
         <custom-meta-group>
            <custom-meta>
               <meta-name>lang</meta-name>
               <meta-value>eng</meta-value>
            </custom-meta>
         </custom-meta-group>
      </article-meta>
   </front>
   <back>
      <ref-list>
         <title>References</title>
         <ref id="d3498e213a1310">
            <mixed-citation id="d3498e217" publication-type="other">
Agency for Toxic Substances and Disease Registry. 2001.
Di-n-butyl Phthalate. Available: http://www.atsdr.cdc.gov/
tfacts135.html (accessed 12 February 2008].</mixed-citation>
         </ref>
         <ref id="d3498e230a1310">
            <mixed-citation id="d3498e234" publication-type="other">
Blount B, Milgram K, Silva M, Malek N, Reidy J, Needham L,
et al. 2000. Quantitative detection of eight phthalate metab-
olites in human urine using HPLC-APCI-MS/MS. Anal Chem
72:4127-4134.</mixed-citation>
         </ref>
         <ref id="d3498e250a1310">
            <mixed-citation id="d3498e254" publication-type="other">
Borch J, Metzdorff S, Vinggaard A, Brokken L, Dalgaard M.
2006. Mechanisms underlying the anti-androgenic effects
of diethylhexyl phthalate in fetal rat testis. Toxicology
223:144-155.</mixed-citation>
         </ref>
         <ref id="d3498e270a1310">
            <mixed-citation id="d3498e274" publication-type="other">
Calafat AM, Silva MJ, Reidy JA, Gray LE, Samandar E, Preau
JL, et al. 2006. Mono-3-carboxypropyl phthalate, a metab-
olite of di-n-octyl phthalate. J Toxicol Environ Health
69:215-227.</mixed-citation>
         </ref>
         <ref id="d3498e291a1310">
            <mixed-citation id="d3498e295" publication-type="other">
CDC. 2005. Third National Report on Human Exposure to
Environmental Chemicals. Atlanta, GA:Centers for Disease
Control and Prevention, National Center for Environmental
Health, Division of Laboratory Sciences. Available: http://
www.cdc.gov/exposurereport/pdfAhirdreport.pdf [accessed
17 December 2008].</mixed-citation>
         </ref>
         <ref id="d3498e318a1310">
            <mixed-citation id="d3498e322" publication-type="other">
CDC (Centers for Disease Control and Prevention). 2008. National
Health and Nutrition Examination Survey. 2003-2004
Laboratory Files. Lab 24 Urinary Phthalates. Available: http://
www.cdc.gov/nchs/about/major/nhanes/nhanes2003-2004/
Iab03_04.htm [accessed 12 February 2008].</mixed-citation>
         </ref>
         <ref id="d3498e341a1310">
            <mixed-citation id="d3498e345" publication-type="other">
David R. 2000. Exposure to phthalate esters [Letter]. Environ
Health Perspect 108:A440.</mixed-citation>
         </ref>
         <ref id="d3498e355a1310">
            <mixed-citation id="d3498e359" publication-type="other">
Gray L, Ostby J, Furr J, Price M, Veeramachaneni DN, Parks L
2000. Perinatal exposure to the phthalates DEHP, BBP, and
DINP, but not DEP, DMP, or D0TP, alters sexual differen-
tiation of the male rat. Toxicol Sei 58:350-365.</mixed-citation>
         </ref>
         <ref id="d3498e375a1310">
            <mixed-citation id="d3498e379" publication-type="other">
Hauser R, Calafat A. 2004. Phthalates and human health. Occup
Environ Med 62:806-818.</mixed-citation>
         </ref>
         <ref id="d3498e389a1310">
            <mixed-citation id="d3498e393" publication-type="other">
Hauser R, Duty S, Godfrey-Bailey L, Calafat AM. 2004. Medications
as a source of human exposure to phthalates. Environ Health
Perspect 112:751-753.</mixed-citation>
         </ref>
         <ref id="d3498e407a1310">
            <mixed-citation id="d3498e411" publication-type="other">
Hornung R, Reed L 1990. Estimation of average concentration in
the presence of nondetectable values. Appl Occup Environ
Hyg 5:46-51.</mixed-citation>
         </ref>
         <ref id="d3498e424a1310">
            <mixed-citation id="d3498e428" publication-type="other">
Kato K, Silva M, Needham L, Calafat A. 2005. Determination of
16 phthalate metabolites in urine using automated sample
preparation and on-line preconcentration/high-performance
liquid chromatography/tandem mass spectrometry. Anal
Chem 77:2985-2991.</mixed-citation>
         </ref>
         <ref id="d3498e447a1310">
            <mixed-citation id="d3498e451" publication-type="other">
Koch H, Drexler H, Angerer J. 2003. An estimation of the daily
intake of di(2-ethylhexyl)phthalate (DEHP) and other
phthalates in the general population. Int J Hyg Environ
Health 206:1-7.</mixed-citation>
         </ref>
         <ref id="d3498e467a1310">
            <mixed-citation id="d3498e471" publication-type="other">
Koch H, Muller J, Drexler H, Angerer J. 2005. Dibutylphthalate
(DBP) in medications: are pregnant women and infants at
risk? Umweltmed Forsch Prax 10:144-146.</mixed-citation>
         </ref>
         <ref id="d3498e484a1310">
            <mixed-citation id="d3498e488" publication-type="other">
Marsee K, Woodruff TJ, Axelrad DA, Calafat AM, Swan SH.
2006. Estimated daily phthalate exposures in a population
of mothers of male infants exhibiting reduced anogenital
distance. Environ Health Perspect 114:805-809.</mixed-citation>
         </ref>
         <ref id="d3498e504a1310">
            <mixed-citation id="d3498e508" publication-type="other">
McDowell A, Engel A, Massey J, Maurer K. 1981. Plan and opera-
tion of the Second National Health and Nutrition Examination
Survey, 1976-1980. Vital Health Stat 1(15):1-407.</mixed-citation>
         </ref>
         <ref id="d3498e522a1310">
            <mixed-citation id="d3498e526" publication-type="other">
NCHS (National Center for Health Statistics). 1994. Plan and
operation of the Third National Health and Nutrition
Examination Survey, 1988-94. Vital Health Stat 1(32):1-407.</mixed-citation>
         </ref>
         <ref id="d3498e539a1310">
            <mixed-citation id="d3498e545" publication-type="other">
NCHS (National Center for Health Statistics). 2007. Continuous
NHANES Web Tutorial. Variance Estimation. Available:
http://www.cdc.gov/nchs/tutorials/nhanes/SurveyDesign/
VarianceEstimation/intro.htm [accessed 17 December 2008].</mixed-citation>
         </ref>
         <ref id="d3498e561a1310">
            <mixed-citation id="d3498e565" publication-type="other">
NHANES (National Health and Nutrition Examination Survey).
2005. NHANES 1999-2000 Data Files. Available: http://
www.cdc.gov/nchs/about/major/nhanes/nhanes99_00.htm
[accessed 17 December 2008].</mixed-citation>
         </ref>
         <ref id="d3498e581a1310">
            <mixed-citation id="d3498e585" publication-type="other">
NHANES (National Health and Nutrition Examination Survey).
2008. Data Sets and Related Documentation. Available:
http://www.cdc.gov/nchs/about/major/nhanes/datalink.
htm [accessed 17 December 2008].</mixed-citation>
         </ref>
         <ref id="d3498e601a1310">
            <mixed-citation id="d3498e605" publication-type="other">
Parks L, Ostby J, Lambright C. 2000. The plasticizer diethylhexyl
phthalate induces malformations by decreasing fetal testos-
terone synthesis during sexual differentiation in the male rat.
Toxicol Sci 58:339-349.</mixed-citation>
         </ref>
         <ref id="d3498e621a1310">
            <mixed-citation id="d3498e625" publication-type="other">
Saillenfait A, Payan J, Fabry J, Beydon D, Langonne I, Gallissot F,
et al. 1998. Assessment of the developmental toxicity,
metabolism, and placental transfer of di-n-butyl phthalate
administered to pregnant rats. Toxicol Sci 45:212-224.</mixed-citation>
         </ref>
         <ref id="d3498e642a1310">
            <mixed-citation id="d3498e648" publication-type="other">
Silva M, Barr D, Reidy J, Malek N, Hodge C, Caudill S, et al.
2004a. Urinary levels of seven phthalate metabolites in
the U.S. population from the National Health and Nutrition
Examination Survey (NHANES) 1999-2000. Environ Health
Perspect 112:331-338.</mixed-citation>
         </ref>
         <ref id="d3498e667a1310">
            <mixed-citation id="d3498e671" publication-type="other">
Silva M, Slakman A, Reidy J, Preau J, Herbert A, Samandar E,
et al. 2004b. Analysis of human urine for 15 phthalate
metabolites using automated solid phase extraction.
J Chromatogr B 805:161-167.</mixed-citation>
         </ref>
         <ref id="d3498e687a1310">
            <mixed-citation id="d3498e691" publication-type="other">
Swan S, Main K, Liu F, Stewart S, Kruse R, Calafat A, et al.
2005. Decrease in anogenital distance among male infants
with prenatal phthalate exposure. Environ Health Perspect
113:1056-1061.</mixed-citation>
         </ref>
         <ref id="d3498e707a1310">
            <mixed-citation id="d3498e711" publication-type="other">
Thomson PDR. 2006. Drugs that should not be crushed. In: 2006
Red Book: Pharmacy's Fundamental Reference. 110 ed.
Montvale, NJ:Thomson PDR, 40-44.</mixed-citation>
         </ref>
         <ref id="d3498e724a1310">
            <mixed-citation id="d3498e728" publication-type="other">
U.S. EPA. 2008. Dibutyl Phthalate (CASRN 84-74-2). Washington,
DC:U.S. Environmental Protection Agency. Available: http://
www.epa.gov/iris/subst/0038.htm [accessed 12 March
2008].</mixed-citation>
         </ref>
      </ref-list>
   </back>
</article>
