<article xmlns:xsi="http://www.w3.org/2001/XMLSchema-instance"
         xmlns:xlink="http://www.w3.org/1999/xlink"
         xmlns:mml="http://www.w3.org/1998/Math/MathML"
         dtd-version="1.0"
         article-type="research-article">
   <front>
      <journal-meta>
         <journal-id journal-id-type="jstor">envihealpers</journal-id>
         <journal-id journal-id-type="jstor">j100482</journal-id>
         <journal-title-group>
            <journal-title>Environmental Health Perspectives</journal-title>
         </journal-title-group>
         <publisher>
            <publisher-name>National Institute of Environmental Health Sciences. National Institutes of Health. Department of Health, Education and Welfare</publisher-name>
         </publisher>
         <issn pub-type="ppub">00916765</issn>
      </journal-meta>
      <article-meta>
         <article-id pub-id-type="jstor">25434905</article-id>
         <article-id pub-id-type="pub-doi">10.1289/ehp.0800227</article-id>
         <article-categories>
            <subj-group>
               <subject>Perspectives</subject>
               <subj-group>
                  <subject>Correspondence</subject>
               </subj-group>
            </subj-group>
         </article-categories>
         <title-group>
            <article-title>Dengue Transmission</article-title>
         </title-group>
         <contrib-group>
            <contrib>
               <string-name>
                  <given-names>Thiruppathi</given-names>
                  <surname>Mariappan</surname>
               </string-name>
            </contrib>
         </contrib-group>
         <pub-date>
            <day>1</day>
            <month>2</month>
            <year>2009</year>
         </pub-date>
         <volume>117</volume>
         <issue>2</issue>
         <issue-id>i25434902</issue-id>
         <fpage>A56</fpage>
         <lpage>A56</lpage>
         <self-uri xlink:href="http://www.jstor.org/stable/25434905"/>
         <custom-meta-group>
            <custom-meta>
               <meta-name>lang</meta-name>
               <meta-value>eng</meta-value>
            </custom-meta>
         </custom-meta-group>
      </article-meta>
   </front>
   <back>
      <ref-list>
         <title>References</title>
         <ref id="d3603e120a1310">
            <mixed-citation id="d3603e124" publication-type="other">
Dhar A. 2008. WHO Sounds the Alarm Bell on Dengue.
Available: http://www.thehindu.com/2008/09/24/
stories/2008092460551100.htm [accessed 24 September
2008].</mixed-citation>
         </ref>
         <ref id="d3603e140a1310">
            <mixed-citation id="d3603e144" publication-type="other">
Fakeeh M, Zaki AM. 2003. Dengue in Jeddah, Saudi Arabia,
1994-2002. Dengue Bull 27:13-18.</mixed-citation>
         </ref>
         <ref id="d3603e154a1310">
            <mixed-citation id="d3603e158" publication-type="other">
Mariappan T. 2008. A Comprehensive Plan for Controlling
Dengue Vectors in Jeddah, Kingdom of Saudi Arabia.
Pondicherry, lndia:Vector Control Research Centre.</mixed-citation>
         </ref>
         <ref id="d3603e171a1310">
            <mixed-citation id="d3603e175" publication-type="other">
Mariappan T, Srinivasan R, Jambulingam P. 2008. Defective
rainwater harvesting structure and dengue vector pro-
ductivity compared with peridomestic habitats in a coastal
town in southern India. J Med Entomol 45:148-156.</mixed-citation>
         </ref>
         <ref id="d3603e192a1310">
            <mixed-citation id="d3603e196" publication-type="other">
Phillips ML. 2008. Dengue reborn: widespread resurgence of a
resilient vector. Environ Health Perspect 116:A382-A388.</mixed-citation>
         </ref>
         <ref id="d3603e206a1310">
            <mixed-citation id="d3603e210" publication-type="other">
Schliessmann DJ, Calheiros LB. 1974. A review of the status
of yellow fever and Aedes aegypti: eradication programs
in the Americas. Mosq News 34:1-9.</mixed-citation>
         </ref>
         <ref id="d3603e223a1310">
            <mixed-citation id="d3603e227" publication-type="other">
Senior K. 2008. Vector-borne diseases threaten Europe.
Lancet 8:531-532.</mixed-citation>
         </ref>
      </ref-list>
   </back>
</article>
