<article xmlns:xsi="http://www.w3.org/2001/XMLSchema-instance"
         xmlns:xlink="http://www.w3.org/1999/xlink"
         xmlns:mml="http://www.w3.org/1998/Math/MathML"
         dtd-version="1.0"
         article-type="research-article">
   <front>
      <journal-meta>
         <journal-id journal-id-type="jstor">envihealpers</journal-id>
         <journal-id journal-id-type="jstor">j100482</journal-id>
         <journal-title-group>
            <journal-title>Environmental Health Perspectives</journal-title>
         </journal-title-group>
         <publisher>
            <publisher-name>National Institute of Environmental Health Sciences. National Institutes of Health. Department of Health, Education and Welfare</publisher-name>
         </publisher>
         <issn pub-type="ppub">00916765</issn>
      </journal-meta>
      <article-meta>
         <article-id pub-id-type="jstor">25434932</article-id>
         <article-id pub-id-type="pub-doi">10.1289/ehp.11605</article-id>
         <article-categories>
            <subj-group>
               <subject>Research</subject>
            </subj-group>
         </article-categories>
         <title-group>
            <article-title>Modification by Influenza on Health Effects of Air Pollution in Hong Kong</article-title>
         </title-group>
         <contrib-group>
            <contrib>
               <string-name>
                  <given-names>Chit Ming</given-names>
                  <surname>Wong</surname>
               </string-name>
            </contrib>
            <contrib>
               <string-name>
                  <given-names>Lin</given-names>
                  <surname>Yang</surname>
               </string-name>
            </contrib>
            <contrib>
               <string-name>
                  <given-names>Thuan Quoc</given-names>
                  <surname>Thach</surname>
               </string-name>
            </contrib>
            <contrib>
               <string-name>
                  <given-names>Patsy Yuen Kwan</given-names>
                  <surname>Chau</surname>
               </string-name>
            </contrib>
            <contrib>
               <string-name>
                  <given-names>King Pan</given-names>
                  <surname>Chan</surname>
               </string-name>
            </contrib>
            <contrib>
               <string-name>
                  <given-names>G. Neil</given-names>
                  <surname>Thomas</surname>
               </string-name>
            </contrib>
            <contrib>
               <string-name>
                  <given-names>Tai Hing</given-names>
                  <surname>Lam</surname>
               </string-name>
            </contrib>
            <contrib>
               <string-name>
                  <given-names>Tze Wai</given-names>
                  <surname>Wong</surname>
               </string-name>
            </contrib>
            <contrib>
               <string-name>
                  <given-names>Anthony J.</given-names>
                  <surname>Hedley</surname>
               </string-name>
            </contrib>
            <contrib>
               <string-name>
                  <given-names>J. S. Malik</given-names>
                  <surname>Peiris</surname>
               </string-name>
            </contrib>
         </contrib-group>
         <pub-date>
            <day>1</day>
            <month>2</month>
            <year>2009</year>
         </pub-date>
         <volume>117</volume>
         <issue>2</issue>
         <issue-id>i25434902</issue-id>
         <fpage>248</fpage>
         <lpage>253</lpage>
         <self-uri xlink:href="http://www.jstor.org/stable/25434932"/>
         <abstract>
            <p>Background: Both influenza viruses and air pollutants have been well documented as major hazards to human health, but few epidemiologic studies have assessed effect modification of influenza on health effects of ambient air pollutants. Objectives: We aimed to assess modifying effects of influenza on health effects of ambient air pollutants. Methods: We applied Poisson regression to daily numbers of hospitalizations and mortality to develop core models after adjustment for potential time-varying confounding variables. We assessed modification of influenza by adding variables for concentrations of single ambient air pollutants and proportions of influenza-positive specimens (influenza intensity) and their cross-product terms. Results: We found significant effect modification of influenza (p &lt; 0.05) for effects of ozone. When influenza intensity is assumed to increase from 0% to 10%, the excess risks per 10-μg/m³ increase in concentration of O₃ increased 0.24% and 0.40% for hospitalization of respiratory disease in the all-ages group and ≥ 65 year age group, respectively; 0.46% for hospitalization of acute respiratory disease in the all-ages group; and 0.40% for hospitalization of chronic obstructive pulmonary disease in the ≥ 65 group. The estimated increases in the excess risks for mortality of respiratory disease and chronic obstructive pulmonary disease in the all-ages group were 0.59% and 1.05%, respectively. We found no significant modification of influenza on effects of other pollutants in most disease outcomes under study. Conclusions: Influenza activity could be an effect modifier for the health effects of air pollutants particularly for O₃ and should be considered in the studies for short-term effects of air pollutants on health.</p>
         </abstract>
         <kwd-group>
            <kwd>Air pollution</kwd>
            <kwd>Cardiorespiratory disease</kwd>
            <kwd>Effect modification</kwd>
            <kwd>Hospitalization</kwd>
            <kwd>Influenza</kwd>
            <kwd>Mortality</kwd>
         </kwd-group>
         <custom-meta-group>
            <custom-meta>
               <meta-name>lang</meta-name>
               <meta-value>eng</meta-value>
            </custom-meta>
         </custom-meta-group>
      </article-meta>
   </front>
   <back>
      <ref-list>
         <title>References</title>
         <ref id="d3470e255a1310">
            <mixed-citation id="d3470e259" publication-type="other">
Andersen I, Jensen PL, Reed SE, Craig JW, Proctor DF, Adams
GK. 1977. Induced rhinovirus infection under controlled
exposure to sulfur dioxide. Arch Environ Health 32:120-125.</mixed-citation>
         </ref>
         <ref id="d3470e272a1310">
            <mixed-citation id="d3470e276" publication-type="other">
Becker S, Soukup JM. 1999. Effect of nitrogen dioxide on
respiratory viral infection in airway epithelial cells.
Environ Res 81:159-166.</mixed-citation>
         </ref>
         <ref id="d3470e289a1310">
            <mixed-citation id="d3470e295" publication-type="other">
Brook RD, Franklin B, Cascio W, Hong Y, Howard G, Lipsett
M, et al. 2004. Air pollution and cardiovascular disease:
a statement for healthcare professionals from the Expert
Panel on Population and Prevention Science of the
American Heart Association. Circulation 109:2655-2671.</mixed-citation>
         </ref>
         <ref id="d3470e314a1310">
            <mixed-citation id="d3470e318" publication-type="other">
Cannell JJ, Vieth R, Umhau JC, Holick MF, Grant WB,
Madronich S, et al. 2006. Epidemic influenza and vitamin D.
Epidemiol Infect 134:1-12.</mixed-citation>
         </ref>
         <ref id="d3470e332a1310">
            <mixed-citation id="d3470e336" publication-type="other">
Cazzola M, Matera MG, Rossi F. 1991. Bronchial hyper-
responsiveness and bacterial respiratory infections. Clin
Ther 13:157-171.</mixed-citation>
         </ref>
         <ref id="d3470e349a1310">
            <mixed-citation id="d3470e353" publication-type="other">
Chauhan AJ, Inskip HM, Linaker CH, Smith S, Schreiber J,
Johnston SL, et al. 2003. Personal exposure to nitrogen
dioxide (N02) and the severity of virus-induced asthma in
children. Lancet 361:1939-1944.</mixed-citation>
         </ref>
         <ref id="d3470e369a1310">
            <mixed-citation id="d3470e373" publication-type="other">
Chow A, Ma S, Ling AE, Chew SK. 2006. Influenza-associated
deaths in tropical Singapore. Emerg Infect Dis 12:114-121.</mixed-citation>
         </ref>
         <ref id="d3470e383a1310">
            <mixed-citation id="d3470e387" publication-type="other">
Devlin RB, Horstman DP, Gerrity TR, Becker S, Madden MC,
Biscardi F, et al. 1999. Inflammatory response in humans
exposed to 2.0 ppm nitrogen dioxide. Inhal Toxicol 11:89-109.</mixed-citation>
         </ref>
         <ref id="d3470e400a1310">
            <mixed-citation id="d3470e404" publication-type="other">
Diaz-Sanchez D. 1997. The role of diesel exhaust particles and
their associated polyaromatic hydrocarbons in the induc-
tion of allergic airway disease. Allergy 52:52-56.</mixed-citation>
         </ref>
         <ref id="d3470e417a1310">
            <mixed-citation id="d3470e421" publication-type="other">
Fairchild GA. 1977. Effects of ozone and sulfur dioxide on virus
growth in mice. Arch Environ Health 32:28-33.</mixed-citation>
         </ref>
         <ref id="d3470e432a1310">
            <mixed-citation id="d3470e436" publication-type="other">
Fairchild GA, Roan J, McCarroll J. 1972. Atmospheric pollutants
and the pathogenesis of viral respiratory infection. Sulfur
dioxide and influenza infection in mice. Arch Environ
Health 25:174-182.</mixed-citation>
         </ref>
         <ref id="d3470e452a1310">
            <mixed-citation id="d3470e456" publication-type="other">
Frampton MW, Boscia J, Roberts NJ Jr, Azadniv M, Torres A,
Cox C, et al. 2002. Nitrogen dioxide exposure: effects on
airway and blood cells. Am J Physiol Lung Cell Mol Physiol
2821155-L165.</mixed-citation>
         </ref>
         <ref id="d3470e472a1310">
            <mixed-citation id="d3470e476" publication-type="other">
Frampton MW, Smeglin AM, Roberts J, Finkelstein JN, Morrow
PE, Utell MJ. 1989. Nitrogen dioxide exposure in vivo and
human alveolar macrophage inactivation of influenza virus
in vitro. Environ Res 48:179-192.</mixed-citation>
         </ref>
         <ref id="d3470e492a1310">
            <mixed-citation id="d3470e496" publication-type="other">
Goings SA, Kulle TJ, Bascom R, Sauder LR, Green DJ, Hebel
JR, et al. 1989. Effect of nitrogen dioxide exposure on sus-
ceptibility to influenza A virus infection in healthy adults.
Am Rev Respir Dis 139:1075-1081.</mixed-citation>
         </ref>
         <ref id="d3470e512a1310">
            <mixed-citation id="d3470e516" publication-type="other">
Hammond GW, Raddatz RL, Gelskey DE. 1989. Impact of atmo-
spheric dispersion and transport of viral aerosols on the
epidemiology of influenza. Rev Infect Dis 11:494-497.</mixed-citation>
         </ref>
         <ref id="d3470e529a1310">
            <mixed-citation id="d3470e533" publication-type="other">
Hastie TJ, Tibshirani RJ. 1990. Generalized Additive Models.
London:Chapman and Hall.</mixed-citation>
         </ref>
         <ref id="d3470e544a1310">
            <mixed-citation id="d3470e548" publication-type="other">
Health Effects Institute. 2004. Health Effects of Outdoor Air
Pollution in Developing Countries of Asia: A Literature
Review. Boston, MA:Health Effects Institute.</mixed-citation>
         </ref>
         <ref id="d3470e561a1310">
            <mixed-citation id="d3470e565" publication-type="other">
Health Effects Institute. 2006. Public Health and Air Pollution in
Asia—Science Access on the Net (PAPA-SAN). Available:
http://www.healtheffects.org/Asia/papasan-homelaccessed
15 September 2006].</mixed-citation>
         </ref>
         <ref id="d3470e581a1310">
            <mixed-citation id="d3470e585" publication-type="other">
Henderson FW, Dubovi EJ, Harder S, Seal E Jr, Graham D. 1988.
Experimental rhinovirus infection in human volunteers
exposed to ozone. Am Rev Respir Dis 137:1124-1128.</mixed-citation>
         </ref>
         <ref id="d3470e598a1310">
            <mixed-citation id="d3470e602" publication-type="other">
Hong Kong Observatory! 2005. Extract of Meteorological
Observations for Hong Kong. Available: http://www.hko.
gov.hk/wxinfo/pastwx/extracthtm [accessed 31 May 2005].</mixed-citation>
         </ref>
         <ref id="d3470e615a1310">
            <mixed-citation id="d3470e619" publication-type="other">
Jakab GJ, Bassett DJ. 1990. Influenza virus infection, ozone expo-
sure, and fibrogenesis. Am Rev Respir Dis 141:1307-1315.</mixed-citation>
         </ref>
         <ref id="d3470e629a1310">
            <mixed-citation id="d3470e633" publication-type="other">
Jaspers I, Ciencewicki JM, Zhang W, Brighton LE, Carson JL,
Beck MA, et al. 2005. Diesel exhaust enhances influenza
virus infections in respiratory epithelial cells. Toxicol Sei
85:990-1002.</mixed-citation>
         </ref>
         <ref id="d3470e650a1310">
            <mixed-citation id="d3470e654" publication-type="other">
Katsouyanni K, Touloumi G, Samoli E, Gryparis A, Le TA,
Monopolis Y, et al. 2001. Confounding and effect modifi-
cation in the short-term effects of ambient particles on
total mortality: results from 29 European cities within the
APHEA2 project. Epidemiology 12:521-531.</mixed-citation>
         </ref>
         <ref id="d3470e673a1310">
            <mixed-citation id="d3470e679" publication-type="other">
Katsouyanni K, Touloumi G, Spix C, Schwartz J, Balducci
F, Medina S, et al. 1997. Short-term effects of ambient
sulphur dioxide and particulate matter on mortality in
12 European cities: results from time series data from
the APHEA project. Air Pollution and Health: a European
Approach. BMJ 314:1658-1663.</mixed-citation>
         </ref>
         <ref id="d3470e702a1310">
            <mixed-citation id="d3470e706" publication-type="other">
Madjid M, Aboshady I, Awan I, Litovsky S, Casscells SW. 2004.
Influenza and cardiovascular disease: is there a causal
relationship? Tex Heart Inst J 31:4-13.</mixed-citation>
         </ref>
         <ref id="d3470e719a1310">
            <mixed-citation id="d3470e723" publication-type="other">
Ryan LK, Neldon DL, Bishop LR, Gilmour Ml, Daniels MJ, Sailstad
DM, et al. 2000. Exposure to ultraviolet radiation enhances
mortality and pathology associated with influenza virus
infection in mice. Photochem Photobiol 72:497-507.</mixed-citation>
         </ref>
         <ref id="d3470e739a1310">
            <mixed-citation id="d3470e743" publication-type="other">
Samet JM, Dominici F, Curriero FC, Coursac I, Zeger SL. 2000.
Fine particulate air pollution and mortality in 20 U.S. cities,
1987-1994. N Engl J Med 343:1742-1749.</mixed-citation>
         </ref>
         <ref id="d3470e756a1310">
            <mixed-citation id="d3470e760" publication-type="other">
Schlesinger RB. 1999. Toxicology of sulfur oxides. In: Air
Pollution and Health (Holgate ST, Samet JM, Koren HS,
Maynard RL, eds). London:Academic Press, 585-602.</mixed-citation>
         </ref>
         <ref id="d3470e774a1310">
            <mixed-citation id="d3470e778" publication-type="other">
Schwartz J. 2000. Assessing confounding, effect modification,
and thresholds in the association between ambient parti-
cles and daily deaths. Environ Health Perspect 108:563-568.</mixed-citation>
         </ref>
         <ref id="d3470e791a1310">
            <mixed-citation id="d3470e795" publication-type="other">
Spannhake EW, Reddy SP, Jacoby DB, Yu XY, Saatian B, Tian
J. 2002. Synergism between rhinovirus infection and oxi-
dant pollutant exposure enhances airway epithelial cell
cytokine production. Environ Health Perspect 110:665-670.</mixed-citation>
         </ref>
         <ref id="d3470e811a1310">
            <mixed-citation id="d3470e815" publication-type="other">
Spix C, Anderson HR, Schwartz J, Vigotti MA, Letertre A, Vonk
JM, et al. 1998. Short-term effects of air pollution on hos-
pital admissions of respiratory diseases in Europe: a quan-
titative summary of APHEA study results. Arch Environ
Health 53:54-64.</mixed-citation>
         </ref>
         <ref id="d3470e834a1310">
            <mixed-citation id="d3470e838" publication-type="other">
Thompson WW, Shay DK, Weintraub E, Brammer L, Bridges
CB, Cox NJ, et al. 2004. Influenza-associated hospitaliza-
tions in the United States. JAMA 292:1333-1340.</mixed-citation>
         </ref>
         <ref id="d3470e851a1310">
            <mixed-citation id="d3470e855" publication-type="other">
Thompson WW, Shay DK, Weintraub E, Brammer L, Cox N,
Anderson LJ, et al. 2003. Mortality associated with influ-
enza and respiratory syncytial virus in the United States.
JAMA 289:179-186.</mixed-citation>
         </ref>
         <ref id="d3470e871a1310">
            <mixed-citation id="d3470e875" publication-type="other">
Tosi MF, Hamedani A, Brosovich J, Alpert SE. 1994. ICAM-1-
independent, CD18-dependent adhesion between neutro-
phils and human airway epithelial cells exposed in vitro to
ozone. J Immunol 152:1935-1942.</mixed-citation>
         </ref>
         <ref id="d3470e892a1310">
            <mixed-citation id="d3470e896" publication-type="other">
Touloumi G, Samoli E, Quenel P, Paldy A, Anderson RH, Zmirou
D, et al. 2005. Short-term effects of air pollution on total
and cardiovascular mortality: the confounding effect of
influenza epidemics. Epidemiology 16:49-57.</mixed-citation>
         </ref>
         <ref id="d3470e912a1310">
            <mixed-citation id="d3470e916" publication-type="other">
Tsang C, Cheung KF. 2005. The comparability study on ICD-9
and ICD-10 coding systems on mortality. Public Health
Epidemiol Bull 14:29-35.</mixed-citation>
         </ref>
         <ref id="d3470e929a1310">
            <mixed-citation id="d3470e933" publication-type="other">
Wong CM, Atkinson RW, Anderson HR, Hedley AJ, Ma S, Chau
PY, et al. 2002. A tale of two cities: effects of air pollution
on hospital admissions in Hong Kong and London com-
pared. Environ Health Perspect 110:67-77.</mixed-citation>
         </ref>
         <ref id="d3470e949a1310">
            <mixed-citation id="d3470e953" publication-type="other">
Wong CM, Chan KP, Hedley AJ, Peiris JSM. 2004. Influenza-
associated mortality in Hong Kong. Clin Infect Dis
39:1611-1617.</mixed-citation>
         </ref>
         <ref id="d3470e966a1310">
            <mixed-citation id="d3470e970" publication-type="other">
Wong CM, Ma S, Hedley AJ, Lam TH. 2001. Effect of air pol-
lution on daily mortality in Hong Kong. Environ Health
Perspect 109:335-340.</mixed-citation>
         </ref>
         <ref id="d3470e983a1310">
            <mixed-citation id="d3470e987" publication-type="other">
Wong CM, Yang L, Chan KP, Leung GM, Chan KH, Guan Y, et al.
2006. Influenza-associated hospitalization in a subtropical
city. PLoS Med 3:e121.</mixed-citation>
         </ref>
         <ref id="d3470e1001a1310">
            <mixed-citation id="d3470e1005" publication-type="other">
World Health Organization. 1977. International Classification
of Diseases, 9th Revision. Vol 1. Geneva:World Health
Organization.</mixed-citation>
         </ref>
         <ref id="d3470e1018a1310">
            <mixed-citation id="d3470e1022" publication-type="other">
World Health Organization. 1994. International Classification
of Diseases, 10th Revision. Vol 1. Geneva:World Health
Organization.</mixed-citation>
         </ref>
         <ref id="d3470e1035a1310">
            <mixed-citation id="d3470e1039" publication-type="other">
Yang L, Wong CM, Lau EHY, Chan KP, Ou CQ, Peiris JSM. 2008.
Synchrony of clinical and laboratory surveillance for influ-
enza in Hong Kong. PLoS ONE 3:e1399.</mixed-citation>
         </ref>
         <ref id="d3470e1052a1310">
            <mixed-citation id="d3470e1056" publication-type="other">
Yin XJ, Schafer R, Ma JY, Antonini JM, Weissman DD, Siegel
PD, et al. 2002. Alteration of pulmonary immunity to Listeria
monocytogenes by diesel exhaust particles (DEPs). I.
Effects of DEPs on early pulmonary responses. Environ
Health Perspect 110:1105-1111.</mixed-citation>
         </ref>
      </ref-list>
   </back>
</article>
