<article xmlns:xsi="http://www.w3.org/2001/XMLSchema-instance"
         xmlns:xlink="http://www.w3.org/1999/xlink"
         xmlns:mml="http://www.w3.org/1998/Math/MathML"
         dtd-version="1.0"
         article-type="research-article">
   <front>
      <journal-meta>
         <journal-id journal-id-type="jstor">envihealpers</journal-id>
         <journal-id journal-id-type="jstor">j100482</journal-id>
         <journal-title-group>
            <journal-title>Environmental Health Perspectives</journal-title>
         </journal-title-group>
         <publisher>
            <publisher-name>National Institute of Environmental Health Sciences. National Institutes of Health. Department of Health, Education and Welfare</publisher-name>
         </publisher>
         <issn pub-type="ppub">00916765</issn>
      </journal-meta>
      <article-meta>
         <article-id pub-id-type="jstor">25434919</article-id>
         <article-id pub-id-type="pub-doi">10.1289/ehp.11839</article-id>
         <article-categories>
            <subj-group>
               <subject>Commentary and Review</subject>
               <subj-group>
                  <subject>Reviews</subject>
               </subj-group>
            </subj-group>
         </article-categories>
         <title-group>
            <article-title>Environment and Obesity in the National Children's Study</article-title>
         </title-group>
         <contrib-group>
            <contrib>
               <string-name>
                  <given-names>Leonardo</given-names>
                  <surname>Trasande</surname>
               </string-name>
            </contrib>
            <contrib>
               <string-name>
                  <given-names>Chris</given-names>
                  <surname>Cronk</surname>
               </string-name>
            </contrib>
            <contrib>
               <string-name>
                  <given-names>Maureen</given-names>
                  <surname>Durkin</surname>
               </string-name>
            </contrib>
            <contrib>
               <string-name>
                  <given-names>Marianne</given-names>
                  <surname>Weiss</surname>
               </string-name>
            </contrib>
            <contrib>
               <string-name>
                  <given-names>Dale A.</given-names>
                  <surname>Schoeller</surname>
               </string-name>
            </contrib>
            <contrib>
               <string-name>
                  <given-names>Elizabeth A.</given-names>
                  <surname>Gall</surname>
               </string-name>
            </contrib>
            <contrib>
               <string-name>
                  <given-names>Jeanne B.</given-names>
                  <surname>Hewitt</surname>
               </string-name>
            </contrib>
            <contrib>
               <string-name>
                  <given-names>Aaron L.</given-names>
                  <surname>Carrel</surname>
               </string-name>
            </contrib>
            <contrib>
               <string-name>
                  <given-names>Philip J.</given-names>
                  <surname>Landrigan</surname>
               </string-name>
            </contrib>
            <contrib>
               <string-name>
                  <given-names>Matthew W.</given-names>
                  <surname>Gillman</surname>
               </string-name>
            </contrib>
         </contrib-group>
         <pub-date>
            <day>1</day>
            <month>2</month>
            <year>2009</year>
         </pub-date>
         <volume>117</volume>
         <issue>2</issue>
         <issue-id>i25434902</issue-id>
         <fpage>159</fpage>
         <lpage>166</lpage>
         <self-uri xlink:href="http://www.jstor.org/stable/25434919"/>
         <abstract>
            <p>Objective: In this review we describe the approach taken by the National Children's Study (NCS), a 21-year prospective study of 100,000 American children, to understanding the role of environmental factors in the development of obesity. Data sources and extraction: We review the literature with regard to the two core hypotheses in the NCS that relate to environmental origins of obesity and describe strategies that will be used to test each hypothesis. Data synthesis: Although it is clear that obesity in an individual results from an imbalance between energy intake and expenditure, control of the obesity epidemic will require understanding of factors in the modern built environment and chemical exposures that may have the capacity to disrupt the link between energy intake and expenditure. The NCS is the largest prospective birth cohort study ever undertaken in the United States that is explicitly designed to seek information on the environmental causes of pediatric disease. Conclusions: Through its embrace of the life-course approach to epidemiology, the NCS will be able to study the origins of obesity from preconception through late adolescence, including factors ranging from genetic inheritance to individual behaviors to the social, built, and natural environment and chemical exposures. It will have sufficient statistical power to examine interactions among these multiple influences, including gene-environment and gene-obesity interactions. A major secondary benefit will derive from the banking of specimens for future analysis.</p>
         </abstract>
         <kwd-group>
            <kwd>Bisphenol A</kwd>
            <kwd>Built environment</kwd>
            <kwd>Endocrine disruptors</kwd>
            <kwd>Diet</kwd>
            <kwd>National Children's Study</kwd>
            <kwd>Obesity</kwd>
            <kwd>Phthalates</kwd>
            <kwd>Physical activity</kwd>
         </kwd-group>
         <custom-meta-group>
            <custom-meta>
               <meta-name>lang</meta-name>
               <meta-value>eng</meta-value>
            </custom-meta>
         </custom-meta-group>
      </article-meta>
   </front>
   <back>
      <ref-list>
         <title>References</title>
         <ref id="d3687e293a1310">
            <mixed-citation id="d3687e297" publication-type="other">
Alonso-Magdalena P, Laribi O, Ropero AB, Fuentes E, Ripoll C,
Soria B, et al. 2005. Low doses of bisphenol A and dieth-
ylstilbestrol impair Ca2+ signals in pancreatic a-cells
through a nonclassical membrane estrogen receptor
within intact islets of Langerhans. Environ Health Perspect
113:969-967.</mixed-citation>
         </ref>
         <ref id="d3687e320a1310">
            <mixed-citation id="d3687e324" publication-type="other">
[Anonymous.] 2007. Improving individual and community health
through health promotion strategies: local case study—
Joseph Thompson and the Body Mass Index Assessment
Project in Arkansas. In: Moments in Leadership: Case
Studies in Public Health Policy and Practice (Debuono B,
Gonzalez AR, and Rosenbaum S, eds). New York:Pfizer
Inc., 127-132.</mixed-citation>
         </ref>
         <ref id="d3687e350a1310">
            <mixed-citation id="d3687e354" publication-type="other">
Barker DJ, Osmond C. 1986. Infant mortality, childhood nutri-
tion, and ischaemic heart disease in England and Wales.
Lancet 1(8489):1077-1081.</mixed-citation>
         </ref>
         <ref id="d3687e367a1310">
            <mixed-citation id="d3687e371" publication-type="other">
Bell FP. 1982. Effects of phthalate esters on lipid metabolism in
various tissues, cells and organelles in mammals. Environ
Health Perspect 45:41-50.</mixed-citation>
         </ref>
         <ref id="d3687e385a1310">
            <mixed-citation id="d3687e389" publication-type="other">
Ben-Shlomo Y, Kuh D. 2002. A life course approach to chronic
disease epidemiology: conceptual models, empirical chal-
lenges and interdisciplinary perspectives. Int J Epidemiol
31:285-293.</mixed-citation>
         </ref>
         <ref id="d3687e405a1310">
            <mixed-citation id="d3687e409" publication-type="other">
Bergmann KE, Bergmann RL, von Kries R, Böhm 0, Richter R,
Dudenhausen JW, et al. 2003. Early determinants of child-
hood overweight and adiposity in a birth cohort study: role
of breast-feeding. Int J Obes 27:162-172.</mixed-citation>
         </ref>
         <ref id="d3687e425a1310">
            <mixed-citation id="d3687e429" publication-type="other">
Berkey CS, Rockett HRH, Field AE, Gillman MW, Frazier AL,
Camargo CA, et al. 2000. Activity, dietary intake, and
weight changes in a longitudinal study of preadolescent
and adolescent boys and girls. Pediatrics 105:e56</mixed-citation>
         </ref>
         <ref id="d3687e445a1310">
            <mixed-citation id="d3687e449" publication-type="other">
Bern H. 1992. The fragile fetus. In: Chemically-Induced
Alteration in Sexual and Functional Development: The
Wildlife/Human Connection (Colborn T, Clement C, eds).
Princeton, NJ:Princeton Scientific Publishing, 9-15.</mixed-citation>
         </ref>
         <ref id="d3687e465a1310">
            <mixed-citation id="d3687e469" publication-type="other">
Bhathena SJ, Velasquez MT. 2002. Beneficial role of dietary
phytoestrogens in obesity and diabetes. Am J Clin Nutr
76(6):1191-1201.</mixed-citation>
         </ref>
         <ref id="d3687e482a1310">
            <mixed-citation id="d3687e486" publication-type="other">
Bibbins-Domingo K, Coxson P, Pletcher MJ, Lightwood J,
Goldman L 2007. Adolescent overweight and future adult
coronary heart disease. New Engl J Med 357(23):2371-2379.</mixed-citation>
         </ref>
         <ref id="d3687e500a1310">
            <mixed-citation id="d3687e504" publication-type="other">
Bjerge T, Engeland A, Tverdal A, Smith GD. 2008. Body mass
index in adolescence in relation to cause-specific mortal-
ity: a follow-up of 230,000 Norwegian adolescents. Am J
Epidemiol 168:30-37.</mixed-citation>
         </ref>
         <ref id="d3687e520a1310">
            <mixed-citation id="d3687e524" publication-type="other">
Bo S, Menato G, Gallo ML, Bardelli C, Lezo A, Signorile A,
et al. 2004. Mild gestational hyperglycemia, the metabolic
syndrome and adverse neonatal outcomes. Acta Obstet
Gynecol Scand 83(4):335-340.</mixed-citation>
         </ref>
         <ref id="d3687e540a1310">
            <mixed-citation id="d3687e544" publication-type="other">
Branum AM, Coliman GW, Correa A, Keim SA, Kessel W,
Kimmel CA, et al. 2003. The National Children's Study of
environmental effects on child health and development.
Environ Health Perspect 111:642-646.</mixed-citation>
         </ref>
         <ref id="d3687e560a1310">
            <mixed-citation id="d3687e564" publication-type="other">
Brotons J. 1995. Xenoestrogens released from lacquer coatings
in food cans. Environ Health Perspect 103:608-612.</mixed-citation>
         </ref>
         <ref id="d3687e574a1310">
            <mixed-citation id="d3687e578" publication-type="other">
Centers for Disease Control and Prevention. 2005. Third
National Report on Human Exposure to Environmental
Chemicals. Atlanta, GA:Centers for Disease Control and
Prevention.</mixed-citation>
         </ref>
         <ref id="d3687e594a1310">
            <mixed-citation id="d3687e598" publication-type="other">
Cervero R, Duncan M. 2003. Walking, bicycling, and urban
landscapes: evidence from the San Francisco Bay Area.
Am J Public Health 93(9): 1478-1483.</mixed-citation>
         </ref>
         <ref id="d3687e612a1310">
            <mixed-citation id="d3687e616" publication-type="other">
Children's Health Act of 2000. 2000. Public Law 106-310.</mixed-citation>
         </ref>
         <ref id="d3687e623a1310">
            <mixed-citation id="d3687e627" publication-type="other">
Coates RJ, Monteilh CP. 1997. Assessments of food-frequency
questionnaires in minority populations. Am J Clin Nutr
65(suppl4):1108S-1115S.</mixed-citation>
         </ref>
         <ref id="d3687e640a1310">
            <mixed-citation id="d3687e644" publication-type="other">
Dabelea D, Hanson RL, Lindsay RS, Pettitt DJ, Imperatore G,
Gabir MM, et al. 2000. Intrauterine exposure to diabetes
conveys risks for type 2 diabetes and obesity: a study of
discordant sibships. Diabetes 49(12):2208-2211.</mixed-citation>
         </ref>
         <ref id="d3687e660a1310">
            <mixed-citation id="d3687e664" publication-type="other">
Demerath EW, Li J, Sun SS, Chumlea WC, Remsberg KE,
Czerwinski SA, et al. 2004. Fifty-year trends in serial
body mass index during adolescence in girls: the Fels
Longitudinal Study. Am J Clin Nutr 80(2):441-446.</mixed-citation>
         </ref>
         <ref id="d3687e680a1310">
            <mixed-citation id="d3687e684" publication-type="other">
Duty SM, Silva MJ, Barr DB, Brock JW, Ryan L, Chen Z, et al.
2003. Phthalate exposure and human semen parameters.
Epidemiology 14(3):269-277.</mixed-citation>
         </ref>
         <ref id="d3687e697a1310">
            <mixed-citation id="d3687e701" publication-type="other">
Ekelund ULF, Sjöström M, Yngve A, Poortvliet E, Nilsson A,
Froberg K, et al. 2001. Physical activity assessed by activ-
ity monitor and doubly labeled water in children. Med Sei
Sports Exerc 33(2):275-281.</mixed-citation>
         </ref>
         <ref id="d3687e718a1310">
            <mixed-citation id="d3687e722" publication-type="other">
Ellaway A, Macintyre S, Bonnefoy X. 2005. Graffiti, greenery,
and obesity in adults: secondary analysis of European
cross sectional survey. BMJ 331(7517):611-612.</mixed-citation>
         </ref>
         <ref id="d3687e735a1310">
            <mixed-citation id="d3687e739" publication-type="other">
Enan E, Lasley B, Stewart D, Overstreet J, Vandevoort CA.
1996. 2, 3, 7, 8-Tetrachlorodibenzo-p-dioxin (TCDD) modu-
lates function of human luteinizing granulosa cells via
cAMP signaling and early reduction of glucose transport-
ing activity. Reprod Toxicol 10(3):191-198.</mixed-citation>
         </ref>
         <ref id="d3687e758a1310">
            <mixed-citation id="d3687e762" publication-type="other">
Ewing R, Brownson RC, Berrigan D. 2006. Relationship between
urban sprawl and weight of United States youth. Am J
Prev Med 31(6):464-474.</mixed-citation>
         </ref>
         <ref id="d3687e775a1310">
            <mixed-citation id="d3687e779" publication-type="other">
Ewing R, Schmid T, Killingsworth R, Zlot A, Raudenbush S. 2003.
Relationship between urban sprawl and physical activity,
obesity, and morbidity. Am J Health Promot 18(1):47-57.</mixed-citation>
         </ref>
         <ref id="d3687e792a1310">
            <mixed-citation id="d3687e796" publication-type="other">
Fisher JS. 2004. Environmental anti-androgens and male repro-
ductive health: focus on phthalates and testicular dysgen-
esis syndrome. Reproduction 127(3):305-315.</mixed-citation>
         </ref>
         <ref id="d3687e809a1310">
            <mixed-citation id="d3687e813" publication-type="other">
Frank LD, Andresen MA, Schmid TL. 2004. Obesity relationships
with community design, physical activity, and time spent in
cars. Am J Prev Med 27(2):87-96.</mixed-citation>
         </ref>
         <ref id="d3687e827a1310">
            <mixed-citation id="d3687e831" publication-type="other">
Freedman DS, Khan LK, Serdula MK, Dietz WH, Srinivasan
SR, Berenson GS. 2005. The relation of childhood BMI
to adult adiposity: the Bogalusa Heart Study. Pediatrics
115(1):22-27.</mixed-citation>
         </ref>
         <ref id="d3687e847a1310">
            <mixed-citation id="d3687e851" publication-type="other">
Freedman DS, Khan LK, Serdula MK, Ogden CL, Dietz WH.
2006. Racial and ethnic differences in secular trends for
childhood BMI, weight, and height. Obesity (Silver Spring)
14(2):301-308.</mixed-citation>
         </ref>
         <ref id="d3687e867a1310">
            <mixed-citation id="d3687e871" publication-type="other">
Frumkin H, Frank L, Jackson R. 2004. Urban Sprawl and Public
Health: Designing, Planning, and Building for Healthy
Communities. Washington, DC:lsland Press.</mixed-citation>
         </ref>
         <ref id="d3687e884a1310">
            <mixed-citation id="d3687e888" publication-type="other">
Galvez MP, Morland K, Raines C, Kobil J, Siskind J, Godbold J,
et al. 2008. Race and food store availability in an inner-city
neighbourhood. Public Health Nutr 11(6):624-631.</mixed-citation>
         </ref>
         <ref id="d3687e901a1310">
            <mixed-citation id="d3687e905" publication-type="other">
Gillman MW. 2004. A life course approach to overweight and
obesity. In: A Life Course Approach to Chronic Diseases
Epidemiology (Kuh D, Ben-Shlomo Y, eds). Oxford,
UK:0xford University Press.</mixed-citation>
         </ref>
         <ref id="d3687e921a1310">
            <mixed-citation id="d3687e925" publication-type="other">
Glass TA, McAtee MJ. 2006. Behavioral science at the cross-
roads in public health: extending horizons, envisioning the
future. Soc Sei Med 62(7):1650-1671.</mixed-citation>
         </ref>
         <ref id="d3687e939a1310">
            <mixed-citation id="d3687e943" publication-type="other">
Gordon-Larsen P, Nelson MC, Page P, Popkin BM. 2006.
Inequality in the built environment underlies key health
disparities in physical activity and obesity. Pediatrics
117(2):417-424.</mixed-citation>
         </ref>
         <ref id="d3687e959a1310">
            <mixed-citation id="d3687e963" publication-type="other">
Gortmaker SL, Must A, Sobol AM, Peterson K, Colditz GA, Dietz
WH. 1996. Television viewing as a cause of increasing
obesity among children in the United States, 1986-1990.
Arch Pediatr Adolesc Med 150(4):356-362.</mixed-citation>
         </ref>
         <ref id="d3687e979a1310">
            <mixed-citation id="d3687e983" publication-type="other">
Guo SS, Wu W, Chumlea WC, Roche AF. 2002. Predicting over-
weight and obesity in adulthood from body mass index
values in childhood and adolescence. Am J Clin Nutr
76(3):653-658.</mixed-citation>
         </ref>
         <ref id="d3687e999a1310">
            <mixed-citation id="d3687e1003" publication-type="other">
Gutin B, Litaker M, Islam S, Manos T, Smith C, Treiber F. 1996.
Body-composition measurement in 9-11-y-old children
by dual-energy X-ray absorptiometry, skinfold-thickness
measurements, and bioimpedance analysis. Am J Clin
Nutr63(3):287-292.</mixed-citation>
         </ref>
         <ref id="d3687e1022a1310">
            <mixed-citation id="d3687e1026" publication-type="other">
Hauser R. 2006. The environment and male fertility: recent
research on emerging chemicals and semen quality.
Semin Reprod Med 24(3): 156-167.</mixed-citation>
         </ref>
         <ref id="d3687e1039a1310">
            <mixed-citation id="d3687e1043" publication-type="other">
Häuser R, Meeker JD, Duty S, Silva MJ, Calafat AM. 2006.
Altered semen quality in relation to urinary concentra-
tions of phthalate monoester and oxidative metabolites.
Epidemiology 17(6):682-691.</mixed-citation>
         </ref>
         <ref id="d3687e1060a1310">
            <mixed-citation id="d3687e1064" publication-type="other">
James SA, Fowler-Brown A, Raghunathan TE, Van Hoewyk J.
2006. Life-course socioeconomic position and obesity in
African American women: The Pitt County Study. Am J
Public Health 96:554-560.</mixed-citation>
         </ref>
         <ref id="d3687e1080a1310">
            <mixed-citation id="d3687e1084" publication-type="other">
Janz KF, Levy SM, Burns TL, Tomer JC, Willing MC, Warren
JJ. 2002. Fatness, physical activity, and television viewing
in children during the adiposity rebound period: The Iowa
Bone Development Study. Prev Med 35(6):563-571.</mixed-citation>
         </ref>
         <ref id="d3687e1100a1310">
            <mixed-citation id="d3687e1104" publication-type="other">
Kettaneh A, Heude B, Lommez A, Borys JM, Ducimeticre P,
Charles MA. 2005. Reliability of bioimpedance analysis
compared with other adiposity measurements in children:
The FLVS II Study. Diabetes Metab 31(6):534-541.</mixed-citation>
         </ref>
         <ref id="d3687e1120a1310">
            <mixed-citation id="d3687e1124" publication-type="other">
Kim J, Peterson KE, Scanion KS, Fitzmaurice GM, Must A, Oken
E, et al. 2006. Trends in overweight from 1980 through 2001
among preschool-aged children enrolled in a health mainte-
nance organization. Obesity (Silver Spring) 14(7):1107-1112.</mixed-citation>
         </ref>
         <ref id="d3687e1140a1310">
            <mixed-citation id="d3687e1144" publication-type="other">
Kipke MD, Iverson E, Moore D, Booker C, Ruelas V, Peters
AL, et al. 2007. Food and park environments: neighbor-
hood-level risks for childhood obesity in East Los Angeles.
J Adolesc Health 40(4):325-333.</mixed-citation>
         </ref>
         <ref id="d3687e1160a1310">
            <mixed-citation id="d3687e1164" publication-type="other">
Kohl HW, Fulton JE, Caspersen CJ. 2000. Assessment of physi-
cal activity among children and adolescents: a review and
synthesis. Prev Med 31(2):54-76.</mixed-citation>
         </ref>
         <ref id="d3687e1178a1310">
            <mixed-citation id="d3687e1182" publication-type="other">
Kroke A, Hahn S, Buyken AE, Liese AD. 2006. A comparative
evaluation of two different approaches to estimating age
at adiposity rebound. Int J Obes 30:261-266.</mixed-citation>
         </ref>
         <ref id="d3687e1195a1310">
            <mixed-citation id="d3687e1199" publication-type="other">
Lake JK, Power C, Cole TJ. 1997. Child to adult body mass index
in the 1958 British birth cohort: associations with parental
obesity. Arch Dis Child 77(5):376-381.</mixed-citation>
         </ref>
         <ref id="d3687e1212a1310">
            <mixed-citation id="d3687e1216" publication-type="other">
Landrigan P, Garg A, Droller DBJ. 2003. Assessing the effects
of endocrine disruptors in the National Children's Study.
Environ Health Perspect 111:1678-1682.</mixed-citation>
         </ref>
         <ref id="d3687e1229a1310">
            <mixed-citation id="d3687e1233" publication-type="other">
Landrigan PJ, Sonawane B, Butler RN, Trasande L, Callan R,
Droller D. 2005. Early environmental origins of neurode-
generativo disease in later life. Environ Health Perspect
113:1230-1233.</mixed-citation>
         </ref>
         <ref id="d3687e1249a1310">
            <mixed-citation id="d3687e1253" publication-type="other">
Landrigan PJ, Trasande L, Swanson JM. 2008. Genetics, altru-
ism, and the National Children's Study. Am J Med Genet A
146(3):294-296.</mixed-citation>
         </ref>
         <ref id="d3687e1266a1310">
            <mixed-citation id="d3687e1270" publication-type="other">
Landrigan PJ, Trasande L, Thorpe LE, Gwynn C, Lioy PJ, D'Alton
ME, et al. 2006. The National Children's Study: a 21-year
prospective study of 100,000 American children. Pediatrics
118(5):2173-2186.</mixed-citation>
         </ref>
         <ref id="d3687e1287a1310">
            <mixed-citation id="d3687e1291" publication-type="other">
Lauer RM, Clarke WR, Burns TL 1997. Obesity in childhood: the
Muscatine Study. Zhonghua Min Guo Xiao Er Ke Yi Xue
Hui Za Zhi 38(6):432-437.</mixed-citation>
         </ref>
         <ref id="d3687e1304a1310">
            <mixed-citation id="d3687e1308" publication-type="other">
Lee JM, Okumura MJ, Freed GL, Menon RK, Davis MM. 2007.
Trends in hospitalizations for diabetes among children
and young adults: United States, 1993-2004. Diabetes Care
30(12):3035-3039.</mixed-citation>
         </ref>
         <ref id="d3687e1324a1310">
            <mixed-citation id="d3687e1328" publication-type="other">
Li F, Fisher KJ, Brownson RC, Bosworth M. 2005. Multilevel
modelling of built environment characteristics related
to neighbourhood walking activity in older adults. BMJ
59(7):558-564.</mixed-citation>
         </ref>
         <ref id="d3687e1344a1310">
            <mixed-citation id="d3687e1348" publication-type="other">
Lindsay RS, Hanson RL, Roumain J, Ravussin E, Knowler WC,
Tataranni PA. 2001. Body mass index as a measure of
adiposity in children and adolescents: relationship
to adiposity by dual energy x-ray absorptiometry and
to cardiovascular risk factors. J Clin Endocrinol Metab
86:4061-4067.</mixed-citation>
         </ref>
         <ref id="d3687e1371a1310">
            <mixed-citation id="d3687e1375" publication-type="other">
Lobstein T, Dibb S. 2005. Evidence of a possible link between
obesogenic food advertising and child overweight. Obes
Rev 6(3):203-208.</mixed-citation>
         </ref>
         <ref id="d3687e1388a1310">
            <mixed-citation id="d3687e1392" publication-type="other">
Lopez R. 2004. Urban sprawl and risk for being overweight or
obese. Am J Public Health 94:1574-1579.</mixed-citation>
         </ref>
         <ref id="d3687e1403a1310">
            <mixed-citation id="d3687e1407" publication-type="other">
Lyman WD, Barone C, Castle V, Davies HD, Stanton B, Paneth
N. 2005. Making the National Children's Study a real part-
nership with academic pediatrics. J Pediatr 147(5):563-564.</mixed-citation>
         </ref>
         <ref id="d3687e1420a1310">
            <mixed-citation id="d3687e1424" publication-type="other">
Lynch J, Smith GD. 2005. A life course approach to chronic dis-
ease epidemiology. Annu Rev Public Health 26(1):1-35.</mixed-citation>
         </ref>
         <ref id="d3687e1434a1310">
            <mixed-citation id="d3687e1438" publication-type="other">
Main KM, Mortensen GK, Kaleva MM, Boisen KA, Damgaard
IN, Chellakooty M, et al. 2006. Human breast milk con-
tamination with phthalates and alterations of endogenous
reproductive hormones in infants three months of age.
Environ Health Perspect 114:270-276.</mixed-citation>
         </ref>
         <ref id="d3687e1457a1310">
            <mixed-citation id="d3687e1461" publication-type="other">
Masuno H, Kidani T, Sekiya K, Sakayama K, Shiosaka T,
Yamamoto H, et al. 2002. Bisphenol A in combination with
insulin can accelerate the conversion of 3T3-L1 fibroblasts
to adipocytes. J Lipid Res 43(5):676-684.</mixed-citation>
         </ref>
         <ref id="d3687e1477a1310">
            <mixed-citation id="d3687e1481" publication-type="other">
Meaney MJ, Seckl JR. 2004. Glucocorticoid programming. Ann
NYAcad Sei 1032:63-84.</mixed-citation>
         </ref>
         <ref id="d3687e1491a1310">
            <mixed-citation id="d3687e1495" publication-type="other">
Moll PP, Burns TL, Lauer RM. 1991. The genetic and envi-
ronmental sources of body mass index variability: the
Muscatine Ponderosity Family Study. Am J Hum Genet
49(6):1243-1255.</mixed-citation>
         </ref>
         <ref id="d3687e1512a1310">
            <mixed-citation id="d3687e1516" publication-type="other">
Morland K, Diez Roux AV, Wing S. 2006. Supermarkets, other
food stores, and obesity: the Atherosclerosis Risk in
Communities Study. Am J Prev Med 30(4):333-339.</mixed-citation>
         </ref>
         <ref id="d3687e1529a1310">
            <mixed-citation id="d3687e1533" publication-type="other">
Nader PR, O'Brien M, Houts R, Bradley R, Belsky J, Crosnoe R,
et al. 2006. Identifying risk for obesity in early childhood.
Pediatrics 118(3):e594-601.</mixed-citation>
         </ref>
         <ref id="d3687e1546a1310">
            <mixed-citation id="d3687e1550" publication-type="other">
National Research Council. 1993. Pesticides in the Diets of
Infants and Children. Washington, DC:National Academy
Press.</mixed-citation>
         </ref>
         <ref id="d3687e1563a1310">
            <mixed-citation id="d3687e1567" publication-type="other">
NCS. 2008. National Children's Study Home Page. Available:
www.nationalchildrensstudy.gov [accessed 1 July 2008].</mixed-citation>
         </ref>
         <ref id="d3687e1577a1310">
            <mixed-citation id="d3687e1581" publication-type="other">
Nelson MC, Gordon-Larsen P, Song Y, Popkin BM. 2006. Built
and social environments associations with adolescent
overweight and activity. Am J Prev Med 31(2):109-117.</mixed-citation>
         </ref>
         <ref id="d3687e1594a1310">
            <mixed-citation id="d3687e1598" publication-type="other">
Newbold RR, Padilla-Banks E, Snyder RJ, Phillips TM,
Jefferson WN. 2007. Developmental exposure to endo-
crine disruptors and the obesity epidemic. Reprod Toxicol
23(3):290-296.</mixed-citation>
         </ref>
         <ref id="d3687e1615a1310">
            <mixed-citation id="d3687e1619" publication-type="other">
Novak M, Ahlgren C, Hammarström A. 2006. A life-course
approach in explaining social inequity in obesity among
young adult men and women. Int J Obes 30:191-200.</mixed-citation>
         </ref>
         <ref id="d3687e1632a1310">
            <mixed-citation id="d3687e1636" publication-type="other">
Ogden CL, Carroll MD, Curtin LR, McDowell MA, Tabak CJ,
Flegal KM. 2006. Prevalence of overweight and obesity in
the United States, 1999-2004. JAMA 295(13): 1549-1555.</mixed-citation>
         </ref>
         <ref id="d3687e1649a1310">
            <mixed-citation id="d3687e1653" publication-type="other">
Ogden CL, Carroll MD, Flegal KM. 2008. High body mass index
for age among US children and adolescents, 2003-2006.
JAMA 299(20):2401-2405.</mixed-citation>
         </ref>
         <ref id="d3687e1666a1310">
            <mixed-citation id="d3687e1670" publication-type="other">
Oken E, Levitan EB, Gillman MW. 2008. Maternal smoking dur-
ing pregnancy and child overweight: systematic review
and meta-analysis. Int J Obes 32:201-210.</mixed-citation>
         </ref>
         <ref id="d3687e1683a1310">
            <mixed-citation id="d3687e1687" publication-type="other">
Oken E, Taveras EM, Kleinman KP, Rich-Edwards JW, Gillman
MW. 2007. Gestational weight gain and child adiposity at
age 3 years. Am J Obstet Gynecol 196(4):322-322.</mixed-citation>
         </ref>
         <ref id="d3687e1700a1310">
            <mixed-citation id="d3687e1706" publication-type="other">
Olsen J, Melbye M, Olsen SF, Sorensen TIA, Aaby P, Nybo
Andersen AM, et al. 2001. The Danish National Birth
Cohort—its background, structure and aim. Scand J
Public Health 29(4):300-307.</mixed-citation>
         </ref>
         <ref id="d3687e1723a1310">
            <mixed-citation id="d3687e1727" publication-type="other">
Olshansky SJ, Passaro D, Hershow R, Layden J, Carnes BA,
Brody J, et al. 2005. A possible decline in life expectancy
in the United States in the 21st century. N Engl J Med
352:1138-1145.</mixed-citation>
         </ref>
         <ref id="d3687e1743a1310">
            <mixed-citation id="d3687e1747" publication-type="other">
Ong KK, Northstone K, Wells JC, Rubin C, Ness AR, Golding
J, et al. 2007. Earlier mother's age at menarche predicts
rapid infancy growth and childhood obesity. PLoS Med
4(4):e132. doi: 10.1371/journal.pmed.0040132 [Online
24 April 2007].</mixed-citation>
         </ref>
         <ref id="d3687e1766a1310">
            <mixed-citation id="d3687e1770" publication-type="other">
Papas MA, Alberg AJ, Ewing R, Helzlsouer KJ, GaryTL, Klassen
AC. 2007. The built environment and obesity. Epidemiol Rev
29(1):129-143.</mixed-citation>
         </ref>
         <ref id="d3687e1783a1310">
            <mixed-citation id="d3687e1787" publication-type="other">
Parks LG, Ostby JS, Lambright CR, Abbott BD, Klinefelter GR,
Barlow NJ, et al. 2000. The plasticizer diethylhexyl phtha-
late induces malformations by decreasing fetal testoster-
one synthesis during sexual differentiation in the male rat.
Toxicol Sei 58:339-349.</mixed-citation>
         </ref>
         <ref id="d3687e1806a1310">
            <mixed-citation id="d3687e1810" publication-type="other">
Parsons TJ. 2001. Fetal and early life growth and body mass
index from birth to early adulthood in 1958 British cohort:
longitudinal study. BMJ 323(7325): 1331-1335.</mixed-citation>
         </ref>
         <ref id="d3687e1823a1310">
            <mixed-citation id="d3687e1827" publication-type="other">
Pietrobelli A, Faith MS, Allison DB, Gallagher D, Chiumello G,
Heymsfield SB. 1998. Body mass index as a measure of
adiposity among children and adolescents: a validation
study. J Pediatr 132(2):204-210.</mixed-citation>
         </ref>
         <ref id="d3687e1844a1310">
            <mixed-citation id="d3687e1848" publication-type="other">
Reilly JJ, Armstrong J, Dorosty AR, Emmett PM, Ness A, Rogers
I, et al. 2005. Early life risk factors for obesity in childhood:
cohort study. BMJ 330:1357.</mixed-citation>
         </ref>
         <ref id="d3687e1861a1310">
            <mixed-citation id="d3687e1865" publication-type="other">
Rubin BS, Murray MK, Damassa DA, King JC, Soto AM. 2001.
Perinatal exposure to low doses of bisphenol A affects
body weight, patterns of estrous cyclicity, and plasma LH
levels. Environ Health Perspect 109:675-680.</mixed-citation>
         </ref>
         <ref id="d3687e1881a1310">
            <mixed-citation id="d3687e1885" publication-type="other">
Sakurai K, Kawazuma M, Adachi T, Harigaya T, Saito Y,
Hashimoto N, et al. 2004. Bisphenol A affects glucose
transport in mouse 3T3-F442A adipocytes. Br J Pharmacol
141:209-214.</mixed-citation>
         </ref>
         <ref id="d3687e1901a1310">
            <mixed-citation id="d3687e1905" publication-type="other">
Sathyanarayana S. 2008. Phthalates and children's health. Curr
Probl Pediatr Adolesc Health Care 38(2):34-49.</mixed-citation>
         </ref>
         <ref id="d3687e1915a1310">
            <mixed-citation id="d3687e1919" publication-type="other">
Siervogel RM, Wisemandle W, Maynard LM, Guo SS, Chumlea
WC, Towne B. 2000. Lifetime overweight status in relation
to serial changes in body composition and risk factors for
cardiovascular disease: The Fels Longitudinal Study. Obes
Res8(6):422-430.</mixed-citation>
         </ref>
         <ref id="d3687e1938a1310">
            <mixed-citation id="d3687e1942" publication-type="other">
Stahlhut RW, van Wijngaarden E, Dye TD, Cook S, Swan SH.
2007. Concentrations of urinary phthalate metabolites are
associated with increased waist circumference and insu-
lin resistance in adult US males. Environ Health Perspect
115:876-882.</mixed-citation>
         </ref>
         <ref id="d3687e1962a1310">
            <mixed-citation id="d3687e1966" publication-type="other">
Strauss RS, Knight J. 1999. Influence of the home environ-
ment on the development of obesity in children. Pediatrics
103(6):e85.</mixed-citation>
         </ref>
         <ref id="d3687e1979a1310">
            <mixed-citation id="d3687e1983" publication-type="other">
Strauss RS, Pollack HA. 2001. Epidemic increase in childhood
overweight, 1986-1998. JAMA 286(22):2845-2848.</mixed-citation>
         </ref>
         <ref id="d3687e1993a1310">
            <mixed-citation id="d3687e1999" publication-type="other">
Strauss W LJ, Menkedick J, Ryan L, Pivetz T, McMillan
N, Pierce B, et al. 2004. White Paper on Evaluation of
Sampling Design Options for the National Children's
Study. Available: http://www.nationalchildrensstudy.gov/
research/analytic_reports/upload/Executive-Summary-
for-the-White-Paper-on-Evaluation-of-Sampling-Design-
Options-for-the-National-Children-s-Study.pdf [accessed
1 May 2007].</mixed-citation>
         </ref>
         <ref id="d3687e2028a1310">
            <mixed-citation id="d3687e2032" publication-type="other">
Summerbell CD, Waters E, Edmunds LD, Kelly S, Brown T,
Campbell KJ. 2005. Interventions for preventing obe-
sity in children [Review]. Cochrane Database Syst Rev
3:CD001871.</mixed-citation>
         </ref>
         <ref id="d3687e2048a1310">
            <mixed-citation id="d3687e2052" publication-type="other">
Swan SH, Main KM, Liu F, Stewart SL, Kruse RL, Calafat AM,
et al. 2005. Decrease in anogenital distance among male
infants with prenatal phthalate exposure. Environ Health
Perspect 113:1056-1061.</mixed-citation>
         </ref>
         <ref id="d3687e2068a1310">
            <mixed-citation id="d3687e2072" publication-type="other">
Taveras EM, Rifas-Shiman SL, Oken E, Gunderson EP,
Gillman MW. 2008. Short sleep duration in infancy and
risk of childhood overweight. Arch Pediatr Adolesc Med
162(4):305-311.</mixed-citation>
         </ref>
         <ref id="d3687e2089a1310">
            <mixed-citation id="d3687e2093" publication-type="other">
Teufel NI. 1997. Development of culturally competent food-
frequency questionnaires. Am J Clin Nutr 65(4 suppl):
1173S-1178S.</mixed-citation>
         </ref>
         <ref id="d3687e2106a1310">
            <mixed-citation id="d3687e2110" publication-type="other">
Thompson DR, Obarzanek E, Franko DL, Barton BA, Morrison
J, Biro FM, et al. 2007. Childhood overweight and cardio-
vascular disease risk factors: The National Heart, Lung,
and Blood Institute Growth and Health Study. J Pediatr
150(1): 18-25.</mixed-citation>
         </ref>
         <ref id="d3687e2129a1310">
            <mixed-citation id="d3687e2133" publication-type="other">
Timperio A, Ball K, Salmon J, Roberts R, Giles-Corti B, Simmons
D, et al. 2006. Personal, family, social, and environmental
correlates of active commuting to school. Am J Prev Med
30(1):45-51.</mixed-citation>
         </ref>
         <ref id="d3687e2149a1310">
            <mixed-citation id="d3687e2153" publication-type="other">
Trasande L, Cronk CE, Leuthner SR, Hewitt JB, Durkin MS,
McElroy JA, et al. 2006. The National Children's Study and
the children of Wisconsin. WMJ 105(2):50-54.</mixed-citation>
         </ref>
         <ref id="d3687e2166a1310">
            <mixed-citation id="d3687e2170" publication-type="other">
Trasande L, Landrigan PJ. 2004. The National Children's Study:
a critical national investment. Environ Health Perspect
112:A789-A790.</mixed-citation>
         </ref>
         <ref id="d3687e2183a1310">
            <mixed-citation id="d3687e2187" publication-type="other">
Troiano RP, Flegal KM, Kuczmarski RJ, Campbell SM, Johnson
CL. 1995. Overweight prevalence and trends for children
and adolescents. The National Health and Nutrition
Examination Surveys, 1963 to 1991. Arch Pediatr Adolesc
Med 149(10): 1085-1091.</mixed-citation>
         </ref>
         <ref id="d3687e2207a1310">
            <mixed-citation id="d3687e2211" publication-type="other">
U.S. EPA. 1998. Chemical Hazard Data Availability Study: What Do
We Really Know About the Safety of High Production Volume
Chemicals? Washington, DC:0ffice of Pollution Prevention
and Toxics, U.S. Environmental Protection Agency.</mixed-citation>
         </ref>
         <ref id="d3687e2227a1310">
            <mixed-citation id="d3687e2231" publication-type="other">
Vom Saal FS, Hughes C. 2005. An extensive new literature con-
cerning low-dose effects of bisphenol A shows the need for a
new risk assessment Environ Hearth Perspect 113:926-934.</mixed-citation>
         </ref>
         <ref id="d3687e2244a1310">
            <mixed-citation id="d3687e2248" publication-type="other">
Wisemandle W, Maynard LM, Guo SS, Siervogel RM. 2000.
Childhood weight, stature, and body mass index among
never overweight, early-onset overweight, and late-onset
overweight groups. Pediatrics 106(1):e14.</mixed-citation>
         </ref>
         <ref id="d3687e2264a1310">
            <mixed-citation id="d3687e2268" publication-type="other">
Wolff MS, Britton JA, Boguski L, Hochman S, Maloney N, Serra
N, et al. 2008a. Environmental exposures and puberty in
inner-city girls. Environ Res 107(3):393-400.</mixed-citation>
         </ref>
         <ref id="d3687e2281a1310">
            <mixed-citation id="d3687e2285" publication-type="other">
Wolff MS, Engel SM, Berkowitz GS, Ye X, Silva MJ, Zhu C, et al.
2008b. Prenatal phenol and phthalate exposures and birth
outcomes. Environ Health Perspect 116:1092-1097.</mixed-citation>
         </ref>
         <ref id="d3687e2298a1310">
            <mixed-citation id="d3687e2302" publication-type="other">
Yaroch A, Resnicow KEN, Davis M, Davis A, Smith M, Khan
LK. 2000. Development of a modified picture-sort food fre-
quency questionnaire administered to low-income, over-
weight, African-American adolescent girls. J Am Dietetic
Assoc 100(9): 1050-1056.</mixed-citation>
         </ref>
      </ref-list>
   </back>
</article>
