<article xmlns:xsi="http://www.w3.org/2001/XMLSchema-instance"
         xmlns:xlink="http://www.w3.org/1999/xlink"
         xmlns:mml="http://www.w3.org/1998/Math/MathML"
         dtd-version="1.0"
         article-type="research-article">
   <front>
      <journal-meta>
         <journal-id journal-id-type="jstor">envihealpers</journal-id>
         <journal-id journal-id-type="jstor">j100482</journal-id>
         <journal-title-group>
            <journal-title>Environmental Health Perspectives</journal-title>
         </journal-title-group>
         <publisher>
            <publisher-name>National Institute of Environmental Health Sciences. National Institutes of Health. Department of Health, Education and Welfare</publisher-name>
         </publisher>
         <issn pub-type="ppub">00916765</issn>
      </journal-meta>
      <article-meta>
         <article-id pub-id-type="jstor">25472577</article-id>
         <article-id pub-id-type="pub-doi">10.1289/ehp.0800276</article-id>
         <article-categories>
            <subj-group>
               <subject>Perspectives</subject>
               <subj-group>
                  <subject>Correspondence</subject>
               </subj-group>
            </subj-group>
         </article-categories>
         <title-group>
            <article-title>RDX and miRNA Expression in B6C3F1 Mice</article-title>
         </title-group>
         <contrib-group>
            <contrib>
               <string-name>
                  <given-names>Desmond I.</given-names>
                  <surname>Bannon</surname>
               </string-name>
            </contrib>
            <contrib>
               <string-name>
                  <given-names>Mark</given-names>
                  <surname>Johnson</surname>
               </string-name>
            </contrib>
            <contrib>
               <string-name>
                  <given-names>Larry</given-names>
                  <surname>Williams</surname>
               </string-name>
            </contrib>
            <contrib>
               <string-name>
                  <given-names>Valerie</given-names>
                  <surname>Adams</surname>
               </string-name>
            </contrib>
            <contrib>
               <string-name>
                  <given-names>Edward</given-names>
                  <surname>Perkins</surname>
               </string-name>
            </contrib>
            <contrib>
               <string-name>
                  <given-names>Kurt</given-names>
                  <surname>Gust</surname>
               </string-name>
            </contrib>
            <contrib>
               <string-name>
                  <given-names>Ping</given-names>
                  <surname>Gong</surname>
               </string-name>
            </contrib>
         </contrib-group>
         <pub-date>
            <day>1</day>
            <month>3</month>
            <year>2009</year>
         </pub-date>
         <volume>117</volume>
         <issue>3</issue>
         <issue-id>i25472574</issue-id>
         <fpage>A98</fpage>
         <lpage>A98</lpage>
         <self-uri xlink:href="http://www.jstor.org/stable/25472577"/>
         <custom-meta-group>
            <custom-meta>
               <meta-name>lang</meta-name>
               <meta-value>eng</meta-value>
            </custom-meta>
         </custom-meta-group>
      </article-meta>
   </front>
   <back>
      <ref-list>
         <title>References</title>
         <ref id="d13697e193a1310">
            <mixed-citation id="d13697e197" publication-type="other">
Doucette TA, Bernard PB, Husum H, Perry MA, Ryan CL,
Tasker RA. 2004. Low doses of domoic acid during post-
natal development produce permanent changes in rat
behaviour and hippocampal morphology. Neurotox Res
6(7-8):555-563.</mixed-citation>
         </ref>
         <ref id="d13697e216a1310">
            <mixed-citation id="d13697e220" publication-type="other">
Kozak M. 2008. Faulty old ideas about translational regulation
paved the way for current confusion about how microRNAs
function. Gene 423(2):108—115.</mixed-citation>
         </ref>
         <ref id="d13697e233a1310">
            <mixed-citation id="d13697e237" publication-type="other">
Lish PM, Levine BS, Furedi-Machacek EM, Sagartz EM.
Rac VS. 1984. Determination of the Chronic Mammalian
Toxicological Effects of RDX: Twenty-four Month Chronic
Toxicity/Carcinogenicity Study of Hexahydro-1,3,5-
triazine (RDX) in the B6C3F1 Hybrid Mouse. AD A160774.
Chicago:U.S. Army Medical Research and Development
Command.</mixed-citation>
         </ref>
         <ref id="d13697e263a1310">
            <mixed-citation id="d13697e267" publication-type="other">
Moffat ID, Boutros PC, Celius T, Linden J, Pohjanvirta R,
Okey AB. 2007. MicroRNAs in adult rodent liver are
refractory to dioxin treatment. Toxicol Sci 99(2):470-487.</mixed-citation>
         </ref>
         <ref id="d13697e281a1310">
            <mixed-citation id="d13697e285" publication-type="other">
Revuelta M, Castano A, Machado A, Cano J, Venero JL. 2005.
Kainate-induced zinc translocation from presynaptic
terminals causes neuronal and astroglial cell death and
mRNA loss of BDNF receptors in the hippocampal forma-
tion and amygdala. J Neurosci Res 82(2): 184-195.</mixed-citation>
         </ref>
         <ref id="d13697e304a1310">
            <mixed-citation id="d13697e308" publication-type="other">
Zhang B, Pan X. 2009. RDX induces aberrant expression
of microRNAs in mouse rrain and liver. Environ Health
Perspect 117:231-240.</mixed-citation>
         </ref>
      </ref-list>
   </back>
</article>
