<article xmlns:xsi="http://www.w3.org/2001/XMLSchema-instance"
         xmlns:xlink="http://www.w3.org/1999/xlink"
         xmlns:mml="http://www.w3.org/1998/Math/MathML"
         dtd-version="1.0"
         article-type="research-article">
   <front>
      <journal-meta>
         <journal-id journal-id-type="jstor">envihealpers</journal-id>
         <journal-id journal-id-type="jstor">j100482</journal-id>
         <journal-title-group>
            <journal-title>Environmental Health Perspectives</journal-title>
         </journal-title-group>
         <publisher>
            <publisher-name>National Institute of Environmental Health Sciences. National Institutes of Health. Department of Health, Education and Welfare</publisher-name>
         </publisher>
         <issn pub-type="ppub">00916765</issn>
      </journal-meta>
      <article-meta>
         <article-id pub-id-type="jstor">25472592</article-id>
         <article-id pub-id-type="pub-doi">10.1289/ehp.11902</article-id>
         <article-categories>
            <subj-group>
               <subject>Commentary and Review</subject>
               <subj-group>
                  <subject>Reviews</subject>
               </subj-group>
            </subj-group>
         </article-categories>
         <title-group>
            <article-title>The Controversy about a Possible Relationship between Mobile Phone Use and Cancer</article-title>
         </title-group>
         <contrib-group>
            <contrib>
               <string-name>
                  <given-names>Michael</given-names>
                  <surname>Kundi</surname>
               </string-name>
            </contrib>
         </contrib-group>
         <pub-date>
            <day>1</day>
            <month>3</month>
            <year>2009</year>
         </pub-date>
         <volume>117</volume>
         <issue>3</issue>
         <issue-id>i25472574</issue-id>
         <fpage>316</fpage>
         <lpage>324</lpage>
         <self-uri xlink:href="http://www.jstor.org/stable/25472592"/>
         <abstract>
            <p>Objective: During the last decade, mobile phone use increased to almost 100% prevalence in many countries of the world. Evidence for potential health hazards accumulated in parallel by epidemiologic investigations has raised controversies about the appropriate interpretation and the degree of bias and confounding responsible for reduced or increased risk estimates. Data sources: Overall, I identified 33 epidemiologic studies in the peer-reviewed literature, most of which (25) were about brain tumors. Two groups have collected data for ≥ 10 years of mobile phone use: Hardell and colleagues from Sweden and the Interphone group, an international consortium from 13 countries coordinated by the International Agency for Research on Cancer. Data synthesis: Combined odds ratios (95% confidence intervals) from these studies for glioma, acoustic neuroma, and meningioma were 1.5 (1.2-1.8); 1.3 (0.95-1.9); and 1.1 (0.8-1.4), respectively. Conclusions: Methodologic considerations revealed that three important conditions for epidemiologic studies to detect an increased risk are not met: a) no evidence-based exposure metric is available; b) the observed duration of mobile phone use is generally still too low; c) no evidence-based selection of end points among the grossly different types of neoplasias is possible because of lack of etiologic hypotheses. Concerning risk estimates, selection bias, misclassification bias, and effects of the disease on mobile phone use could have reduced estimates, and recall bias may have led to spuriously increased risks. The overall evidence speaks in favor of an increased risk, but its magnitude cannot be assessed at present because of insufficient information on long-term use.</p>
         </abstract>
         <kwd-group>
            <kwd>Acoustic neuroma</kwd>
            <kwd>Brain tumors</kwd>
            <kwd>Causation</kwd>
            <kwd>Epidemiology</kwd>
            <kwd>Glioma</kwd>
            <kwd>Meningioma</kwd>
            <kwd>Mobile phones</kwd>
            <kwd>Risk assessment</kwd>
         </kwd-group>
         <custom-meta-group>
            <custom-meta>
               <meta-name>lang</meta-name>
               <meta-value>eng</meta-value>
            </custom-meta>
         </custom-meta-group>
      </article-meta>
   </front>
   <back>
      <ref-list>
         <title>References</title>
         <ref id="d13809e156a1310">
            <mixed-citation id="d13809e160" publication-type="other">
Adey W, Byus C, Cain C, Higgins R, Jones R, Kean C, et al. 2000.
Spontaneous and nitrosourea-induced primary tumors of
the central nervous system in Fischer 344 rats exposed
to frequency-modulated microwave fields. Cancer Res
60(7):1857-1863.</mixed-citation>
         </ref>
         <ref id="d13809e179a1310">
            <mixed-citation id="d13809e183" publication-type="other">
Ahlbom A, Green A, Kheifets L, Savitz D, Swerdlow A. 2004.
Epidemiology of health effects of radiofrequency exposure.
Environ Health Perspect 112:1741-1754.</mixed-citation>
         </ref>
         <ref id="d13809e196a1310">
            <mixed-citation id="d13809e200" publication-type="other">
Auvinen A, Hietanen M, Luukkonen R, Koskela R. 2002. Brain
tumors and salivary gland cancers among cellular tele-
phone users. Epidemiology 13&amp;amp;lt;3):356—359.</mixed-citation>
         </ref>
         <ref id="d13809e213a1310">
            <mixed-citation id="d13809e217" publication-type="other">
Berg G, Schuz J, Samkange-Zeeb F, Blettner M. 2005.
Assessment of radiofrequency exposure from cellular
telephone daily use in an epidemiological study: German
validation study of the international case-control study of
cancers of the brain—INTERPHONE—study. J Expo Anal
Environ Epidemiol 15(3):217-224.</mixed-citation>
         </ref>
         <ref id="d13809e241a1310">
            <mixed-citation id="d13809e245" publication-type="other">
Berg G, Spallek J, Schuz J, Schlehofer B, Bonier E, Schlaefer K,
et al. 2006. Occupational exposure to radio frequency/micro-
wave radiation and the risk of brain tumors: Interphone
Study Group, Germany. Am J Epidemiol 164(6):538-548.</mixed-citation>
         </ref>
         <ref id="d13809e261a1310">
            <mixed-citation id="d13809e265" publication-type="other">
Cahan W, Woodard H, Higinbotham N, Stewart F, Coley B.
1948. Sarcoma arising in irradiated bone. Report of eleven
cases. Cancer 1:3-29.</mixed-citation>
         </ref>
         <ref id="d13809e278a1310">
            <mixed-citation id="d13809e282" publication-type="other">
Cardis E, Deltour I, Mann S, Moissonnier M, Taki M, Varsier N,
et al. 2008. Distribution of RF energy emitted by mobile
phones in anatomical structures of the brain. Phys Med
Biol 53:2771-2783.</mixed-citation>
         </ref>
         <ref id="d13809e298a1310">
            <mixed-citation id="d13809e302" publication-type="other">
Cardis E, Richardson L, Deltour I, Armstrong B, Feychting M,
Johansen C, et al. 2007. The INTERPHONE study: design,
epidemiological methods, and description of the study
population. Eur J Epidemiol 22(9):647-664.</mixed-citation>
         </ref>
         <ref id="d13809e318a1310">
            <mixed-citation id="d13809e322" publication-type="other">
Chiabrera A, Bianco B, Moggia E, Kaufman J. 2000. Zeeman-
Stark modeling of the RF EMF interaction with ligand binding.
Bioelectromagnetics 21:312-324.</mixed-citation>
         </ref>
         <ref id="d13809e335a1310">
            <mixed-citation id="d13809e339" publication-type="other">
Christensen H, Schiiz J, Kosteljanetz M, Poulsen H, Boice J Jr,
McLaughlin J, et al. 2005. Cellular telephones and risk for
brain tumors: a population-based, incident case-control
study. Neurology 64(7):1189-1195.</mixed-citation>
         </ref>
         <ref id="d13809e356a1310">
            <mixed-citation id="d13809e360" publication-type="other">
Christensen H, Schiiz J, Kosteljanetz M, Poulsen H, Thomsen
J, Johansen C. 2004. Cellular telephone use and risk of
acoustic neuroma. Am J Epidemiol 159(3):277-283.</mixed-citation>
         </ref>
         <ref id="d13809e373a1310">
            <mixed-citation id="d13809e377" publication-type="other">
Dreyer N, Loughlin J, Rothman K. 1999. Cause-specific mortality
in cellular telephone users. JAMA 282(19):1814-1816.</mixed-citation>
         </ref>
         <ref id="d13809e387a1310">
            <mixed-citation id="d13809e391" publication-type="other">
Friedman J, Kraus S, Hauptman Y, Schiff Y, Seger R. 2007.
Mechanism of short-term ERK activation by electro-
magnetic fields at mobile phone frequencies. Biochem J
405(3):559-568.</mixed-citation>
         </ref>
         <ref id="d13809e407a1310">
            <mixed-citation id="d13809e411" publication-type="other">
Grayson J. 1996. Radiation exposure socioeconomic status
and brain tumor risk in the U.S. Air Force: a nested case-
control study. Am J Epidemiol 143:480-486.</mixed-citation>
         </ref>
         <ref id="d13809e424a1310">
            <mixed-citation id="d13809e428" publication-type="other">
Hardell L, Carlberg M, Hansson Mild K. 2005a. Case-control
study on cellular and cordless telephones and the risk for
acoustic neuroma or meningioma in patients diagnosed
2000-2003. Neuroepidemiology 25(3):120-128.</mixed-citation>
         </ref>
         <ref id="d13809e444a1310">
            <mixed-citation id="d13809e448" publication-type="other">
Hardell L, Carlberg M, Hansson Mild K. 2005b. Use of cellular
telephones and brain tumour risk in urban and rural areas.
Occup Environ Med 62(6):390-394.</mixed-citation>
         </ref>
         <ref id="d13809e462a1310">
            <mixed-citation id="d13809e466" publication-type="other">
Hardell L, Carlberg M, Hansson Mild K. 2006a. Case-control
study of the association between the use of cellular and
cordless telephones and malignant brain tumors diag-
nosed during 2000-2003. Environ Res 100(2):232-241.</mixed-citation>
         </ref>
         <ref id="d13809e482a1310">
            <mixed-citation id="d13809e486" publication-type="other">
Hardell L, Carlberg M, Hansson Mild K. 2006b. Pooled analysis
of two case-control studies on the use of cellular and
cordless telephones and the risk of benign brain tumours
diagnosed during 1997-2003. Int J Oncol 28(2):509-518.</mixed-citation>
         </ref>
         <ref id="d13809e502a1310">
            <mixed-citation id="d13809e506" publication-type="other">
Hardell L, Carlberg M, Hansson Mild, K. 2006c. Pooled analysis
of two case-control studies on use of cellular and cord-
less telephones and the risk for malignant brain tumours
diagnosed in 1997-2003. Int Arch Occup Environ Health
79(8):630-639.</mixed-citation>
         </ref>
         <ref id="d13809e525a1310">
            <mixed-citation id="d13809e529" publication-type="other">
Hardell L, Carlberg M, Hansson Mild K. 2008. Methodological
aspects of epidemiological studies on the use of mobile
phones and their association with brain tumors. Open
Environ Sci 2:54-61.</mixed-citation>
         </ref>
         <ref id="d13809e545a1310">
            <mixed-citation id="d13809e549" publication-type="other">
Hardell L, Carlberg M, Ohlson C, Westberg H, Eriksson M, Hansson
Mild K. 2007. Use of cellular and cordless telephones and risk
of testicular cancer. Int J Androl 30(2):11 5-122.</mixed-citation>
         </ref>
         <ref id="d13809e562a1310">
            <mixed-citation id="d13809e566" publication-type="other">
Hardell L, Eriksson M, Carlberg M, Sundstrom C, Hansson Mild K.
2005c. Use of cellular or cordless telephones and the risk
for non-Hodgkin's lymphoma. Int Arch Occup Environ Health
78(8):625-632.</mixed-citation>
         </ref>
         <ref id="d13809e583a1310">
            <mixed-citation id="d13809e587" publication-type="other">
Hardell L, Hallquist A, Hansson Mild K, Carlberg M, Gertzen H,
SchildtE, et al. 2004. No association between the use
of cellular or cordless telephones and salivary gland
tumours. Occup Environ Med 61(8):675-679.</mixed-citation>
         </ref>
         <ref id="d13809e603a1310">
            <mixed-citation id="d13809e607" publication-type="other">
Hardell L, Hallquist A, Hansson Mild K, Carlberg M, Pahlson A,
Lilja A. 2002a. Cellular and cordless telephones and the
risk for brain tumours. Eur J Cancer Prev 11(4):377—386.</mixed-citation>
         </ref>
         <ref id="d13809e620a1310">
            <mixed-citation id="d13809e624" publication-type="other">
Hardell L, Hansson Mild K, Carlberg M. 2002b. Case-control
study on the use of cellular and cordless phones and
the risk for malignant brain tumours. Int J Radiat Biol
78(10):931-936.</mixed-citation>
         </ref>
         <ref id="d13809e640a1310">
            <mixed-citation id="d13809e644" publication-type="other">
Hardell L, Hansson Mild K, Carlberg M, Soderqvist F. 2006d.
Tumour risk associated with use of cellular telephones or
cordless desktop telephones. World J Surg Oncol 4:74-83.</mixed-citation>
         </ref>
         <ref id="d13809e657a1310">
            <mixed-citation id="d13809e661" publication-type="other">
Hardell L, Hansson Mild K, Pahlson A, Hallquist A. 2001.
Ionizing radiation, cellular telephones and the risk for
brain tumours. Eur J Cancer Prev 10(6):523-529.</mixed-citation>
         </ref>
         <ref id="d13809e674a1310">
            <mixed-citation id="d13809e678" publication-type="other">
Hardell L, Nasman A, Pahlson A, Hallquist A. 2000. Case-control
study on radiology work, medical X-ray investigations, and
use of cellular telephones as risk factors for brain tumors.
MedGenMed 2(2):E2.</mixed-citation>
         </ref>
         <ref id="d13809e695a1310">
            <mixed-citation id="d13809e699" publication-type="other">
Hardell L, Nasman A, Pahlson A, Hallquist A, Hansson Mild K.
1999. Use of cellular telephones and the risk for brain
tumours: a case-control study. Int J Oncol 15&amp;amp;lt;1 ):113—116.</mixed-citation>
         </ref>
         <ref id="d13809e712a1310">
            <mixed-citation id="d13809e716" publication-type="other">
Hepworth S, Schoemaker M, Muir K, Swerdlow A, van Tongeren,
MJA, McKinney PA. 2006. Mobile phone use and risk of
glioma in adults: case-control study. BMJ 332(7546):883-887.</mixed-citation>
         </ref>
         <ref id="d13809e729a1310">
            <mixed-citation id="d13809e733" publication-type="other">
Hours M, Bernard M, Montestrucq L, Arslan M, Bergeret A,
Oeltour I, et al. 2007. Cell phones and risk of brain and
acoustic nerve tumours: the French INTERPHONE case-
control study [in French]. Rev Epidemiol Sante Publique
55(5):321-332.</mixed-citation>
         </ref>
         <ref id="d13809e752a1310">
            <mixed-citation id="d13809e756" publication-type="other">
Hruby R, Neubauer G, Kuster N, Frauscher M. 2008. Study
on potential effects of "902-MHz GSM-type Wireless
Communication Signals" on DMBA-induced mammary
tumours in Sprague-Dawley rats. Mutat Res 649:34-44.</mixed-citation>
         </ref>
         <ref id="d13809e772a1310">
            <mixed-citation id="d13809e776" publication-type="other">
Inskip P, Tarone R, Hatch E, Wilcosky T, Shapiro W, Selker R,
et al. 2001. Cellular-telephone use and brain tumors. N Engl
J Med 344(2):79-86.</mixed-citation>
         </ref>
         <ref id="d13809e789a1310">
            <mixed-citation id="d13809e793" publication-type="other">
Johansen C, Boice J Jr, McLaughlin J, Olsen J. 2001. Cellular
telephones and cancer—a nationwide cohort study in
Denmark. J Natl Cancer Inst 93(3):203-207.</mixed-citation>
         </ref>
         <ref id="d13809e807a1310">
            <mixed-citation id="d13809e811" publication-type="other">
Karinen A, Heinavaara S, Nylund R, Leszczynski D. 2008. Mobile
phone radiation might alter protein expression in human
skin. BMC Genomics 9:77; doi:10.1186/1471-2164-9-77
[Online 11 February 2008].</mixed-citation>
         </ref>
         <ref id="d13809e827a1310">
            <mixed-citation id="d13809e831" publication-type="other">
Klaeboe L, Blaasaas K, Tynes T. 2007. Use of mobile phones
in Norway and risk of intracranial tumours. Eur J Cancer
Prev 16(2):158-164.</mixed-citation>
         </ref>
         <ref id="d13809e844a1310">
            <mixed-citation id="d13809e848" publication-type="other">
Kleihues P, Cavenee WK, eds. 2000. World Health Organization
Classification of Tumours. Pathology and Genetics:
Tumours of the Nervous System. Lyon France:lnternational
Agency for Research on Cancer</mixed-citation>
         </ref>
         <ref id="d13809e864a1310">
            <mixed-citation id="d13809e868" publication-type="other">
Kranzinger M, Jones N, Rittinger 0, Pilz P, Piotrowski W,
Manzl M, et al. 2001. Malignant glioma as a secondary
malignant neoplasm after radiation therapy for cranio-
pharyngioma: report of a case and review of reported
cases. Onkologie 24(1):66-72.</mixed-citation>
         </ref>
         <ref id="d13809e887a1310">
            <mixed-citation id="d13809e891" publication-type="other">
Krewski D, Byus C, Glickman B, Lotz W, Mandeville R,
McBride M, et al. 2001. Recent advances in research on
radiofrequency fields and health. J Toxicol Environ Health B
Crit Rev 4(1}:145-159.</mixed-citation>
         </ref>
         <ref id="d13809e907a1310">
            <mixed-citation id="d13809e911" publication-type="other">
Kundi M. 2003. Comments on the responses of Utteridge
et al. (Radiat. Res. 159, 277-278, 2003) to letters about
their paper (Radiat. Res. 158, 357-364, 2002). Radiat Res
160(5):613-614.</mixed-citation>
         </ref>
         <ref id="d13809e928a1310">
            <mixed-citation id="d13809e932" publication-type="other">
Kundi M. 2004. Mobile phone use and cancer. Occup Environ
Med61(6):560-570,487.</mixed-citation>
         </ref>
         <ref id="d13809e942a1310">
            <mixed-citation id="d13809e946" publication-type="other">
Kundi M. 2006. Causality and the interpretation of epidemiologic
evidence. Environ Health Perspect 114:969-974.</mixed-citation>
         </ref>
         <ref id="d13809e956a1310">
            <mixed-citation id="d13809e960" publication-type="other">
Kundi M, Hansson Mild K, Hardell L, Mattsson M. 2004. Mobile
telephones and cancer—a review of epidemiological evi-
dence. J Toxicol Environ Health B Crit Rev 7(5):351-384.</mixed-citation>
         </ref>
         <ref id="d13809e973a1310">
            <mixed-citation id="d13809e977" publication-type="other">
Lahkola A, Auvinen A, Raitanen J, Schoemaker M, Christensen H,
Feychting M, et al. 2007. Mobile phone use and risk of glioma
in 5 North European countries. Int J Cancer 120(8):1769-1775.</mixed-citation>
         </ref>
         <ref id="d13809e990a1310">
            <mixed-citation id="d13809e994" publication-type="other">
Lahkola A, Salminen T, Raitanen J, Heinavaara S, Schoemaker M,
Christensen HC, et al. 2008. Meningioma and mobile phone
use—a collaborative case-control study in five North
European countries. Int J Epidemiol 37(6): 1304-1313.</mixed-citation>
         </ref>
         <ref id="d13809e1010a1310">
            <mixed-citation id="d13809e1014" publication-type="other">
Lai H, Singh N. 1997. Melatonin and a spin-trap compound
blocked radiofrequency radiation-induced DNA strand
breaks in rat brain cells. Bioelectromagnetics 18:446-454.</mixed-citation>
         </ref>
         <ref id="d13809e1028a1310">
            <mixed-citation id="d13809e1032" publication-type="other">
Lai H, Singh N. 2004. Magnetic-field-induced DNA strand breaks
in brain cells of the rat Environ Health Perspect 112:687-694.</mixed-citation>
         </ref>
         <ref id="d13809e1042a1310">
            <mixed-citation id="d13809e1046" publication-type="other">
Linet M, Taggart T, Severson R, Cerhan J, Cozen W, Hartge P,
etal. 2006. Cellular telephones and non-Hodgkin lymphoma.
Int J Cancer 119(10):2382-2388.</mixed-citation>
         </ref>
         <ref id="d13809e1059a1310">
            <mixed-citation id="d13809e1063" publication-type="other">
Lonn S. 2004. Mobile phone use and risk of intracranial tumors
[Doctoral thesis]. Stockholm:Karolinska Institutet.</mixed-citation>
         </ref>
         <ref id="d13809e1073a1310">
            <mixed-citation id="d13809e1077" publication-type="other">
Lonn S, Ahlbom A, Christensen H, Johansen C, Schuz J,
Edstrom S, et al. 2006. Mobile phone use and risk of parotid
gland tumor. Am J Epidemiol 164(7):637-643.</mixed-citation>
         </ref>
         <ref id="d13809e1090a1310">
            <mixed-citation id="d13809e1094" publication-type="other">
Lonn S, Ahlbom A, Hall P, Feychting M. 2004a. Mobile phone use
and the risk of acoustic neuroma. Epidemiology 15(6):653-659.</mixed-citation>
         </ref>
         <ref id="d13809e1104a1310">
            <mixed-citation id="d13809e1108" publication-type="other">
Lonn S, Ahlbom A, Hall P, Feychting M. 2005. Long-term
mobile phone use and brain tumor risk. Am J Epidemiol
161(6):526-535.</mixed-citation>
         </ref>
         <ref id="d13809e1122a1310">
            <mixed-citation id="d13809e1126" publication-type="other">
Lonn S, Forssen U, Vecchia P, Ahlbom A, Feychting M. 2004b.
Output power levels from mobile phones in different geo-
graphical areas; implications for exposure assessment.
Occup Environ Med 61:769-772.</mixed-citation>
         </ref>
         <ref id="d13809e1142a1310">
            <mixed-citation id="d13809e1146" publication-type="other">
Mohyuddin A, Vokurka E, Evans D, Ramsden R, Jackson A.
2003. Is clinical growth index a reliable predictor of tumour
growth in vestibular schwannomas? Clin Otolaryngol Allied
Sci 28(2):85-90.</mixed-citation>
         </ref>
         <ref id="d13809e1162a1310">
            <mixed-citation id="d13809e1166" publication-type="other">
Muscat J, Malkin M, Shore R, Thompson S, Neugut A,
Stellman S, et al. 2002. Handheld cellular telephones and
risk of acoustic neuroma. Neurology 58(8): 1304-1306.</mixed-citation>
         </ref>
         <ref id="d13809e1179a1310">
            <mixed-citation id="d13809e1183" publication-type="other">
Muscat J, Malkin M, Thompson S, Shore R, Stellman S,
McRee D, et al. 2000. Handheld cellular telephone use and
risk of brain cancer. JAMA 284(23):3001-3007.</mixed-citation>
         </ref>
         <ref id="d13809e1196a1310">
            <mixed-citation id="d13809e1200" publication-type="other">
Phelan A, Lange D, Kues H, Lutty G. 1992. Modification of mem-
brane fluidity in melanin containing cells by low level
microwave radiation. Bioelectromagnetics 13:131-146.</mixed-citation>
         </ref>
         <ref id="d13809e1213a1310">
            <mixed-citation id="d13809e1217" publication-type="other">
Repacholi M, Basten A, Gebski V, Noonan D, Finnie J, Harris A.
1997. Lymphomas in E mu-Pim1 transgenic mice exposed
to pulsed 900 MHZ MHz electromagnetic fields. Radiat Res
147:631-640.</mixed-citation>
         </ref>
         <ref id="d13809e1234a1310">
            <mixed-citation id="d13809e1238" publication-type="other">
Rothman KJ, Greenland S, Lash TL 2008. Modern Epidemiology.
3rd ed. Philadelphialippincott Williams &amp;amp; Wilkins</mixed-citation>
         </ref>
         <ref id="d13809e1248a1310">
            <mixed-citation id="d13809e1252" publication-type="other">
Sadetzki S, Chetrrt A, Freedman L, Stovall M, Modan B, Novikov I.
2005. Long-term follow-up for brain tumor development after
childhood exposure to ionizing radiation for tinea capitis.
Radiat Res 163(4):424-432.</mixed-citation>
         </ref>
         <ref id="d13809e1268a1310">
            <mixed-citation id="d13809e1272" publication-type="other">
Sadetzki S, Chetrit A, Jarus-Hakak A, Cardis E, Deutch Y,
Duvdevani S, et al. 2008. Cellular phone use and risk of
benign and malignant parotid gland tumors—a nationwide
case-control study. Am J Epidemiol 167(4):457-467.</mixed-citation>
         </ref>
         <ref id="d13809e1288a1310">
            <mixed-citation id="d13809e1292" publication-type="other">
Schlehofer B, Schlaefer K, Blettner M, Berg G, Bohler E,
Hettinger I, et al. 2007. Environmental risk factors for
sporadic acoustic neuroma (Interphone Study Group,
Germany). Eur J Cancer 43(11 ):1741-1747.</mixed-citation>
         </ref>
         <ref id="d13809e1308a1310">
            <mixed-citation id="d13809e1312" publication-type="other">
Schoemaker M, Swerdlow A, Ahlbom A, Auvinen A, Blaasaas K,
Cardis E, et al. 2005. Mobile phone use and risk of acoustic
neuroma: results of the Interphone case-control study in
five North European countries. Br J Cancer 93(7):842-848.</mixed-citation>
         </ref>
         <ref id="d13809e1328a1310">
            <mixed-citation id="d13809e1332" publication-type="other">
Schuz J, Bohler E, Berg G, Schlehofer B, Hettinger I, Schlaefer K,
et al. 2006a. Cellular phones, cordless phones, and the
risks of glioma and meningioma (Interphone Study Group,
Germany). Am J Epidemiol 163(6):512-520.</mixed-citation>
         </ref>
         <ref id="d13809e1349a1310">
            <mixed-citation id="d13809e1353" publication-type="other">
Schuz J, Jacobsen R, Olsen J, Boice J Jr, McLaughlin J,
Johansen C. 2006b. Cellular telephone use and cancer risk:
update of a nationwide Danish cohort. J Natl Cancer Inst
98(23):1707-1713.</mixed-citation>
         </ref>
         <ref id="d13809e1369a1310">
            <mixed-citation id="d13809e1373" publication-type="other">
Schwartzbaum JA, Fisher JL, Aldape KD, Wrensch M. 2006.
Epidemiology and molecular pathology of glioma. Nat Clin
Pract Neurol 2(9):494-503.</mixed-citation>
         </ref>
         <ref id="d13809e1386a1310">
            <mixed-citation id="d13809e1392" publication-type="other">
Shirai T, Ichihara T, Wake K, Watanabe S, Yamanaka Y, Kawabe
M, et al. 2007. Lack of promoting effects of chronic exposure
to 1.95-GHz W-CDMA signals for IMT-2000 cellular system
on development of /V-ethylnitrosourea-induced central
nervous system tumors in F344 rats. Bioelectromagnetics
28(7):562-572.</mixed-citation>
         </ref>
         <ref id="d13809e1415a1310">
            <mixed-citation id="d13809e1419" publication-type="other">
Simko M, Hartwig C, Lantow M, Lupke M, Mattsson M,
Rahman Q, et al. 2006. Hsp70 expression and free radical
release after exposure to non-thermal radio-frequency
electromagnetic fields and ultrafine particles in human
Mono Mac 6 cells. Toxicol Lett 161(1):73-82.</mixed-citation>
         </ref>
         <ref id="d13809e1438a1310">
            <mixed-citation id="d13809e1442" publication-type="other">
Soderqvist F, Carlberg M, Hardell L 2008. Use of wireless tele-
phones and self-reported health symptoms: a population-
based study among Swedish adolescents aged 15-19 years.
Environ Health 7:18; doi:10.1186/1476-069X-7-18 [Online
21 May 2008].</mixed-citation>
         </ref>
         <ref id="d13809e1461a1310">
            <mixed-citation id="d13809e1465" publication-type="other">
Stang A, Anastassiou G, Ahrens W, Bromen K, Bomfeld N, Jockel
K. 2001. The possible role of radiofrequency radiation in the
development of uveal melanoma. Epidemiology 12(1):7-12.</mixed-citation>
         </ref>
         <ref id="d13809e1479a1310">
            <mixed-citation id="d13809e1483" publication-type="other">
Szmigielski S. 1996. Cancer morbidity in subjects occupational^
exposed to high frequency (radiofrequency and microwave)
electromagnetic radiation. Sci Total Environ 180:9-17.</mixed-citation>
         </ref>
         <ref id="d13809e1496a1310">
            <mixed-citation id="d13809e1502" publication-type="other">
Takebayashi T, Akiba S, Kikuchi Y, Taki M, Wake K, Watanabe S,
et al. 2006. Mobile phone use and acoustic neuroma risk in
Japan. Occup Environ Med 63(12):802-807.</mixed-citation>
         </ref>
         <ref id="d13809e1515a1310">
            <mixed-citation id="d13809e1519" publication-type="other">
Takebayashi T, Varsier N, Kikuchi Y, Wake K, Taki M, Watanabe S,
et al. 2008. Mobile phone use, exposure to radiofrequency
electromagnetic field, and brain tumour: a case-control
study. Br J Cancer 98(3):652-659.</mixed-citation>
         </ref>
         <ref id="d13809e1535a1310">
            <mixed-citation id="d13809e1539" publication-type="other">
Thomas T, Stolley P, Stemhagen A, Fontham E, Bleeker M,
Stewart P. 1987. Brain tumour mortality risk among men
with electrical and electronic jobs: a case-control study.
J Natl Cancer Inst 79:233-238.</mixed-citation>
         </ref>
         <ref id="d13809e1555a1310">
            <mixed-citation id="d13809e1559" publication-type="other">
Umansky F, Shoshan Y, Rosnethal G, Fraifeld S, Spektor S. 2008.
Radiation-induced meningioma. Neurosurg Focus 24(5):E7;
doi:10.3171/F0C/2008/24/5/E7.</mixed-citation>
         </ref>
         <ref id="d13809e1572a1310">
            <mixed-citation id="d13809e1576" publication-type="other">
Vanderstraeten J, Verschaeve L 2008. Gene and protein expres-
sion following exposure to radiofrequency fields from
mobile phones. Environ Health Perspect 116:1131-1135.</mixed-citation>
         </ref>
         <ref id="d13809e1590a1310">
            <mixed-citation id="d13809e1594" publication-type="other">
Vijayalaxmi, Obe G. 2004. Controversial cytogenetic obser-
vations in mammalian somatic cells exposed to radio-
frequency radiation. Radiat Res 162:481-496.</mixed-citation>
         </ref>
         <ref id="d13809e1607a1310">
            <mixed-citation id="d13809e1611" publication-type="other">
Vijayalaxmi, Prihoda TJ. 2008. Genetic damage in mammalian
somatic cells exposed to radiofrequency radiation: a meta-
analysis of data from 63 publications (1990-2005). Radiat
Res169(5):561-574.</mixed-citation>
         </ref>
         <ref id="d13809e1627a1310">
            <mixed-citation id="d13809e1631" publication-type="other">
Vrijheid M, Cardis E, Armstrong B, Auvinen A, Berg G,
Blaasaas K, et al. 2006a. Validation of short term recall of
mobile phone use for the Interphone study. Occup Environ
Med 63(4):237-243.</mixed-citation>
         </ref>
         <ref id="d13809e1647a1310">
            <mixed-citation id="d13809e1651" publication-type="other">
Vrijheid M, Deltour I, Krewski D, Sanchez M, Cardis E. 2006b.
The effects of recall errors and of selection bias in epi-
demiologic studies of mobile phone use and cancer risk.
J Expo Sci Environ Epidemiol 16(4):371-384.</mixed-citation>
         </ref>
         <ref id="d13809e1667a1310">
            <mixed-citation id="d13809e1671" publication-type="other">
Warren H, Prevatt A, Daly K, Antonelli P. 2003. Cellular tele-
phone use and risk of infratemporal facial nerve tumor.
Laryngoscope 113(4):663-667.</mixed-citation>
         </ref>
         <ref id="d13809e1684a1310">
            <mixed-citation id="d13809e1688" publication-type="other">
Wrensch M, Minn Y, Chew T, Bondy M, Berger M. 2002.
Epidemiology of primary brain tumors: current concepts
and review of the literature. Neuro Oncol 4(4):278-299.</mixed-citation>
         </ref>
      </ref-list>
   </back>
</article>
