<article xmlns:xsi="http://www.w3.org/2001/XMLSchema-instance"
         xmlns:xlink="http://www.w3.org/1999/xlink"
         xmlns:mml="http://www.w3.org/1998/Math/MathML"
         dtd-version="1.0"
         article-type="research-article">
   <front>
      <journal-meta>
         <journal-id journal-id-type="jstor">envihealpers</journal-id>
         <journal-id journal-id-type="jstor">j100482</journal-id>
         <journal-title-group>
            <journal-title>Environmental Health Perspectives</journal-title>
         </journal-title-group>
         <publisher>
            <publisher-name>National Institute of Environmental Health Sciences. National Institutes of Health. Department of Health, Education and Welfare</publisher-name>
         </publisher>
         <issn pub-type="ppub">00916765</issn>
      </journal-meta>
      <article-meta>
         <article-id pub-id-type="jstor">25472601</article-id>
         <article-id pub-id-type="pub-doi">10.1289/ehp.11580</article-id>
         <article-categories>
            <subj-group>
               <subject>Research</subject>
            </subj-group>
         </article-categories>
         <title-group>
            <article-title>Proximity to Traffic: Inflammation, and Immune Function among Women in the Seattle, Washington, Area</article-title>
         </title-group>
         <contrib-group>
            <contrib>
               <string-name>
                  <given-names>Lori A.</given-names>
                  <surname>Williams</surname>
               </string-name>
            </contrib>
            <contrib>
               <string-name>
                  <given-names>Cornelia M.</given-names>
                  <surname>Ulrich</surname>
               </string-name>
            </contrib>
            <contrib>
               <string-name>
                  <given-names>Timothy</given-names>
                  <surname>Larson</surname>
               </string-name>
            </contrib>
            <contrib>
               <string-name>
                  <given-names>Mark H.</given-names>
                  <surname>Wener</surname>
               </string-name>
            </contrib>
            <contrib>
               <string-name>
                  <given-names>Brent</given-names>
                  <surname>Wood</surname>
               </string-name>
            </contrib>
            <contrib>
               <string-name>
                  <given-names>Peter T.</given-names>
                  <surname>Campbell</surname>
               </string-name>
            </contrib>
            <contrib>
               <string-name>
                  <given-names>John D.</given-names>
                  <surname>Potter</surname>
               </string-name>
            </contrib>
            <contrib>
               <string-name>
                  <given-names>Anne</given-names>
                  <surname>McTiernan</surname>
               </string-name>
            </contrib>
            <contrib>
               <string-name>
                  <given-names>Anneclaire J.</given-names>
                  <surname>De Roos</surname>
               </string-name>
            </contrib>
         </contrib-group>
         <pub-date>
            <day>1</day>
            <month>3</month>
            <year>2009</year>
         </pub-date>
         <volume>117</volume>
         <issue>3</issue>
         <issue-id>i25472574</issue-id>
         <fpage>373</fpage>
         <lpage>378</lpage>
         <self-uri xlink:href="http://www.jstor.org/stable/25472601"/>
         <abstract>
            <p>Background: Traffic-related air pollution has been associated with adverse health outcomes, and the immune system may be a biologic mediator of health effects. Objectives: We analyzed associations between living near major roads and immune status as measured by five immune assays. We hypothesized that living near a freeway, arterial, or truck route would be associated with increased inflammation and decreased immune function. Methods: We used a geographic information system (GIS) to determine residential proximity to major roads among 115 postmenopausal, overweight women in the greater Seattle, Washington (USA), area whose immunity was assessed at the baseline visit of an exercise intervention trial. We evaluated three inflammatory markers (C-reactive protein, serum amyloid A, and interleukin-6) and two functional assays of cellular immunity [natural killer (NK) cell cytotoxicity and T-lymphocyte proliferation]. Results: Women living within 150 m of arterial roads had 21% lower NK cytotoxicity compared with women who lived farther from an arterial [mean cytotoxicity, 19.5%; 95% confidence interval (CI), 15.6-23.5%; vs. mean cytotoxicity, 24.8%; 95% CI, 22.0-27.5%], after adjustment for both individual-level and census tract-level demographic characteristics. This association was limited to women who reported exercising near traffic. Fewer women lived near freeways and truck routes. Markers of inflammation and lymphocyte proliferation did not consistently differ according to proximity to major roads. Conclusions: If the observed association between residential proximity to traffic and decreased NK cytotoxicity is confirmed in other populations, our results may have implications for local land use policy.</p>
         </abstract>
         <kwd-group>
            <kwd>Air pollution</kwd>
            <kwd>C-reactive protein</kwd>
            <kwd>Cytotoxicity</kwd>
            <kwd>Immune function</kwd>
            <kwd>Inflammation</kwd>
            <kwd>Lymphocyte proliferation</kwd>
            <kwd>Natural killer cell</kwd>
            <kwd>Traffic</kwd>
         </kwd-group>
         <custom-meta-group>
            <custom-meta>
               <meta-name>lang</meta-name>
               <meta-value>eng</meta-value>
            </custom-meta>
         </custom-meta-group>
      </article-meta>
   </front>
   <back>
      <ref-list>
         <title>References</title>
         <ref id="d13963e258a1310">
            <mixed-citation id="d13963e262" publication-type="other">
Albers R, Antoine JM, Bourdet-Sicard R, Calder PC, Gleeson M,
Lesourd B, et al. 2005. Markers to measure immunomodu-
lation in human nutrition intervention studies. Br J Nutr
94:452-481.</mixed-citation>
         </ref>
         <ref id="d13963e278a1310">
            <mixed-citation id="d13963e282" publication-type="other">
Boynton A, Neuhouser ML, Wener MH, Wood B, Sorensen B,
Chen-Levy Z, et al. 2007. Associations between healthy
eating patterns and immune function or inflammation in
overweight or obese postmenopausal women. Am J Clin
Nutr 86:1445-1455.</mixed-citation>
         </ref>
         <ref id="d13963e301a1310">
            <mixed-citation id="d13963e305" publication-type="other">
Brauer M, Gehring U, Brunekreef B, de Jongste J, Gerritsen J,
Rovers M, et al. 2006. Traffic-related air pollution and otitis
media. Environ Health Perspect 114:1414-1418.</mixed-citation>
         </ref>
         <ref id="d13963e318a1310">
            <mixed-citation id="d13963e322" publication-type="other">
Brauer M, Hoek G, Smit HA, de Jongste JC, Gerritsen J,
Postma DS, et al. 2007. Air pollution and development
of asthma, allergy and infections in a birth cohort. Eur
Respir J 29:879-888.</mixed-citation>
         </ref>
         <ref id="d13963e339a1310">
            <mixed-citation id="d13963e343" publication-type="other">
Brauer M, Hoek G, van Vliet P, Meliefste K, Fischer PH, Wijga A,
et al. 2002. Air pollution from traffic and the development of
respiratory infections and asthmatic and allergic symptoms
in children. Am J Respir Crit Care Med 166:1092-1098.</mixed-citation>
         </ref>
         <ref id="d13963e359a1310">
            <mixed-citation id="d13963e363" publication-type="other">
Brook RD, Franklin B, Cascio W, Hong Y, Howard G, Lipsett
M, et al. 2004. Air pollution and cardiovascular disease:
a statement for healthcare professionals from the Expert
Panel on Population and Prevention Science of the
American Heart Association. Circulation 109:2655-2671.</mixed-citation>
         </ref>
         <ref id="d13963e382a1310">
            <mixed-citation id="d13963e386" publication-type="other">
Delfino RJ, Staimer N, Tjoa T, Polidori A, Arhami M, Gillen DL,
et al. 2008. Circulating biomarkers of inflammation, anti-
oxidant activity, and platelet activation are associated
with primary combustion aerosols in subjects with coro-
nary artery disease. Environ Health Perspect 116:898-906.</mixed-citation>
         </ref>
         <ref id="d13963e405a1310">
            <mixed-citation id="d13963e409" publication-type="other">
Devalia JL, Bayram H, Rusznak C, Calderon M, Sapsford RJ,
Abdelaziz MA, et al. 1997. Mechanisms of pollution-
induced airway disease: in vitro studies in the upper and
lower airways. Allergy 52:45-51.</mixed-citation>
         </ref>
         <ref id="d13963e425a1310">
            <mixed-citation id="d13963e429" publication-type="other">
Diez Roux AV, Auchincloss AH, Astor B, Barr RG, Cushman M,
Dvonch T, et al. 2006. Recent exposure to particulate mat-
ter and C-reactive protein concentration in the multi-eth-
nic study of atherosclerosis. Am J Epidemiol 164:437-448.</mixed-citation>
         </ref>
         <ref id="d13963e445a1310">
            <mixed-citation id="d13963e449" publication-type="other">
Dubowsky SD, Suh H, Schwartz J, Coull BA, Gold DR. 2006.
Diabetes, obesity, and hypertension may enhance asso-
ciations between air pollution and markers of systemic
inflammation. Environ Health Perspect 114:992-998.</mixed-citation>
         </ref>
         <ref id="d13963e466a1310">
            <mixed-citation id="d13963e470" publication-type="other">
Ershler WB. 1993. lnterleukin-6: a cytokine for gerontologists.
J Am GeriatrSoc 41:176-181.</mixed-citation>
         </ref>
         <ref id="d13963e480a1310">
            <mixed-citation id="d13963e484" publication-type="other">
Frampton MW, Utell MJ, Zareba W, Oberdorster G, Cox C,
Huang LS, et al. 2004. Effects of exposure to ultrafine
carbon particles in healthy subjects and subjects with
asthma. Res Rep Health Eff Inst 126:1-47.</mixed-citation>
         </ref>
         <ref id="d13963e500a1310">
            <mixed-citation id="d13963e504" publication-type="other">
Fusco D, Forastiere F, Michelozzi P, Spadea T, Ostro B, Area M,
et al. 2001. Air pollution and hospital admissions for respi-
ratory conditions in Rome, Italy. Eur Respir J 17:1143-1150.</mixed-citation>
         </ref>
         <ref id="d13963e517a1310">
            <mixed-citation id="d13963e521" publication-type="other">
Ghio AJ, Hall A, Bassett MA, Cascio WE, Devlin RB. 2003.
Exposure to concentrated ambient air particles alters
hematologic indices in humans. Inhal Toxicol 15:1465-1478.</mixed-citation>
         </ref>
         <ref id="d13963e534a1310">
            <mixed-citation id="d13963e538" publication-type="other">
Gong H Jr, Sioutas C, Linn WS. 2003. Controlled exposures of
healthy and asthmatic volunteers to concentrated ambient
particles in metropolitan Los Angeles. Res Rep Health Eff
Inst 118:1-36.</mixed-citation>
         </ref>
         <ref id="d13963e554a1310">
            <mixed-citation id="d13963e558" publication-type="other">
Haff LJ. 1993. King County Road Standards. Seattle, WA:King
County, Department of Public Works.</mixed-citation>
         </ref>
         <ref id="d13963e569a1310">
            <mixed-citation id="d13963e573" publication-type="other">
Hofmann B, Bygbjerg I, Dickmeiss E, Faber V, Frederiksen
B, Gaub J, et al. 1989. Prognostic value of immunologic
abnormalities and HIV antigenemia in asymptomatic HIV-
infected individuals: proposal of immunologic staging.
Scand J Infect Dis 21:633-643.</mixed-citation>
         </ref>
         <ref id="d13963e592a1310">
            <mixed-citation id="d13963e596" publication-type="other">
Imai K, Matsuyama S, Miyake S, Suga K, Nakachi K. 2000.
Natural cytotoxic activity of peripheral-blood lymphocytes
and cancer incidence: an 11-year follow-up study of a
general population. Lancet 356:1795-1799.</mixed-citation>
         </ref>
         <ref id="d13963e612a1310">
            <mixed-citation id="d13963e616" publication-type="other">
Janeway CA Jr, Travers P, Walport M, Sholmchik MJ. 2005.
Immunobiology. New York:Garland Science Publishing.</mixed-citation>
         </ref>
         <ref id="d13963e626a1310">
            <mixed-citation id="d13963e630" publication-type="other">
Jerrett M, Arain A, Kanaroglou P, Beckerman B, Potoglou D,
Sahsuvaroglu T, et al. 2005. A review and evaluation of
intraurban air pollution exposure models. J Expo Anal
Environ Epidemiol 15:185-204.</mixed-citation>
         </ref>
         <ref id="d13963e646a1310">
            <mixed-citation id="d13963e650" publication-type="other">
Johnson BD, Kip KE, Marroquin OC, Ridker PM, Kelsey SF,
Shaw LJ, et al. 2004. Serum amyloid A as a predictor of
coronary artery disease and cardiovascular outcome in
women: the National Heart, Lung, and Blood Institute-
Sponsored Women's Ischemia Syndrome Evaluation
(WISE). Circulation 109:726-732.</mixed-citation>
         </ref>
         <ref id="d13963e673a1310">
            <mixed-citation id="d13963e677" publication-type="other">
Kondo E, Koda K, Takiguchi N, Oda K, Seike K, Ishizuka M, et al.
2003. Preoperative natural killer cell activity as a prognostic
factor for distant metastasis following surgery for colon
cancer. Dig Surg 20:445-451.</mixed-citation>
         </ref>
         <ref id="d13963e694a1310">
            <mixed-citation id="d13963e698" publication-type="other">
Kritchevsky SB, Cesari M, Pahor M. 2005. Inflammatory markers
and cardiovascular health in older adults. Cardiovasc Res
66:265-275.</mixed-citation>
         </ref>
         <ref id="d13963e711a1310">
            <mixed-citation id="d13963e715" publication-type="other">
Lebret E, Briggs D, van Reeuwijk H, Fischer P, Smallbone K,
Harssema H, et al. 2000. Small area variations in ambient
N02 concentrations in four European areas. Atmos Environ
34:177-185.</mixed-citation>
         </ref>
         <ref id="d13963e731a1310">
            <mixed-citation id="d13963e735" publication-type="other">
Levy SM, Herberman RB, Lee J, Whiteside T, Beadle M, Heiden
L, et al. 1991. Persistently low natural killer cell activity,
age, and environmental stress as predictors of infectious
morbidity. Nat Immun Cell Growth Regul 10:289-307.</mixed-citation>
         </ref>
         <ref id="d13963e751a1310">
            <mixed-citation id="d13963e755" publication-type="other">
Lin M, Stieb DM, Chen Y. 2005. Coarse particulate matter and
hospitalization for respiratory infections in children younger
than 15 years in Toronto: a case-crossover analysis.
Pediatrics 116:e235-e240.</mixed-citation>
         </ref>
         <ref id="d13963e771a1310">
            <mixed-citation id="d13963e775" publication-type="other">
McTiernan A, Ulrich CM, Yancey D, Slate S, Nakamura H,
Oestreicher N, et al. 1999. The Physical Activity for Total
Health (PATH) Study: rationale and design. Med Sci Sports
Exerc 31:1307-1312.</mixed-citation>
         </ref>
         <ref id="d13963e791a1310">
            <mixed-citation id="d13963e795" publication-type="other">
Mizutani Y, Okada Y, Terachi T, Yoshida 0. 1996. Prognostic
significance of circulating cytotoxic lymphocytes against
autologous tumors in patients with bladder cancer. J Urol
155:888-892.</mixed-citation>
         </ref>
         <ref id="d13963e812a1310">
            <mixed-citation id="d13963e816" publication-type="other">
Mokdad AH, Ford ES, Bowman BA, Dietz WH, Vinicor F, Bales
VS, et al. 2003. Prevalence of obesity, diabetes, and obesity-
related health risk factors, 2001. JAMA 289:76-79.</mixed-citation>
         </ref>
         <ref id="d13963e829a1310">
            <mixed-citation id="d13963e833" publication-type="other">
Morgenstem V, Zutavern A, Cyrys J, Brockow I, Gehring U,
Koletzko S, et al. 2007. Respiratory health and individual
estimated exposure to traffic-related air pollutants in a
cohort of young children. Occup Environ Med 64:8-16.</mixed-citation>
         </ref>
         <ref id="d13963e849a1310">
            <mixed-citation id="d13963e853" publication-type="other">
Ogata K, An E, Shioi Y, Nakamura K, Luo S, Yokose N, et al.
2001. Association between natural killer cell activity and
infection in immunologically normal elderly people. Clin
Exp Immunol 124:392-397.</mixed-citation>
         </ref>
         <ref id="d13963e869a1310">
            <mixed-citation id="d13963e873" publication-type="other">
Ogden CL, Carroll MD, Curtin LR, McDowell MA, Tabak CJ,
Flegal KM. 2006. Prevalence of overweight and obesity in
the United States, 1999-2004. JAMA 295:1549-1555.</mixed-citation>
         </ref>
         <ref id="d13963e886a1310">
            <mixed-citation id="d13963e890" publication-type="other">
Peters A, Frohlich M, Doring A, Immervoll T, Wichmann HE,
Hutchinson WL, et al. 2001. Particulate air pollution is asso-
ciated with an acute phase response in men; results from
the MONICA-Augsburg Study. Eur Heart J 22:1198-1204.</mixed-citation>
         </ref>
         <ref id="d13963e906a1310">
            <mixed-citation id="d13963e910" publication-type="other">
Pope CA III, Hansen ML, Long RW, Nielsen KR, Eatough NL,
Wilson WE, et al. 2004. Ambient particulate air pollution,
heart rate variability, and blood markers of inflammation
in a panel of elderly subjects. Environ Health Perspect
112:339-345.</mixed-citation>
         </ref>
         <ref id="d13963e930a1310">
            <mixed-citation id="d13963e934" publication-type="other">
Riediker M, Cascio WE, Griggs TR, Herbst MC, Bromberg PA,
Neas L, et al. 2004. Particulate matter exposure in cars is
associated with cardiovascular effects in healthy young
men. Am J Respir Crit Care Med 169:934-940.</mixed-citation>
         </ref>
         <ref id="d13963e950a1310">
            <mixed-citation id="d13963e954" publication-type="other">
Roorda-Knape MC, Janssen NA, de Hartog J, van Vliet PH,
Harssema H, Brunekreef B. 1999. Traffic related air pol-
lution in city districts near motorways. Sci Total Environ
235:339-341.</mixed-citation>
         </ref>
         <ref id="d13963e970a1310">
            <mixed-citation id="d13963e974" publication-type="other">
Ruckerl R, Ibald-Mulli A, Koenig W, Schneider A, Woelke G,
Cyrys J, et al. 2006. Air pollution and markers of inflam-
mation and coagulation in patients with coronary heart
disease. Am J Respir Crit Care Med 173:432-441.</mixed-citation>
         </ref>
         <ref id="d13963e990a1310">
            <mixed-citation id="d13963e994" publication-type="other">
Schellekens PT, Roos MT, De Wolf F, Lange JM, Miedema F.
1990. Low T-cell responsiveness to activation via CD3/TCR
is a prognostic marker for acquired immunodeficiency syn-
drome (AIDS) in human immunodeficiency virus-1 (HIV-1)-
infected men. J Clin Immunol 10:121-127.</mixed-citation>
         </ref>
         <ref id="d13963e1013a1310">
            <mixed-citation id="d13963e1017" publication-type="other">
Seaton A, Soutar A, Crawford V, Elton R, McNerlan S, Cherrie
J, et al. 1999. Particulate air pollution and the blood.
Thorax 54:1027-1032.</mixed-citation>
         </ref>
         <ref id="d13963e1030a1310">
            <mixed-citation id="d13963e1034" publication-type="other">
Seattle Department of Transportation. 2007. Street Classification
Maps. Available: http://www.seattle.gov/transportation/
streetclassmaps.htm [accessed 1 October 2007].</mixed-citation>
         </ref>
         <ref id="d13963e1048a1310">
            <mixed-citation id="d13963e1052" publication-type="other">
Shade ED, Ulrich CM, Wener MH, Wood B, Yasui Y, LaCroix K,
et al. 2004. Frequent intentional weight loss is associated
with lower natural killer cell cytotoxicity in postmenopausal
women: possible long-term immune effects. J Am Diet
Assoc 104:903-912.</mixed-citation>
         </ref>
         <ref id="d13963e1071a1310">
            <mixed-citation id="d13963e1075" publication-type="other">
U.S. Census Bureau. 2002. Census 2000 Summary File
3—Washington State. Available: http://www2.census.
gov/census_2000/datasets/Summary_File_3/Washington/
[accessed 15 December 2007].</mixed-citation>
         </ref>
         <ref id="d13963e1091a1310">
            <mixed-citation id="d13963e1095" publication-type="other">
U.S. EPA. 2002. Health Assessment Document for Diesel
Engine Exhaust. EPA/600/8-90/057F. Washington, DC:U.S.
Environmental Protection Agency, Office of Research
and Development, National Center for Environmental
Assessment.</mixed-citation>
         </ref>
         <ref id="d13963e1114a1310">
            <mixed-citation id="d13963e1118" publication-type="other">
University of Washington. 2007. WAGDA (Washington State
Geospatial Data Archive). Available: http://wagda.lib.
washington.edu/ [accessed 15 December 2007].</mixed-citation>
         </ref>
         <ref id="d13963e1131a1310">
            <mixed-citation id="d13963e1135" publication-type="other">
Vedhara K, Fox JD, Wang EC. 1999. The measurement of stress-
related immune dysfunction in psychoneuroimmunology.
Neurosci Biobehav Rev 23:699-715.</mixed-citation>
         </ref>
         <ref id="d13963e1148a1310">
            <mixed-citation id="d13963e1152" publication-type="other">
White RH, Spengler JD, Dilwali KM, Barry BE, Samet JM. 2005.
Report of workshop on traffic, health, and infrastructure
planning. Arch Environ Occup Health 60:70-76.</mixed-citation>
         </ref>
         <ref id="d13963e1166a1310">
            <mixed-citation id="d13963e1170" publication-type="other">
Yeh ET, Willerson JT. 2003. Coming of age of C-reactive pro-
tein: using inflammation markers in cardiology. Circulation
107:370-371.</mixed-citation>
         </ref>
         <ref id="d13963e1183a1310">
            <mixed-citation id="d13963e1187" publication-type="other">
Yue W, Schneider A, Stolzel M, Ruckerl R, Cyrys J, Pan X, et al.
2007. Ambient source-specific particles are associated
with prolonged repolarization and increased levels of
inflammation in male coronary artery disease patients.
Mutat Res 621:50-60.</mixed-citation>
         </ref>
         <ref id="d13963e1206a1310">
            <mixed-citation id="d13963e1210" publication-type="other">
Zeka A, Sullivan JR, Vokonas PS, Sparrow D, Schwartz J.
2006. Inflammatory markers and particulate air pollution:
characterizing the pathway to disease. Int J Epidemiol
35:1347-1354.</mixed-citation>
         </ref>
         <ref id="d13963e1226a1310">
            <mixed-citation id="d13963e1230" publication-type="other">
Zhu Y, Hinds WC, Kim S, Sioutas C. 2002. Concentration and
size distribution of ultrafine particles near a major high-
way. J Air Waste Manag Assoc 52:1032-1042.</mixed-citation>
         </ref>
      </ref-list>
   </back>
</article>
