<article xmlns:xsi="http://www.w3.org/2001/XMLSchema-instance"
         xmlns:xlink="http://www.w3.org/1999/xlink"
         xmlns:mml="http://www.w3.org/1998/Math/MathML"
         dtd-version="1.0"
         article-type="research-article">
   <front>
      <journal-meta>
         <journal-id journal-id-type="jstor">envihealpers</journal-id>
         <journal-id journal-id-type="jstor">j100482</journal-id>
         <journal-title-group>
            <journal-title>Environmental Health Perspectives</journal-title>
         </journal-title-group>
         <publisher>
            <publisher-name>National Institute of Environmental Health Sciences. National Institutes of Health. Department of Health, Education and Welfare</publisher-name>
         </publisher>
         <issn pub-type="ppub">00916765</issn>
      </journal-meta>
      <article-meta>
         <article-id pub-id-type="jstor">25478136</article-id>
         <article-id pub-id-type="pub-doi">10.1289/ehp.0800329</article-id>
         <article-categories>
            <subj-group>
               <subject>Perspectives</subject>
               <subj-group>
                  <subject>Correspondence</subject>
               </subj-group>
            </subj-group>
         </article-categories>
         <title-group>
            <article-title>Linear Low-Dose Extrapolation for Noncancer Responses Is Not Generally Appropriate</article-title>
         </title-group>
         <contrib-group>
            <contrib>
               <string-name>
                  <given-names>Lorenz R.</given-names>
                  <surname>Rhomberg</surname>
               </string-name>
            </contrib>
         </contrib-group>
         <pub-date>
            <day>1</day>
            <month>4</month>
            <year>2009</year>
         </pub-date>
         <volume>117</volume>
         <issue>4</issue>
         <issue-id>i25478131</issue-id>
         <fpage>A141</fpage>
         <lpage>A142</lpage>
         <self-uri xlink:href="http://www.jstor.org/stable/25478136"/>
         <custom-meta-group>
            <custom-meta>
               <meta-name>lang</meta-name>
               <meta-value>eng</meta-value>
            </custom-meta>
         </custom-meta-group>
      </article-meta>
   </front>
   <back>
      <ref-list>
         <title>References</title>
         <ref id="d4731e120a1310">
            <mixed-citation id="d4731e124" publication-type="other">
Rhomberg LR. 2004. Mechanistic considerations in the har-
monization of dose-response methodology: the role of
redundancy at different levels of biological organiza-
tion. In: Risk Analysis and Society: An Interdisciplinary
Characterization of the Field (McDaniels TL, Small MJ,
eds). New York:Cambridge University Press.</mixed-citation>
         </ref>
         <ref id="d4731e147a1310">
            <mixed-citation id="d4731e151" publication-type="other">
White RH, Cote I, Zeise L, Fox M, Dominici F, Burke TA,
White PD, Hattis DB, Samet JM. 2009. State-of-the-
science workshop report: issues and approaches in low
dose-response extrapolation for environmental health
risk assessment. Environ Health Perspect 117:283-287.</mixed-citation>
         </ref>
      </ref-list>
   </back>
</article>
