<article xmlns:xsi="http://www.w3.org/2001/XMLSchema-instance"
         xmlns:xlink="http://www.w3.org/1999/xlink"
         xmlns:mml="http://www.w3.org/1998/Math/MathML"
         dtd-version="1.0"
         article-type="research-article">
   <front>
      <journal-meta>
         <journal-id journal-id-type="jstor">envihealpers</journal-id>
         <journal-id journal-id-type="jstor">j100482</journal-id>
         <journal-title-group>
            <journal-title>Environmental Health Perspectives</journal-title>
         </journal-title-group>
         <publisher>
            <publisher-name>National Institute of Environmental Health Sciences. National Institutes of Health. Department of Health, Education and Welfare</publisher-name>
         </publisher>
         <issn pub-type="ppub">00916765</issn>
      </journal-meta>
      <article-meta>
         <article-id pub-id-type="jstor">25472578</article-id>
         <article-id pub-id-type="pub-doi">10.1289/ehp.0800276R</article-id>
         <article-categories>
            <subj-group>
               <subject>Perspectives</subject>
               <subj-group>
                  <subject>Correspondence</subject>
               </subj-group>
            </subj-group>
         </article-categories>
         <title-group>
            <article-title>RDX and miRNA Expression: Zhang and Pan Respond</article-title>
         </title-group>
         <contrib-group>
            <contrib>
               <string-name>
                  <given-names>Baohong</given-names>
                  <surname>Zhang</surname>
               </string-name>
            </contrib>
            <contrib>
               <string-name>
                  <given-names>Xiaoping</given-names>
                  <surname>Pan</surname>
               </string-name>
            </contrib>
         </contrib-group>
         <pub-date>
            <day>1</day>
            <month>3</month>
            <year>2009</year>
         </pub-date>
         <volume>117</volume>
         <issue>3</issue>
         <issue-id>i25472574</issue-id>
         <fpage>A98</fpage>
         <lpage>A99</lpage>
         <self-uri xlink:href="http://www.jstor.org/stable/25472578"/>
         <custom-meta-group>
            <custom-meta>
               <meta-name>lang</meta-name>
               <meta-value>eng</meta-value>
            </custom-meta>
         </custom-meta-group>
      </article-meta>
   </front>
   <back>
      <ref-list>
         <title>References</title>
         <ref id="d13711e132a1310">
            <mixed-citation id="d13711e136" publication-type="other">
Binder DK, Croll SD, Gall CM, Scharfman HE. 2001. BDNF and
epilepsy: too much of a good thing? Trends Neurosci
24:47-53.</mixed-citation>
         </ref>
         <ref id="d13711e149a1310">
            <mixed-citation id="d13711e153" publication-type="other">
Burdette LJ, Cook LL, Dyer RS. 1988. Convulsant properties of
cyclotrimethylenetrinitramine (RDX): spontaneous audio-
genic, and amygdaloid kindled seizure activity. Toxicol
Appl Pharmacol 92:436-444.</mixed-citation>
         </ref>
         <ref id="d13711e169a1310">
            <mixed-citation id="d13711e173" publication-type="other">
Fattori V, Abe SI, Kobayashi K, Costa LG, Tsuji R. 2008. Effects
of postnatal ethanol exposure on neurotrophic factors
and signal transduction pathways in rat brain. J Appl
Toxicol 28:370-376.</mixed-citation>
         </ref>
         <ref id="d13711e189a1310">
            <mixed-citation id="d13711e193" publication-type="other">
Kalscheuer S, Zhang X, Zeng Y, Upadhyaya P. 2008. Differential
expression of microRNAs in early-stage neoplastic trans-
formation in the lungs of F344 rats chronically treated
with the tobacco carcinogen 4-(methylnitrosamino)-1-(3-
pyridylH-butanone. Carcinogenesis 29:2394-2399.</mixed-citation>
         </ref>
         <ref id="d13711e213a1310">
            <mixed-citation id="d13711e217" publication-type="other">
Lish PM, Levine BS, Furedi-Machacek EM, Sagartz EM,
Rac VS. 1984. Determination of the Chronic Mammalian
Toxicological Effects of RDX: Twenty-four Month Chronic
Toxicity/carcinogenicity Study of Hexahydro-1,3,5-
triazine (RDX) in the B6C3F1 Hybrid Mouse. AD A160774.
Chicago:U.S. Army Medical Research and Development
Command.</mixed-citation>
         </ref>
         <ref id="d13711e243a1310">
            <mixed-citation id="d13711e247" publication-type="other">
Ma L, Teruya-Feldstein J, Weinberg RA. 2007. Tumour inva-
sion and metastasis initiated by microRNA-10b in breast
cancer. Nature 449:682-688.</mixed-citation>
         </ref>
         <ref id="d13711e260a1310">
            <mixed-citation id="d13711e264" publication-type="other">
Mattson MP. 2007. Excitotoxins. In: Encyclopedia of Stress
(Fink G, ed). New York:Academic Press, 975-982.</mixed-citation>
         </ref>
         <ref id="d13711e274a1310">
            <mixed-citation id="d13711e280" publication-type="other">
Mellios N, Huang H-S, Grigorenko A, Rogaev E, Akbarian S.
2008. A set of differentially expressed miRNAs, including
miR-30a-5p, act as post-transcriptional inhibitors of BDNF
in prefrontal cortex. Hum Mol Genet 17:3030-3042.</mixed-citation>
         </ref>
         <ref id="d13711e296a1310">
            <mixed-citation id="d13711e300" publication-type="other">
Nawa H, Carnahan J, Gall C. 1995. BDNF protein measured by
a novel enzyme immunoassay in normal brain and after
seizure: partial disagreement with mRNA levels. Eur J
Neurosci 7:1527-1535.</mixed-citation>
         </ref>
         <ref id="d13711e316a1310">
            <mixed-citation id="d13711e320" publication-type="other">
Sathyan P, Golden HB, Miranda RC. 2007. Competing inter-
actions between micro-RNAs determine neural proge-
nitor survival and proliferation after ethanol exposure:
evidence from an ex vivo model of the fetal cerebral
cortical neuroepithelium. J Neurosci 27:8546-8557.</mixed-citation>
         </ref>
         <ref id="d13711e340a1310">
            <mixed-citation id="d13711e344" publication-type="other">
Schneider NR, Bradley SL, Andersen ME. 1978. The distri-
bution and metabolism of cyclotrimethylenetrinitramine
(RDX) in the rat after subchronic administration. Toxicol
Appl Pharmacol 46:163-171.</mixed-citation>
         </ref>
         <ref id="d13711e360a1310">
            <mixed-citation id="d13711e364" publication-type="other">
Seimiya H. 2006. The telomeric PARP, tankyrases, as targets
for cancer therapy. Br J Cancer 94:341-345.</mixed-citation>
         </ref>
         <ref id="d13711e374a1310">
            <mixed-citation id="d13711e378" publication-type="other">
Shetty AK, Zaman V, Shetty GA. 2003. Hippocampal neuro-
trophin levels in a kainate model of temporal lobe
epilepsy: a lack of correlation between brain-derived
neurotrophic factor content and progression of aberrant
dentate mossy fiber sprouting. J Neurochem 87:147-159.</mixed-citation>
         </ref>
         <ref id="d13711e397a1310">
            <mixed-citation id="d13711e401" publication-type="other">
Simon DJ, Madison JM, Conery AL, Thompson-Peer KL,
Soskis M, Ruvkun GB, et al. 2008. The MicroRNA miR-1
regulates a MEF-2-dependent retrograde signal at neuro-
muscular junctions. Cell 133:903-915.</mixed-citation>
         </ref>
         <ref id="d13711e417a1310">
            <mixed-citation id="d13711e421" publication-type="other">
Takamizawa J, Konishi H, Yanagisawa K, Tomida S,
Osada H, Endoh H, et al. 2004. Reduced expression of
the let-7 microRNAs in human lung cancers in associa-
tion with shortened postoperative survival. Cancer Res
64:3753-3756.</mixed-citation>
         </ref>
         <ref id="d13711e440a1310">
            <mixed-citation id="d13711e444" publication-type="other">
van de Vijver MJ, He YD, van 't Veer LJ, Dai H, Hart AAM,
Voskuil DW, et al. 2002. A gene-expression signature as
a predictor of survival in breast cancer. N Engl J Med
347:1999-2009.</mixed-citation>
         </ref>
         <ref id="d13711e461a1310">
            <mixed-citation id="d13711e465" publication-type="other">
Viberg H, Mundy W, Eriksson P. 2008. Neonatal exposure
to decabrominated diphenyl ether (PBDE209) results in
changes in BDNF, CaMKII and GAP-43, biochemical sub-
strates of neuronal survival, growth, and synaptogenesis.
Neurotoxicology 29:152-159.</mixed-citation>
         </ref>
         <ref id="d13711e484a1310">
            <mixed-citation id="d13711e488" publication-type="other">
Zhang B, Pan X. 2009. RDX induces aberrant expression
of microRNAs in mouse rrain and liver. Environ Health
Perspect 117:231-240.</mixed-citation>
         </ref>
         <ref id="d13711e501a1310">
            <mixed-citation id="d13711e505" publication-type="other">
Zhang BH, Pan XP, Cobb GP, Anderson TA. 2007. microRNAs
as oncogenes and tumor suppressors. Dev Biol 302:1-12.</mixed-citation>
         </ref>
      </ref-list>
   </back>
</article>
