<article xmlns:xsi="http://www.w3.org/2001/XMLSchema-instance"
         xmlns:xlink="http://www.w3.org/1999/xlink"
         xmlns:mml="http://www.w3.org/1998/Math/MathML"
         dtd-version="1.0"
         article-type="research-article">
   <front>
      <journal-meta>
         <journal-id journal-id-type="jstor">envihealpers</journal-id>
         <journal-id journal-id-type="jstor">j100482</journal-id>
         <journal-title-group>
            <journal-title>Environmental Health Perspectives</journal-title>
         </journal-title-group>
         <publisher>
            <publisher-name>National Institute of Environmental Health Sciences. National Institutes of Health. Department of Health, Education and Welfare</publisher-name>
         </publisher>
         <issn pub-type="ppub">00916765</issn>
      </journal-meta>
      <article-meta>
         <article-id pub-id-type="jstor">25472594</article-id>
         <article-id pub-id-type="pub-doi">10.1289/ehp.11380</article-id>
         <article-categories>
            <subj-group>
               <subject>Research</subject>
            </subj-group>
         </article-categories>
         <title-group>
            <article-title>Concentrated Ambient Particles Alter Myocardial Blood Flow during Acute Ischemia in Conscious Canines</article-title>
         </title-group>
         <contrib-group>
            <contrib>
               <string-name>
                  <given-names>Carlo R.</given-names>
                  <surname>Bartoli</surname>
               </string-name>
            </contrib>
            <contrib>
               <string-name>
                  <given-names>Gregory A.</given-names>
                  <surname>Wellenius</surname>
               </string-name>
            </contrib>
            <contrib>
               <string-name>
                  <given-names>Brent A.</given-names>
                  <surname>Coull</surname>
               </string-name>
            </contrib>
            <contrib>
               <string-name>
                  <given-names>Ichiro</given-names>
                  <surname>Akiyama</surname>
               </string-name>
            </contrib>
            <contrib>
               <string-name>
                  <given-names>Edgar A.</given-names>
                  <surname>Diaz</surname>
               </string-name>
            </contrib>
            <contrib>
               <string-name>
                  <given-names>Joy</given-names>
                  <surname>Lawrence</surname>
               </string-name>
            </contrib>
            <contrib>
               <string-name>
                  <given-names>Kazunori</given-names>
                  <surname>Okabe</surname>
               </string-name>
            </contrib>
            <contrib>
               <string-name>
                  <given-names>Richard L.</given-names>
                  <surname>Verrier</surname>
               </string-name>
            </contrib>
            <contrib>
               <string-name>
                  <given-names>John J.</given-names>
                  <surname>Godleski</surname>
               </string-name>
            </contrib>
         </contrib-group>
         <pub-date>
            <day>1</day>
            <month>3</month>
            <year>2009</year>
         </pub-date>
         <volume>117</volume>
         <issue>3</issue>
         <issue-id>i25472574</issue-id>
         <fpage>333</fpage>
         <lpage>337</lpage>
         <self-uri xlink:href="http://www.jstor.org/stable/25472594"/>
         <abstract>
            <p>Background: Experimental and observational studies have demonstrated that short-term exposure to ambient particulate matter (PM) exacerbates myocardial ischemia. Objectives: We conducted this study to investigate the effects of concentrated ambient particles (CAPs) on myocardial blood flow during myocardial ischemia in chronically instrumented conscious canines. Methods: Eleven canines were instrumented with a ballon occluder around the left anterior descending coronary artery and catheters for determination of myocardial blood flow using fluorescent microspheres. Telemetric electrocardiographic and blood pressure monitoring was available for four of these animals. After recovery, we exposed animals by inhalation to 5 hr of either filtered air or CAPs (mean concentration ± SD, 349.0 ± 282.26 μg/m³) in a crossover protocol. We determined myocardial blood flow during a 5-min coronary artery occlusion immediately after each exposure. Data were analyzed using mixed models for repeated measures. The primary analysis was based on four canines that completed the protocol. Results: CAPs exposure decreased total myocardial blood flow during coronary artery occlusion by 0.12 mL/min/g (p &lt; 0.001) and was accompanied by a 13% (p &lt; 0.001) increase in coronary vascular resistance. Rate-pressure product, an index of myocardial oxygen demand, did not differ by exposure (p = 0.90). CAPs effects on myocardial blood flow were significantly more pronounced in myocardium within or near the ischemic zone versus more remote myocardium (p interaction &lt; 0.001). Conclusions: These results suggest that PM exacerbates myocardial ischemia by increased coronary vascular resistance and decreased myocardial perfusion. Further studies are needed to elucidate the mechanism of these effects.</p>
         </abstract>
         <kwd-group>
            <kwd>Coronary vasoconstriction</kwd>
            <kwd>Microspheres</kwd>
            <kwd>Myocardial blood flow</kwd>
            <kwd>Myocardial ischemia</kwd>
            <kwd>Particulate air pollution</kwd>
         </kwd-group>
         <custom-meta-group>
            <custom-meta>
               <meta-name>lang</meta-name>
               <meta-value>eng</meta-value>
            </custom-meta>
         </custom-meta-group>
      </article-meta>
   </front>
   <back>
      <ref-list>
         <title>References</title>
         <ref id="d13879e274a1310">
            <mixed-citation id="d13879e278" publication-type="other">
Bartoli CR, Akiyama I, Okabe K, Diaz EA, Godleski JJ. 2008a.
Permanent tracheostomy for long-term respiratory studies.
J Surg Res 145(1 ):124-129.</mixed-citation>
         </ref>
         <ref id="d13879e291a1310">
            <mixed-citation id="d13879e295" publication-type="other">
Bartoli CR, Okabe K, Akiyama I, Coull B, Godleski JJ. 2008b.
Repeat microsphere delivery for serial measurement of
regional blood perfusion in the chronically instrumented,
conscious canine. J Surg Res 145(1):135-141.</mixed-citation>
         </ref>
         <ref id="d13879e311a1310">
            <mixed-citation id="d13879e315" publication-type="other">
Billinger M, Fleisch M, Eberli FR, Garachemani A, Meier B,
Seiler C. 1999. Is the development of myocardial toler-
ance to repeated ischemia in humans due to precondi-
tioning or to collateral recruitment? J Am Coll Cardiol
33(4):1027-1035.</mixed-citation>
         </ref>
         <ref id="d13879e334a1310">
            <mixed-citation id="d13879e338" publication-type="other">
Brook RD, Brook JR, Urch B, Vincent R, Rajagopalan S,
Silverman F. 2002. Inhalation of fine particulate air pollu-
tion and ozone causes acute arterial vasoconstriction in
healthy adults. Circulation 105(13): 1534-1536.</mixed-citation>
         </ref>
         <ref id="d13879e355a1310">
            <mixed-citation id="d13879e361" publication-type="other">
Brook RD, Franklin B, Cascio W, Hong Y, Howard G, Lipsett
M, et al. 2004. Air pollution and cardiovascular disease:
a statement for healthcare professionals from the Expert
Panel on Population and Prevention Science of the
American Heart Association. Circulation 109(21 ):2655—2671.</mixed-citation>
         </ref>
         <ref id="d13879e380a1310">
            <mixed-citation id="d13879e384" publication-type="other">
Campen MJ, Babu NS, Helms GA, Pett S, Wernly J, Mehran R,
et al. 2005. Nonparticulate components of diesel exhaust
promote constriction in coronary arteries from ApoE~'~
mice. Toxicol Sci 88(1):95-102.</mixed-citation>
         </ref>
         <ref id="d13879e400a1310">
            <mixed-citation id="d13879e404" publication-type="other">
Coleridge JC, Coleridge HM. 1984. Afferent vagal C fibre innerva-
tion of the lungs and airways and its functional significance.
Rev Physiol Biochem Pharmacol 99:1-110.</mixed-citation>
         </ref>
         <ref id="d13879e417a1310">
            <mixed-citation id="d13879e421" publication-type="other">
D'lppoliti D, Forastiere F, Ancona C, Agabiti N, Fusco D, Michelozzi
P, et al. 2003. Air pollution and myocardial infarction in Rome:
a case-crossover analysis. Epidemiology 14(5):528-535.</mixed-citation>
         </ref>
         <ref id="d13879e434a1310">
            <mixed-citation id="d13879e438" publication-type="other">
Dockery DW, Luttmann-Gibson H, Rich DQ, Link MS,
Mittleman MA, Gold DR, et al. 2005. Association of air
pollution with increased incidence of ventricular tachy-
arrhythmias recorded by implanted cardioverter defibrilla-
tors. Environ Health Perspect 113:670-674.</mixed-citation>
         </ref>
         <ref id="d13879e457a1310">
            <mixed-citation id="d13879e461" publication-type="other">
Fitzmaurice GM, Laird NM, Ware JH. 2004. Applied Longitudinal
Analysis. Hoboken, NJ:Wiley-lnterscience.</mixed-citation>
         </ref>
         <ref id="d13879e472a1310">
            <mixed-citation id="d13879e476" publication-type="other">
Godleski JJ, Verrier RL, Koutrakis P, Catalano P, Coull B,
Reinisch U, et al. 2000. Mechanisms of morbidity and mor-
tality from exposure to ambient air particles. Res Rep
Health Eff Inst 91:5-88.</mixed-citation>
         </ref>
         <ref id="d13879e492a1310">
            <mixed-citation id="d13879e496" publication-type="other">
Gold DR, Litonjua AA, Zanobetti A, Coull BA, Schwartz J,
MacCallum G, et al. 2005. Air pollution and ST-segment
depression in elderly subjects. Environ Health Perspect
113:883-887.</mixed-citation>
         </ref>
         <ref id="d13879e512a1310">
            <mixed-citation id="d13879e516" publication-type="other">
Klassen CL, Traverse JH, Bache RJ. 1999. Nitroglycerin dilates
coronary collateral vessels during exercise after block-
ade of endogenous NO production. Am J Physiol 277(3 Pt
2):H918-H923.</mixed-citation>
         </ref>
         <ref id="d13879e532a1310">
            <mixed-citation id="d13879e536" publication-type="other">
Mills NL, Tornqvist H, Gonzalez MC, Vink E, Robinson SD,
Soderberg S, et al. 2007. Ischemic and thrombotic effects
of dilute diesel-exhaust inhalation in men with coronary
heart disease. N Engl J Med 357(11):1075-1082.</mixed-citation>
         </ref>
         <ref id="d13879e552a1310">
            <mixed-citation id="d13879e556" publication-type="other">
Mittleman MA. 2007. Air pollution, exercise, and cardiovascular
risk. N Engl J Med 357(11): 1147-1149.</mixed-citation>
         </ref>
         <ref id="d13879e566a1310">
            <mixed-citation id="d13879e572" publication-type="other">
Pekkanen J, Peters A, Hoek G, Tiittanen P, Brunekreef B,
de Hartog J, et al. 2002. Particulate air pollution and risk
of ST-segment depression during repeated submaximal
exercise tests among subjects with coronary heart dis-
ease: the Exposure and Risk Assessment for Fine and
Ultrafine Particles in Ambient Air (ULTRA) study. Circulation
106(8):933-938.</mixed-citation>
         </ref>
         <ref id="d13879e599a1310">
            <mixed-citation id="d13879e603" publication-type="other">
Peters A, Dockery DW, Muller JE, Mittleman MA. 2001.
Increased particulate air pollution and the triggering of
myocardial infarction. Circulation 103{23):2810—2815.</mixed-citation>
         </ref>
         <ref id="d13879e616a1310">
            <mixed-citation id="d13879e620" publication-type="other">
Pope CA III, Muhlestein JB, May HT, Renlund D6, Anderson JL,
Home BD. 2006. Ischemic heart disease events triggered
by short-term exposure to fine particulate air pollution.
Circulation 114(23):2443-2448.</mixed-citation>
         </ref>
         <ref id="d13879e636a1310">
            <mixed-citation id="d13879e640" publication-type="other">
R Development Core Team. 2005. R: A Language and
Environment for Statistical Computing. Vienna, Austria:R
Foundation for Statistical Computing.</mixed-citation>
         </ref>
         <ref id="d13879e653a1310">
            <mixed-citation id="d13879e657" publication-type="other">
Rich DQ, Schwartz J, Mittleman MA, Link M, Luttmann-Gibson H,
Catalano PJ, et al. 2005. Association of short-term ambient
air pollution concentrations and ventricular arrhythmias.
AmJ Epidemiol 161(12):1123-1132.</mixed-citation>
         </ref>
         <ref id="d13879e673a1310">
            <mixed-citation id="d13879e677" publication-type="other">
Rooke GA, Feigl EO. 1982. Work as a correlate of canine left
ventricular oxygen consumption, and the problem of cate-
cholamine oxygen wasting. Circ Res 50(2):273-286.</mixed-citation>
         </ref>
         <ref id="d13879e690a1310">
            <mixed-citation id="d13879e694" publication-type="other">
Shen W, Lundborg M, Wang J, Stewart JM, Xu X, Ochoa M,
et al. 1994. Role of EDRF in the regulation of regional blood
flow and vascular resistance at rest and during exercise
in conscious dogs. J Appl Physiol 77(1):165—172.</mixed-citation>
         </ref>
         <ref id="d13879e711a1310">
            <mixed-citation id="d13879e715" publication-type="other">
Sioutas C, Koutrakis P, Burton RM. 1995. A technique to expose
animals to concentrated fine ambient aerosols. Environ
Health Perspect 103:172-177.</mixed-citation>
         </ref>
         <ref id="d13879e728a1310">
            <mixed-citation id="d13879e732" publication-type="other">
Traverse JH, Kinn JW, Klassen C, Duncker DJ, Bache RJ. 1998.
Nitric oxide inhibition impairs blood flow during exercise
in hearts with a collateral-dependent myocardial region.
J Am Coll Cardiol 31 (1):67-74.</mixed-citation>
         </ref>
         <ref id="d13879e748a1310">
            <mixed-citation id="d13879e752" publication-type="other">
Vinten-Johansen J, Zhao ZQ, Jiang R, Zatta AJ, Dobson GP.
2007. Preconditioning and postconditioning: innate cardio-
protection from ischemia-reperfusion injury. J Appl Physiol
103(4):1441-1448.</mixed-citation>
         </ref>
         <ref id="d13879e768a1310">
            <mixed-citation id="d13879e772" publication-type="other">
Wellenius GA, Coull BA, Godleski JJ, Koutrakis P, Okabe K,
Savage ST, et al. 2003. inhalation of concentrated ambient
air particles exacerbates myocardial ischemia in conscious
dogs. Environ Health Perspect 111:402-408.</mixed-citation>
         </ref>
         <ref id="d13879e788a1310">
            <mixed-citation id="d13879e792" publication-type="other">
Zanobetti A, Schwartz J. 2005. The effect of particulate air
pollution on emergency admissions for myocardial infarc-
tion: a multicity case-crossover analysis. Environ Health
Perspect 113:978-982.</mixed-citation>
         </ref>
      </ref-list>
   </back>
</article>
